Car_ID,Brand,Model,Year,Mileage,Price_USD,Fuel_Type,Engine_Size_L,Horsepower,Transmission,Num_Previous_Owners,Accident_History,Service_Records,Days_Since_Last_Service,Tire_Tread_Depth_mm,Condition_Score,Color,Market_Segment
CAR_00001,Lexus,RX,2018,29325,36732,Diesel,2.1,159,Automatic,1,0,6,56,6.5,6.7,White,Premium
CAR_00002,Ford,Explorer,2006,150629,5384,Gasoline,3.5,209,Automatic,1,0,13,256,5.9,6.0,Gray,Economy
CAR_00003,Ford,Mustang,2018,35561,10811,Hybrid,2.3,133,Automatic,3,0,12,191,3.6,7.7,Silver,Economy
CAR_00004,Chevrolet,Silverado,2024,44188,26616,Gasoline,1.8,111,Automatic,0,1,7,11,8.4,9.7,White,Mid-Range
CAR_00005,Porsche,Taycan,2014,60022,29130,Diesel,2.4,160,Automatic,2,1,6,12,8.2,5.8,Gray,Mid-Range
CAR_00006,Land Rover,Defender,2016,31981,25247,Gasoline,2.4,119,Automatic,0,0,4,211,6.0,6.1,Brown,Mid-Range
CAR_00007,Volkswagen,Jetta,2012,48060,10174,Gasoline,2.2,122,Automatic,1,0,2,103,7.0,6.2,Blue,Economy
CAR_00008,Honda,CR-V,2015,54550,11660,Hybrid,2.7,169,Automatic,0,0,10,92,5.1,6.9,White,Economy
CAR_00009,Toyota,Highlander,2013,54443,15540,Gasoline,2.2,136,Automatic,2,0,9,13,9.5,6.9,Black,Economy
CAR_00010,Porsche,Taycan,2024,57672,45132,Gasoline,3.5,201,Manual,2,0,8,28,4.9,6.4,Brown,Premium
CAR_00012,Kia,Sorento,2013,22971,17110,Gasoline,2.5,187,Automatic,2,1,11,7,5.5,3.7,Black,Economy
CAR_00013,Toyota,Camry,2003,33485,4508,Hybrid,2.4,136,CVT,1,1,5,0,6.2,7.0,Silver,Economy
CAR_00014,Jeep,Wrangler,2017,20657,14546,Gasoline,2.3,151,Automatic,0,1,7,115,7.6,8.7,White,Economy
CAR_00015,Toyota,Corolla,2016,21766,14258,Gasoline,1.6,80,CVT,1,0,11,126,9.8,8.8,Orange,Economy
CAR_00016,Tesla,Model 3,2005,6929,13179,Gasoline,3.4,220,Automatic,1,0,9,9,7.9,7.4,Yellow,Economy
CAR_00017,Land Rover,Defender,2020,26105,34956,Diesel,2.8,149,Automatic,1,0,10,85,4.8,6.4,Black,Mid-Range
CAR_00018,Jeep,Renegade,2004,91564,4188,Gasoline,1.6,98,Manual,0,0,11,282,6.6,3.9,Black,Economy
CAR_00019,Mercedes,S-Class,2007,40906,16084,Gasoline,1.1,80,Automatic,2,0,12,27,7.3,8.2,Yellow,Economy
CAR_00020,Toyota,Camry,2004,42977,10841,Hybrid,3.4,140,Automatic,0,0,8,35,5.5,6.5,Green,Economy
CAR_00021,Volvo,XC60,2020,15019,29925,Gasoline,4.1,222,CVT,1,0,7,376,2.4,6.8,Brown,Mid-Range
CAR_00022,Mercedes,E-Class,2011,45452,25199,Gasoline,3.1,202,Manual,0,0,12,35,9.0,9.1,Black,Mid-Range
CAR_00023,Porsche,Cayenne,2000,18039,8674,Gasoline,2.8,148,CVT,2,0,3,171,6.1,9.2,Blue,Economy
CAR_00024,BMW,7 Series,2015,38113,30083,Diesel,1.2,80,Automatic,1,0,6,249,7.2,8.2,White,Mid-Range
CAR_00025,Ford,Focus,2009,43961,5731,Diesel,2.4,147,Automatic,3,0,5,184,7.2,5.6,Black,Economy
CAR_00026,Nissan,Pathfinder,2023,91319,13908,Gasoline,3.2,184,Automatic,0,0,7,70,5.6,8.0,Red,Economy
CAR_00027,Ford,Focus,2014,29010,4038,Gasoline,2.3,83,Automatic,2,0,5,6,5.2,5.6,Silver,Economy
CAR_00028,Tesla,Model S,2007,42701,16960,Gasoline,2.6,144,Automatic,0,0,5,45,5.5,6.8,Gray,Economy
CAR_00029,Volvo,XC90,2006,89339,9564,Gasoline,1.3,87,Automatic,2,1,8,24,5.4,7.7,Blue,Economy
CAR_00030,Nissan,Altima,2022,47855,25458,Gasoline,2.3,109,Manual,2,0,9,225,1.1,5.7,Red,Mid-Range
CAR_00031,Kia,Forte,2022,138160,14627,Gasoline,2.6,150,Automatic,0,0,9,30,9.8,6.6,Silver,Economy
CAR_00032,BMW,5 Series,2008,2390,20087,Gasoline,3.4,179,Automatic,0,0,6,30,3.7,7.2,Brown,Mid-Range
CAR_00033,Chevrolet,Silverado,2020,25657,24693,Hybrid,1.8,87,Automatic,1,0,5,11,5.2,8.2,Red,Mid-Range
CAR_00034,Honda,HR-V,2023,29928,20299,Hybrid,2.9,124,Automatic,2,1,12,47,10.0,8.8,Silver,Mid-Range
CAR_00035,Ford,Mustang,2017,17025,18071,Diesel,1.0,80,Automatic,4,0,7,103,8.9,7.2,Yellow,Mid-Range
CAR_00036,Honda,CR-V,2017,114962,13456,Gasoline,1.1,80,Automatic,1,0,8,71,6.9,8.0,Brown,Economy
CAR_00037,Mazda,CX-9,2016,15777,15153,Hybrid,2.1,117,CVT,1,0,6,201,8.3,3.3,Red,Economy
CAR_00038,Hyundai,Sonata,2023,45094,19471,Gasoline,3.8,223,Automatic,1,0,16,57,6.7,5.1,Red,Mid-Range
CAR_00039,BMW,7 Series,2005,163532,10067,Gasoline,2.6,142,CVT,0,1,6,334,6.3,9.1,Yellow,Economy
CAR_00040,Volkswagen,Jetta,2019,9254,25059,Electric,0.0,489,Automatic,2,0,10,91,4.8,6.5,Brown,Mid-Range
CAR_00041,Audi,A3,2010,29304,25566,Gasoline,3.1,138,CVT,1,0,6,116,5.5,7.2,Yellow,Mid-Range
CAR_00042,Toyota,Tacoma,2006,32447,3752,Hybrid,1.7,80,Automatic,1,0,2,121,6.0,6.0,Gray,Economy
CAR_00044,Ford,Mustang,2009,11212,8526,Gasoline,2.6,148,Automatic,1,0,8,13,6.9,8.3,Yellow,Economy
CAR_00045,Volkswagen,Tiguan,2005,42783,11200,Gasoline,3.9,204,Automatic,0,0,8,130,7.9,5.7,Brown,Economy
CAR_00046,Lexus,ES,2005,6385,21164,Gasoline,2.3,112,Automatic,0,0,6,232,5.1,4.1,Silver,Mid-Range
CAR_00047,Jaguar,XF,2006,15769,16852,Diesel,1.1,80,Automatic,1,0,7,30,6.8,7.2,Silver,Economy
CAR_00048,Mercedes,S-Class,2010,52919,16707,Electric,0.0,377,Automatic,2,0,15,11,6.7,5.8,Black,Economy
CAR_00049,Tesla,Model X,2015,18712,22864,Diesel,2.6,121,Automatic,3,0,9,322,6.1,8.6,Gray,Mid-Range
CAR_00050,Subaru,Crosstrek,2020,43045,19506,Hybrid,1.9,102,Automatic,1,0,9,27,9.5,8.0,Brown,Mid-Range
CAR_00051,Mazda,CX-5,2025,21931,29055,Gasoline,2.7,152,Automatic,1,1,5,13,6.9,9.6,Yellow,Mid-Range
CAR_00052,Chevrolet,Equinox,2019,11652,26116,Hybrid,1.7,80,Automatic,1,0,6,134,5.9,9.3,Red,Mid-Range
CAR_00053,Lexus,ES,2023,23934,37871,Gasoline,3.6,213,Automatic,2,0,7,89,5.2,7.5,Silver,Premium
CAR_00054,Land Rover,Defender,2007,72196,16921,Gasoline,3.5,215,Automatic,2,0,9,23,6.4,7.6,Yellow,Economy
CAR_00055,Volvo,XC40,2008,75939,13844,Gasoline,2.9,165,Automatic,2,0,7,14,5.3,7.1,Silver,Economy
CAR_00056,Chevrolet,Silverado,2022,31193,18149,Hybrid,1.5,80,Automatic,0,1,17,1,6.8,8.5,Orange,Mid-Range
CAR_00057,Jeep,Grand Cherokee,2012,24229,17612,Electric,0.0,777,Automatic,3,1,6,127,5.4,7.4,Yellow,Economy
CAR_00058,Nissan,Altima,2004,48379,6115,Hybrid,1.6,119,Automatic,2,0,9,81,8.0,8.5,Red,Economy
CAR_00059,Subaru,Impreza,2013,35844,16586,Hybrid,2.2,113,Automatic,0,0,15,109,9.1,8.6,Yellow,Economy
CAR_00060,Nissan,Rogue,2020,17660,18481,Diesel,1.4,94,Automatic,1,1,6,91,4.5,4.4,Silver,Mid-Range
CAR_00061,Honda,CR-V,2012,47742,10697,Gasoline,3.0,193,Manual,2,0,4,88,6.7,8.1,Silver,Economy
CAR_00062,Subaru,Outback,2017,21414,19654,Diesel,2.3,180,Automatic,1,0,7,11,7.3,7.4,White,Mid-Range
CAR_00063,Audi,Q7,2023,1847,40029,Electric,0.0,775,CVT,0,1,6,6,8.7,7.0,Brown,Premium
CAR_00064,Jaguar,I-PACE,2001,31425,9607,Gasoline,3.3,192,Automatic,2,0,6,34,5.9,6.1,Gray,Economy
CAR_00065,Porsche,Macan,2002,67349,15439,Electric,0.0,691,CVT,3,1,9,82,9.2,10.0,Gray,Economy
CAR_00066,Mazda,CX-9,2015,45144,17251,Gasoline,3.6,211,CVT,1,0,9,41,3.5,7.0,Yellow,Economy
CAR_00067,Jaguar,F-TYPE,2009,20713,17045,Gasoline,2.7,153,CVT,1,0,13,71,3.2,5.0,Yellow,Economy
CAR_00068,Porsche,Macan,2012,55063,29580,Electric,0.0,466,Automatic,2,0,5,121,8.2,6.8,Red,Mid-Range
CAR_00069,Honda,HR-V,2015,35435,10518,Diesel,3.6,175,Automatic,1,0,4,232,5.6,6.8,Yellow,Economy
CAR_00071,Mazda,CX-9,2020,67151,14726,Electric,0.0,688,Automatic,1,0,8,705,4.9,7.5,White,Economy
CAR_00072,Kia,Optima,2000,22836,2000,Gasoline,2.2,110,Automatic,3,0,10,40,6.3,5.5,Black,Economy
CAR_00073,Volvo,XC60,2006,2460,18565,Diesel,2.2,131,Automatic,1,1,7,139,5.9,5.2,Blue,Mid-Range
CAR_00074,Porsche,Panamera,2010,14699,23739,Gasoline,2.5,158,Manual,0,0,7,32,7.2,10.0,Gray,Mid-Range
CAR_00075,BMW,X3,2020,61999,40523,Gasoline,2.3,103,Automatic,0,0,4,57,7.2,7.1,Black,Premium
CAR_00076,BMW,5 Series,2014,101677,24505,Gasoline,2.4,104,Automatic,1,0,9,42,9.4,7.3,Black,Mid-Range
CAR_00077,Subaru,Crosstrek,2010,45281,16477,Gasoline,2.5,145,Automatic,1,0,13,9,6.9,7.5,Silver,Economy
CAR_00078,Nissan,Sentra,2002,13383,13180,Electric,0.0,461,Automatic,0,0,7,27,5.9,5.3,Yellow,Economy
CAR_00079,Kia,Optima,2010,82415,10030,Gasoline,3.2,168,Manual,1,0,3,319,6.2,9.7,Orange,Economy
CAR_00080,Ford,Focus,2002,4252,3363,Hybrid,3.9,232,Automatic,4,0,5,49,5.3,6.9,Green,Economy
CAR_00081,BMW,3 Series,2025,14683,44008,Gasoline,2.6,138,Automatic,0,0,11,155,6.4,4.2,Black,Premium
CAR_00082,Subaru,Impreza,2014,30499,11100,Gasoline,3.3,196,CVT,1,0,6,149,7.2,6.0,Green,Economy
CAR_00085,Chevrolet,Equinox,2022,87408,18211,Electric,0.0,209,Automatic,0,0,10,90,8.4,5.0,Green,Mid-Range
CAR_00086,Kia,Telluride,2025,57825,21685,Hybrid,1.0,80,CVT,0,0,4,22,4.8,8.7,Yellow,Mid-Range
CAR_00087,Jeep,Renegade,2023,47854,17744,Gasoline,2.8,162,Automatic,1,0,10,108,8.1,7.9,Yellow,Economy
CAR_00088,Chevrolet,Malibu,2020,76748,14588,Electric,0.0,374,Automatic,1,0,7,71,7.0,4.3,Yellow,Economy
CAR_00089,Land Rover,Velar,2010,23935,18017,Gasoline,2.3,126,Automatic,2,0,2,7,6.8,6.5,Silver,Mid-Range
CAR_00090,Chevrolet,Equinox,2007,19926,10758,Gasoline,3.2,200,CVT,1,1,5,49,6.8,8.2,Orange,Economy
CAR_00091,Mazda,CX-5,2008,72038,8723,Gasoline,1.9,80,Automatic,0,0,9,120,3.9,8.1,Green,Economy
CAR_00092,Chevrolet,Tahoe,2008,50368,6544,Hybrid,2.6,144,Automatic,2,0,7,28,5.7,7.5,Silver,Economy
CAR_00093,Porsche,Taycan,2006,41030,13762,Hybrid,1.7,115,Automatic,0,0,7,58,10.2,8.8,Red,Economy
CAR_00094,Jeep,Cherokee,2016,30424,11150,Gasoline,4.2,224,Manual,5,0,6,19,5.3,6.0,Blue,Economy
CAR_00095,Volkswagen,Tiguan,2020,11564,24742,Electric,0.0,689,CVT,1,0,10,90,8.1,6.6,Black,Mid-Range
CAR_00096,BMW,7 Series,2018,44449,32219,Gasoline,3.2,191,Manual,2,0,12,169,9.8,7.3,Red,Mid-Range
CAR_00097,BMW,7 Series,2014,31140,25881,Gasoline,3.7,204,CVT,0,0,8,74,5.1,6.5,Silver,Mid-Range
CAR_00098,Honda,Civic,2002,16338,5513,Electric,0.0,608,Manual,0,0,5,10,7.8,6.9,Gray,Economy
CAR_00100,Lexus,RX,2015,41729,30615,Diesel,1.5,116,Automatic,2,0,7,228,5.0,8.3,Silver,Mid-Range
CAR_00102,Audi,Q7,2007,48645,15507,Hybrid,2.4,154,CVT,1,1,5,31,10.2,7.3,Red,Economy
CAR_00103,Hyundai,Tucson,2004,32719,2000,Electric,0.0,611,Automatic,2,0,10,9,11.1,10.0,Yellow,Economy
CAR_00104,Lexus,ES,2004,113478,5133,Hybrid,2.3,130,CVT,5,0,10,198,4.1,9.2,Green,Economy
CAR_00105,Jeep,Compass,2006,7189,12385,Gasoline,4.4,241,Manual,0,0,10,38,9.4,6.4,Silver,Economy
CAR_00106,Tesla,Model 3,2023,15038,33708,Gasoline,1.9,118,Automatic,0,0,5,9,1.0,9.3,Blue,Mid-Range
CAR_00107,Hyundai,Sonata,2009,54560,9342,Gasoline,1.9,92,Automatic,1,0,12,115,4.3,8.3,Black,Economy
CAR_00108,Lexus,ES,2018,37689,33765,Diesel,2.8,178,Automatic,1,0,7,86,4.1,8.6,Yellow,Mid-Range
CAR_00109,Porsche,Macan,2012,36024,26468,Diesel,3.0,152,Automatic,0,0,10,105,8.0,10.0,White,Mid-Range
CAR_00110,Toyota,RAV4,2018,39859,14004,Gasoline,2.3,140,Automatic,1,0,8,72,8.0,9.7,Gray,Economy
CAR_00111,BMW,X5,2018,22450,34248,Gasoline,3.1,150,Automatic,1,0,5,16,6.6,9.9,Silver,Mid-Range
CAR_00112,Honda,Civic,2005,86223,3391,Gasoline,3.9,194,CVT,1,0,6,204,2.6,7.2,Green,Economy
CAR_00113,Land Rover,Range Rover,2021,65416,33923,Gasoline,2.0,133,Automatic,2,0,6,18,5.8,7.5,Brown,Mid-Range
CAR_00114,Mercedes,C-Class,2001,58702,8033,Gasoline,3.3,198,Automatic,4,1,9,56,5.5,6.1,White,Economy
CAR_00115,Nissan,Altima,2025,64121,22389,Gasoline,3.9,198,Automatic,0,0,8,186,2.0,3.9,Black,Mid-Range
CAR_00116,Chevrolet,Camaro,2018,11486,18888,Gasoline,2.4,132,Automatic,0,0,5,25,5.9,7.2,Gray,Mid-Range
CAR_00117,Honda,CR-V,2016,66876,20171,Gasoline,1.9,84,Automatic,1,0,6,73,2.8,6.5,Gray,Mid-Range
CAR_00119,BMW,X5,2017,21442,33463,Gasoline,2.7,142,Automatic,3,0,8,77,4.4,8.9,Brown,Mid-Range
CAR_00120,Mazda,CX-9,2009,65888,5999,Electric,0.0,705,Automatic,1,0,11,78,4.1,6.5,White,Economy
CAR_00121,Land Rover,Velar,2010,33926,19599,Hybrid,2.1,119,Automatic,2,1,8,74,4.6,9.6,Orange,Mid-Range
CAR_00122,Nissan,Rogue,2003,106518,5609,Diesel,3.1,155,Automatic,0,0,11,73,8.1,7.3,Black,Economy
CAR_00123,Chevrolet,Tahoe,2025,27690,24222,Gasoline,2.3,152,Automatic,3,0,9,51,7.5,5.9,Silver,Mid-Range
CAR_00124,Chevrolet,Equinox,2012,112004,14807,Gasoline,1.6,80,Automatic,1,0,12,67,4.7,8.2,Orange,Economy
CAR_00125,Lexus,NX,2013,23141,28642,Gasoline,2.6,131,Manual,0,1,10,128,10.6,6.7,Orange,Mid-Range
CAR_00126,Mazda,CX-30,2010,46559,12790,Hybrid,2.6,129,Automatic,3,0,9,235,7.3,7.0,Brown,Economy
CAR_00127,Mercedes,E-Class,2017,23889,34450,Electric,0.0,540,Automatic,1,0,7,120,6.2,7.4,Silver,Mid-Range
CAR_00128,Volvo,V60,2021,71266,26296,Hybrid,3.2,187,Automatic,1,0,8,65,5.7,4.5,Orange,Mid-Range
CAR_00129,Toyota,Highlander,2022,23080,21132,Gasoline,2.9,180,Automatic,0,0,12,114,9.4,5.8,Brown,Mid-Range
CAR_00130,Hyundai,Tucson,2004,37249,2000,Electric,0.0,681,Automatic,0,1,10,3,7.5,5.5,Black,Economy
CAR_00131,Lexus,IS,2022,46146,34241,Gasoline,2.7,167,Automatic,0,0,6,303,5.2,5.1,Blue,Mid-Range
CAR_00132,Lexus,GX,2006,10908,20342,Hybrid,1.5,81,Automatic,2,0,9,164,6.7,7.3,Green,Mid-Range
CAR_00133,Hyundai,Kona,2001,91273,3624,Gasoline,3.7,180,Automatic,0,0,9,15,8.4,9.2,Brown,Economy
CAR_00134,Jeep,Cherokee,2024,9089,23265,Gasoline,3.1,172,Automatic,2,1,9,25,8.3,4.5,Gray,Mid-Range
CAR_00135,Chevrolet,Silverado,2006,51663,9751,Diesel,0.0,391,Automatic,0,1,12,243,8.0,4.8,White,Economy
CAR_00136,Honda,HR-V,2023,66472,21369,Gasoline,2.7,129,Automatic,2,1,10,251,8.6,6.5,Orange,Mid-Range
CAR_00137,Chevrolet,Equinox,2010,50775,12617,Hybrid,1.8,103,Automatic,3,0,4,1,5.7,8.4,Red,Economy
CAR_00138,Hyundai,Sonata,2020,32797,23161,Hybrid,3.0,117,Automatic,4,1,4,6,6.8,5.5,Brown,Mid-Range
CAR_00140,Mazda,Mazda3,2016,31327,14567,Hybrid,1.4,80,Automatic,2,0,7,191,6.2,5.3,Yellow,Economy
CAR_00141,Mazda,CX-5,2018,78765,18286,Gasoline,2.2,125,Automatic,1,0,6,81,0.0,5.6,Orange,Mid-Range
CAR_00142,Volkswagen,Jetta,2023,36141,18977,Gasoline,2.3,102,Automatic,1,0,11,117,5.6,5.2,Yellow,Mid-Range
CAR_00143,Porsche,911,2022,40812,34027,Gasoline,3.6,199,Automatic,1,0,11,35,4.7,5.8,Yellow,Mid-Range
CAR_00144,Nissan,Maxima,2002,49682,8046,Gasoline,2.8,153,Automatic,2,0,10,182,8.2,7.1,Orange,Economy
CAR_00145,Lexus,IS,2021,102681,34977,Diesel,2.1,110,Automatic,2,1,8,190,3.6,7.3,Yellow,Mid-Range
CAR_00146,Mazda,CX-5,2019,10580,17421,Gasoline,3.0,152,Automatic,1,0,5,188,7.5,5.2,Blue,Economy
CAR_00147,Honda,Civic,2008,50835,9032,Gasoline,2.8,156,Automatic,1,1,9,43,6.7,9.2,Silver,Economy
CAR_00148,Kia,Optima,2014,29263,18995,Diesel,1.8,121,Manual,0,0,6,84,7.8,7.4,Blue,Mid-Range
CAR_00149,Jeep,Compass,2007,38330,10734,Gasoline,2.4,110,Automatic,0,0,9,24,6.2,7.4,Silver,Economy
CAR_00150,Honda,HR-V,2021,32292,17070,Gasoline,2.0,95,Automatic,0,0,4,1,6.9,5.1,Yellow,Economy
CAR_00151,BMW,X5,2009,59040,13754,Electric,0.0,461,Manual,0,0,10,144,6.1,8.5,Black,Economy
CAR_00152,Porsche,Taycan,2010,16203,27068,Hybrid,2.6,133,Automatic,1,0,10,74,3.8,6.6,Orange,Mid-Range
CAR_00153,Jeep,Wrangler,2015,54218,12013,Diesel,3.5,203,Manual,2,0,11,130,5.2,6.6,Orange,Economy
CAR_00154,Audi,Q7,2017,14837,34819,Electric,0.0,382,Automatic,2,0,8,31,3.8,6.3,Gray,Mid-Range
CAR_00156,Jaguar,I-PACE,2009,77939,20560,Hybrid,1.5,81,Automatic,3,0,5,52,5.2,7.8,White,Mid-Range
CAR_00159,Jaguar,XF,2010,229932,14197,Electric,0.0,216,Automatic,2,1,11,133,4.4,6.6,Green,Economy
CAR_00160,Jeep,Cherokee,2007,37751,14492,Electric,0.0,627,Automatic,0,1,8,77,5.1,8.6,Green,Economy
CAR_00161,Lexus,GX,2019,40280,27377,Electric,0.0,410,Manual,2,0,4,139,8.7,8.4,Black,Mid-Range
CAR_00162,BMW,X3,2002,35344,6121,Diesel,3.7,190,Automatic,3,1,10,90,5.7,8.8,Orange,Economy
CAR_00163,Jaguar,F-TYPE,2022,26855,45613,Hybrid,2.9,167,Automatic,1,0,5,45,9.6,9.9,Silver,Premium
CAR_00164,Jeep,Wrangler,2017,53631,17800,Electric,2.4,200,Automatic,3,0,4,86,5.6,3.9,Blue,Economy
CAR_00165,Kia,Forte,2012,21231,11868,Diesel,1.8,116,Automatic,2,0,12,8,7.5,6.1,White,Economy
CAR_00166,Porsche,Macan,2017,147321,24288,Diesel,3.3,194,Automatic,4,0,5,83,6.3,5.7,White,Mid-Range
CAR_00167,BMW,X5,2006,38737,13001,Diesel,2.8,153,Automatic,0,1,11,22,4.9,7.2,Blue,Economy
CAR_00168,Subaru,Forester,2022,34673,18836,Electric,0.0,348,Manual,2,0,10,167,7.8,6.2,Red,Mid-Range
CAR_00169,Subaru,Outback,2021,121757,14927,Gasoline,2.9,192,Automatic,2,0,9,202,7.4,7.2,Orange,Economy
CAR_00170,Volkswagen,Tiguan,2017,117622,12677,Diesel,1.6,80,Automatic,1,0,6,69,5.3,8.1,Blue,Economy
CAR_00171,BMW,X3,2010,25423,20253,Electric,0.0,409,Automatic,3,1,12,11,5.7,6.3,White,Mid-Range
CAR_00172,Lexus,RX,2008,13312,25688,Diesel,2.1,108,Automatic,1,0,7,139,3.8,4.8,Orange,Mid-Range
CAR_00173,Jeep,Compass,2024,39059,22698,Gasoline,1.0,80,CVT,2,0,10,59,9.7,7.8,Yellow,Mid-Range
CAR_00174,BMW,7 Series,2003,54312,12769,Hybrid,3.5,216,Automatic,0,0,8,40,5.1,5.7,Green,Economy
CAR_00175,BMW,5 Series,2014,24023,30785,Diesel,2.6,124,Automatic,3,0,8,6,8.5,7.7,Blue,Mid-Range
CAR_00176,Jeep,Compass,2008,30427,11138,Diesel,2.8,168,Automatic,2,0,7,85,4.7,9.2,Yellow,Economy
CAR_00177,Volvo,V60,2008,34634,16658,Diesel,2.1,106,Automatic,2,0,13,178,8.8,8.5,Green,Economy
CAR_00178,Mercedes,S-Class,2013,90633,24275,Hybrid,3.5,195,Manual,2,0,11,25,3.5,6.0,Yellow,Mid-Range
CAR_00179,Mercedes,C-Class,2013,17440,24996,Gasoline,2.8,156,Automatic,2,0,10,60,7.2,6.8,Green,Mid-Range
CAR_00180,Audi,A3,2013,119904,18261,Hybrid,1.4,80,Automatic,0,1,9,32,6.6,5.5,Silver,Mid-Range
CAR_00182,Kia,Telluride,2006,107043,2000,Diesel,3.0,185,Automatic,1,0,6,139,3.7,7.5,Brown,Economy
CAR_00183,Ford,Mustang,2022,3970,24610,Gasoline,3.1,191,Automatic,2,0,11,46,7.2,7.1,Red,Mid-Range
CAR_00184,Audi,A3,2018,27729,33886,Electric,0.0,744,Automatic,3,0,7,20,8.2,5.3,Red,Mid-Range
CAR_00185,Honda,Pilot,2013,9741,11402,Gasoline,2.2,96,Automatic,2,0,8,12,6.7,6.4,Yellow,Economy
CAR_00186,Audi,Q7,2001,32451,10328,Gasoline,3.4,191,Automatic,3,0,11,12,3.0,6.1,Blue,Economy
CAR_00187,Kia,Sportage,2007,57282,9280,Hybrid,2.2,142,CVT,1,0,4,108,7.6,6.1,Brown,Economy
CAR_00188,Tesla,Model Y,2005,28644,9428,Electric,0.0,602,Automatic,1,0,9,170,5.5,5.4,Orange,Economy
CAR_00189,Ford,Mustang,2017,80280,14352,Electric,0.0,668,CVT,2,0,9,54,8.1,10.0,Black,Economy
CAR_00190,Volkswagen,Passat,2006,31423,7047,Gasoline,3.3,177,Automatic,4,1,7,159,6.5,5.1,Brown,Economy
CAR_00191,Mercedes,E-Class,2012,35205,21088,Gasoline,1.9,96,CVT,1,0,4,22,3.5,8.5,Red,Mid-Range
CAR_00192,BMW,3 Series,2019,93162,35094,Gasoline,1.2,80,Manual,4,0,8,214,5.5,6.5,Black,Premium
CAR_00193,Volvo,XC90,2020,31791,32550,Gasoline,2.2,143,Automatic,1,0,10,167,6.9,6.6,Blue,Mid-Range
CAR_00195,Ford,F-150,2010,15428,17799,Gasoline,1.7,108,Automatic,4,0,5,302,5.8,6.1,Blue,Economy
CAR_00196,Audi,A3,2018,41517,36727,Electric,0.0,233,Automatic,1,0,8,0,4.1,8.6,Silver,Premium
CAR_00197,Porsche,Cayenne,2001,13816,8542,Diesel,2.7,193,Automatic,0,0,8,50,8.7,5.1,Blue,Economy
CAR_00198,Porsche,Panamera,2000,61333,4911,Gasoline,1.4,80,Automatic,1,1,7,122,6.0,7.6,Green,Economy
CAR_00199,Ford,Escape,2006,68756,6560,Gasoline,1.4,80,Automatic,3,0,5,59,1.7,9.2,Blue,Economy
CAR_00200,Lexus,NX,2012,18991,23717,Gasoline,2.5,150,Automatic,4,0,11,84,2.5,5.9,Orange,Mid-Range
CAR_00202,Hyundai,Elantra,2005,22326,12415,Gasoline,2.4,177,Automatic,0,1,7,29,7.3,8.5,Blue,Economy
CAR_00204,BMW,5 Series,2021,59903,40741,Gasoline,2.5,116,Manual,2,1,5,339,5.8,8.5,Blue,Premium
CAR_00205,BMW,X3,2024,21647,43214,Diesel,2.2,96,Automatic,1,0,11,21,9.2,9.7,Gray,Premium
CAR_00206,Land Rover,Defender,2023,30946,42867,Electric,0.0,633,Automatic,0,0,6,34,5.4,7.1,Orange,Premium
CAR_00207,Honda,HR-V,2025,19143,26785,Hybrid,3.9,237,Automatic,1,0,4,1,5.9,6.2,Black,Mid-Range
CAR_00208,Nissan,Maxima,2017,38606,14874,Gasoline,1.6,80,Manual,0,0,6,257,4.3,7.0,Blue,Economy
CAR_00209,Chevrolet,Equinox,2023,37291,21738,Gasoline,1.8,118,CVT,3,0,3,14,3.8,5.3,Green,Mid-Range
CAR_00210,BMW,7 Series,2019,53500,38217,Gasoline,3.2,177,Manual,0,0,9,236,6.5,6.7,White,Premium
CAR_00211,Honda,CR-V,2005,55903,3646,Electric,0.0,290,Manual,1,0,8,73,7.0,6.9,Silver,Economy
CAR_00212,Nissan,Sentra,2000,39827,2000,Electric,0.0,491,Automatic,2,0,7,7,3.5,7.1,Silver,Economy
CAR_00213,Jaguar,F-TYPE,2014,78690,24705,Gasoline,2.5,195,Automatic,4,0,5,5,3.7,7.1,Black,Mid-Range
CAR_00214,Chevrolet,Silverado,2012,46493,13983,Gasoline,3.7,192,Automatic,2,1,6,101,2.6,10.0,White,Economy
CAR_00215,Audi,A4,2018,73488,24615,Gasoline,2.8,167,Automatic,0,0,10,126,4.0,4.8,Yellow,Mid-Range
CAR_00216,Kia,Optima,2009,48022,7803,Gasoline,2.1,91,Automatic,3,1,9,102,8.2,5.5,White,Economy
CAR_00217,Hyundai,Tucson,2023,19423,23835,Diesel,1.0,80,Automatic,1,0,7,13,6.1,7.6,Gray,Mid-Range
CAR_00218,Kia,Sorento,2001,37573,6211,Gasoline,3.2,196,Automatic,1,0,6,146,5.8,8.9,Silver,Economy
CAR_00219,Mercedes,GLC,2019,39835,34848,Gasoline,1.0,80,CVT,3,0,10,445,8.7,7.9,Silver,Mid-Range
CAR_00220,Hyundai,Kona,2013,29904,11347,Hybrid,2.8,125,Automatic,2,0,10,249,6.9,7.3,Green,Economy
CAR_00221,Jaguar,F-TYPE,2015,113959,25780,Electric,0.0,675,CVT,3,0,13,230,7.8,7.9,Gray,Mid-Range
CAR_00222,Mercedes,E-Class,2006,10847,21213,Gasoline,2.1,117,CVT,0,0,16,115,4.0,7.6,Black,Mid-Range
CAR_00223,Mazda,Mazda6,2011,59132,7991,Gasoline,2.1,105,Automatic,1,0,11,184,4.7,7.8,Orange,Economy
CAR_00224,BMW,X3,2020,35080,35786,Gasoline,2.9,162,CVT,1,0,9,98,6.3,8.8,Green,Premium
CAR_00225,Land Rover,Evoque,2016,37824,28455,Gasoline,3.1,168,Automatic,1,1,6,131,8.7,6.2,Red,Mid-Range
CAR_00226,Porsche,Macan,2007,116085,15588,Gasoline,3.0,179,Automatic,1,0,7,92,6.4,6.2,Brown,Economy
CAR_00227,Nissan,Sentra,2000,44242,10434,Electric,0.0,347,CVT,0,0,9,237,6.7,7.5,Green,Economy
CAR_00228,Mazda,Mazda3,2001,81181,2000,Gasoline,3.2,143,Automatic,4,0,11,50,5.8,5.9,Green,Economy
CAR_00229,Hyundai,Elantra,2000,71797,3082,Electric,0.0,144,Automatic,0,0,12,68,6.3,7.9,Brown,Economy
CAR_00230,Jeep,Compass,2025,29943,20787,Gasoline,3.2,116,Automatic,1,0,6,141,3.5,6.5,Yellow,Mid-Range
CAR_00231,Jeep,Compass,2017,17526,22085,Gasoline,2.3,116,CVT,3,1,7,93,7.5,5.2,Red,Mid-Range
CAR_00232,Volvo,V60,2009,57658,8488,Gasoline,2.9,154,Automatic,1,0,8,77,3.6,6.7,Gray,Economy
CAR_00233,Volvo,XC90,2019,67601,20465,Electric,0.0,261,Automatic,2,0,5,183,11.4,4.7,Brown,Mid-Range
CAR_00234,Jeep,Wrangler,2023,45299,21434,Electric,0.0,484,Automatic,1,0,8,14,5.0,9.0,Silver,Mid-Range
CAR_00235,Tesla,Model 3,2017,96443,14790,Gasoline,2.3,119,Manual,2,1,7,12,9.8,8.0,Red,Economy
CAR_00236,Porsche,Taycan,2003,13232,13052,Electric,0.0,567,Automatic,0,0,8,43,10.7,5.3,Green,Economy
CAR_00237,Volvo,XC60,2010,94897,9815,Electric,0.0,765,CVT,2,0,8,24,5.6,5.1,Green,Economy
CAR_00238,Jeep,Renegade,2014,32187,18467,Electric,0.0,571,CVT,2,0,7,32,7.0,6.1,Gray,Mid-Range
CAR_00239,Jeep,Wrangler,2023,14043,28332,Gasoline,2.1,110,Automatic,2,1,8,75,6.1,6.0,Blue,Mid-Range
CAR_00240,Subaru,Impreza,2017,9368,20894,Gasoline,2.7,154,Automatic,2,0,2,17,8.4,7.4,Gray,Mid-Range
CAR_00241,Tesla,Model Y,2014,27139,18274,Gasoline,1.9,94,Manual,1,0,9,188,6.1,7.7,Gray,Mid-Range
CAR_00242,Mercedes,S-Class,2021,25248,34618,Gasoline,1.3,80,Automatic,3,0,4,43,8.0,6.3,Yellow,Mid-Range
CAR_00243,Toyota,Highlander,2012,65014,8244,Electric,0.0,705,Automatic,2,0,7,213,6.9,7.9,Red,Economy
CAR_00244,Nissan,Rogue,2001,51432,3974,Gasoline,3.0,164,Automatic,1,1,9,279,4.4,6.2,Gray,Economy
CAR_00245,Honda,Accord,2017,61361,21305,Diesel,2.8,156,Automatic,1,0,7,310,7.6,8.0,Blue,Mid-Range
CAR_00246,Ford,Escape,2016,29277,18637,Electric,0.0,506,Automatic,1,0,10,120,5.6,8.3,White,Mid-Range
CAR_00247,Volkswagen,Golf,2017,29604,20283,Gasoline,2.0,120,CVT,2,0,7,20,6.4,6.4,Black,Mid-Range
CAR_00248,Jaguar,I-PACE,2011,71896,21768,Diesel,3.5,192,Automatic,0,0,10,444,5.7,8.3,White,Mid-Range
CAR_00249,Nissan,Pathfinder,2020,18071,19306,Electric,0.0,765,Manual,0,0,11,22,7.5,6.2,Yellow,Mid-Range
CAR_00250,Nissan,Maxima,2008,4124,13468,Diesel,1.9,121,Automatic,3,0,7,63,7.3,5.5,Gray,Economy
CAR_00252,Chevrolet,Tahoe,2012,9627,15326,Gasoline,2.6,137,Automatic,1,0,6,7,3.7,8.0,Yellow,Economy
CAR_00253,Honda,HR-V,2011,102706,9372,Gasoline,1.0,80,Automatic,3,0,9,19,3.2,8.9,Red,Economy
CAR_00254,Hyundai,Sonata,2025,101828,20361,Gasoline,2.5,108,Automatic,3,0,5,21,3.6,7.6,Blue,Mid-Range
CAR_00255,Porsche,Cayenne,2005,41854,12480,Diesel,3.5,179,Automatic,0,0,9,2,6.9,6.5,Brown,Economy
CAR_00256,Lexus,GX,2021,13712,39794,Gasoline,2.1,112,Manual,3,0,6,246,5.6,7.1,Orange,Premium
CAR_00257,Volkswagen,Golf,2000,21241,2000,Hybrid,2.8,127,Manual,0,0,7,150,6.5,9.2,Silver,Economy
CAR_00258,Tesla,Cybertruck,2021,44813,26942,Hybrid,2.0,103,Automatic,0,0,6,313,4.7,4.6,Blue,Mid-Range
CAR_00259,Toyota,RAV4,2016,37403,15616,Gasoline,3.2,214,Manual,3,0,4,68,7.4,7.5,Red,Economy
CAR_00260,BMW,X5,2010,19969,20093,Gasoline,2.4,126,Automatic,3,0,8,8,10.0,4.5,Brown,Mid-Range
CAR_00261,Porsche,Macan,2020,49307,34152,Gasoline,1.7,80,Automatic,0,0,8,105,6.7,6.9,White,Mid-Range
CAR_00262,Land Rover,Range Rover,2000,36018,6056,Gasoline,2.3,125,Automatic,3,0,9,156,8.3,6.8,Silver,Economy
CAR_00263,Nissan,Pathfinder,2008,80431,2000,Gasoline,2.4,104,Automatic,3,0,9,45,6.1,6.8,White,Economy
CAR_00264,Nissan,Maxima,2008,82144,12399,Gasoline,3.1,171,Automatic,2,0,10,101,8.8,7.4,White,Economy
CAR_00265,Land Rover,Evoque,2019,83322,27941,Diesel,3.3,194,Automatic,0,0,11,6,6.8,7.1,Silver,Mid-Range
CAR_00266,Jeep,Renegade,2016,10229,19468,Gasoline,2.8,191,CVT,1,0,7,19,7.7,7.5,Brown,Mid-Range
CAR_00267,Land Rover,Evoque,2017,12681,33819,Diesel,2.9,133,Automatic,0,0,6,88,3.4,8.4,Yellow,Mid-Range
CAR_00268,Audi,A4,2012,41298,26754,Diesel,2.6,155,Automatic,1,1,10,279,5.4,5.7,Green,Mid-Range
CAR_00269,Honda,Pilot,2009,12605,14398,Gasoline,1.5,80,Manual,0,0,5,1,2.0,7.9,Red,Economy
CAR_00270,Audi,Q7,2011,61562,22490,Electric,0.0,791,Automatic,2,0,8,194,6.6,8.6,Brown,Mid-Range
CAR_00271,Kia,Optima,2016,26101,13420,Gasoline,2.1,125,Automatic,0,0,9,349,8.2,8.9,White,Economy
CAR_00272,Porsche,Macan,2007,139543,10548,Gasoline,2.5,144,CVT,1,1,9,41,1.6,9.3,Green,Economy
CAR_00273,BMW,X3,2017,14686,35794,Electric,0.0,601,Automatic,3,0,7,187,5.1,7.2,Gray,Premium
CAR_00274,Lexus,ES,2008,37604,15337,Hybrid,4.7,242,Automatic,0,0,8,83,8.4,7.9,Orange,Economy
CAR_00275,Honda,HR-V,2023,25758,20215,Gasoline,2.5,138,Automatic,0,0,3,18,8.4,5.6,Orange,Mid-Range
CAR_00276,Chevrolet,Tahoe,2020,44065,14482,Gasoline,3.2,182,Automatic,1,0,6,30,6.4,8.7,Silver,Economy
CAR_00277,Porsche,Panamera,2000,118838,3388,Electric,0.0,207,Manual,3,0,14,7,0.9,6.9,Green,Economy
CAR_00278,Volvo,V60,2006,67184,13376,Hybrid,2.0,94,Automatic,2,0,8,35,7.1,5.9,White,Economy
CAR_00279,Volvo,V60,2023,50457,29813,Gasoline,2.1,140,CVT,1,0,10,207,4.2,6.8,Blue,Mid-Range
CAR_00280,Mazda,Mazda3,2007,52386,4862,Gasoline,3.0,195,Automatic,0,0,5,2,7.1,9.6,Silver,Economy
CAR_00281,Land Rover,Velar,2019,52162,37580,Electric,0.0,292,Automatic,3,0,4,145,6.5,6.7,Gray,Premium
CAR_00282,Volvo,XC60,2011,53155,23584,Hybrid,2.7,161,Automatic,0,0,8,6,5.3,6.8,Green,Mid-Range
CAR_00283,Chevrolet,Equinox,2007,93189,6876,Gasoline,1.4,83,Automatic,1,0,7,203,5.8,7.6,White,Economy
CAR_00284,Ford,Focus,2013,42047,17847,Gasoline,1.2,80,Automatic,2,1,3,18,8.8,8.4,Yellow,Economy
CAR_00285,Nissan,Rogue,2024,87459,21470,Gasoline,1.4,80,Manual,1,0,9,306,2.3,4.5,Brown,Mid-Range
CAR_00286,Volkswagen,Tiguan,2022,21608,16666,Diesel,2.2,104,Automatic,4,0,9,26,7.9,9.1,Yellow,Economy
CAR_00287,Audi,Q5,2011,48296,24820,Gasoline,2.0,107,Automatic,0,0,10,46,5.8,7.2,Gray,Mid-Range
CAR_00288,Jeep,Grand Cherokee,2016,25392,13500,Hybrid,3.6,181,Automatic,1,0,10,4,5.9,7.1,Blue,Economy
CAR_00289,Porsche,911,2021,6836,41439,Gasoline,2.1,122,Automatic,0,0,8,150,2.2,6.4,Red,Premium
CAR_00290,Toyota,Corolla,2014,3067,12260,Diesel,2.1,149,Manual,2,0,8,166,8.0,9.0,Silver,Economy
CAR_00291,Toyota,Camry,2011,58054,4436,Diesel,2.6,143,Automatic,1,0,16,53,5.4,7.5,White,Economy
CAR_00292,Ford,Mustang,2018,25814,17887,Gasoline,2.0,117,Manual,3,0,7,482,7.9,7.8,Silver,Economy
CAR_00293,Chevrolet,Silverado,2007,31732,2000,Hybrid,3.5,202,Automatic,3,1,12,246,5.9,7.3,Red,Economy
CAR_00294,Audi,Q5,2017,8812,35133,Gasoline,2.2,123,Manual,1,1,3,62,5.9,6.5,Black,Premium
CAR_00295,Tesla,Model S,2021,92564,22989,Gasoline,3.4,172,Automatic,3,0,8,31,10.5,8.9,Red,Mid-Range
CAR_00296,Jeep,Grand Cherokee,2012,15926,19146,Gasoline,1.7,89,Automatic,3,0,10,12,7.4,8.5,Green,Mid-Range
CAR_00297,Kia,Sorento,2023,49495,24378,Gasoline,1.3,80,Automatic,2,1,10,242,3.0,5.5,Red,Mid-Range
CAR_00298,Porsche,Cayenne,2006,77177,8279,Gasoline,4.0,209,Automatic,1,0,11,242,4.2,3.3,Black,Economy
CAR_00299,Audi,A6,2010,62211,23710,Gasoline,1.7,85,Automatic,0,0,8,25,0.3,6.9,Green,Mid-Range
CAR_00300,Land Rover,Defender,2021,72204,37045,Gasoline,1.0,80,CVT,4,0,8,18,2.8,10.0,Gray,Premium
CAR_00301,Chevrolet,Equinox,2005,124591,2000,Gasoline,2.9,179,Automatic,1,0,7,57,5.0,6.0,Brown,Economy
CAR_00303,Nissan,Pathfinder,2008,15613,16016,Gasoline,3.1,181,Automatic,3,0,11,48,5.0,6.2,Blue,Economy
CAR_00304,Lexus,NX,2015,66080,23829,Hybrid,2.2,133,Automatic,3,0,6,1,5.0,5.5,Silver,Mid-Range
CAR_00305,Porsche,Panamera,2016,10907,28553,Diesel,2.7,162,Automatic,0,0,7,36,8.4,6.1,Gray,Mid-Range
CAR_00306,Jeep,Cherokee,2014,65367,16585,Diesel,2.0,113,Automatic,0,0,9,13,6.7,4.3,Red,Economy
CAR_00307,Chevrolet,Camaro,2014,38229,11945,Gasoline,2.3,124,CVT,2,0,11,39,9.5,5.4,Black,Economy
CAR_00308,Toyota,Corolla,2013,45978,16149,Gasoline,2.3,159,Automatic,3,0,1,189,7.1,10.0,White,Economy
CAR_00309,Land Rover,Defender,2010,62084,22769,Diesel,2.3,133,Automatic,1,0,7,123,9.4,4.8,Black,Mid-Range
CAR_00310,Honda,HR-V,2005,39592,12945,Hybrid,1.0,80,Automatic,4,0,10,44,9.4,6.1,Black,Economy
CAR_00311,BMW,X5,2014,27901,20286,Gasoline,3.2,147,Automatic,0,0,6,229,5.7,8.7,Blue,Mid-Range
CAR_00312,Toyota,RAV4,2013,115291,7669,Gasoline,2.0,110,Automatic,2,1,13,14,6.7,7.3,Yellow,Economy
CAR_00313,Hyundai,Elantra,2001,50286,10332,Hybrid,3.3,171,Automatic,5,0,6,102,9.5,7.0,Brown,Economy
CAR_00314,Lexus,ES,2012,70571,28718,Diesel,2.3,125,CVT,3,1,7,34,5.9,3.1,Black,Mid-Range
CAR_00315,Audi,A4,2023,30662,38038,Gasoline,2.4,148,Automatic,1,0,11,89,8.8,9.4,Yellow,Premium
CAR_00316,Porsche,Panamera,2014,27643,26853,Hybrid,1.8,94,Manual,1,0,9,9,9.0,8.6,White,Mid-Range
CAR_00317,Land Rover,Range Rover,2001,97627,4692,Gasoline,3.3,185,Automatic,2,0,4,152,3.8,4.3,Orange,Economy
CAR_00318,Ford,Escape,2005,114923,13117,Hybrid,3.6,199,Automatic,1,0,10,32,4.2,10.0,Gray,Economy
CAR_00319,Ford,Explorer,2010,59405,8266,Gasoline,2.4,147,Manual,0,0,4,27,4.2,8.0,White,Economy
CAR_00320,Lexus,ES,2019,63362,30385,Gasoline,4.6,261,Automatic,1,0,5,92,6.1,7.6,Black,Mid-Range
CAR_00321,Toyota,RAV4,2016,14601,10653,Gasoline,2.7,135,Automatic,1,0,8,118,6.1,8.8,Blue,Economy
CAR_00322,Jeep,Cherokee,2008,44095,8218,Electric,0.0,753,Automatic,3,0,3,89,4.5,4.9,Orange,Economy
CAR_00323,Ford,Mustang,2011,22214,5213,Gasoline,1.9,81,Automatic,0,1,7,96,5.5,5.0,Gray,Economy
CAR_00324,Jeep,Cherokee,2013,56250,17797,Gasoline,2.4,147,Automatic,1,1,7,33,4.2,8.5,Green,Economy
CAR_00325,Jeep,Compass,2024,66188,20951,Gasoline,2.2,111,Automatic,1,0,12,140,5.7,7.0,Gray,Mid-Range
CAR_00326,Toyota,RAV4,2015,78795,17844,Gasoline,2.3,119,Automatic,1,0,11,181,7.7,7.4,Orange,Economy
CAR_00327,Jaguar,XE,2021,40808,35918,Gasoline,2.5,123,Automatic,2,0,9,121,4.2,7.7,Gray,Premium
CAR_00328,Toyota,Tacoma,2015,20702,14084,Gasoline,1.8,87,CVT,1,0,3,75,7.8,4.1,Orange,Economy
CAR_00329,BMW,X3,2015,142215,21009,Gasoline,0.0,648,Automatic,1,0,8,86,4.5,7.5,Silver,Mid-Range
CAR_00330,Kia,Telluride,2005,146018,2000,Gasoline,4.2,243,Automatic,0,0,11,79,5.7,7.1,Gray,Economy
CAR_00331,Tesla,Model Y,2002,32769,5872,Hybrid,2.4,117,Automatic,2,0,6,62,6.0,10.0,Orange,Economy
CAR_00332,Volvo,S60,2020,15145,28849,Gasoline,3.0,141,CVT,2,0,6,8,9.8,4.9,Green,Mid-Range
CAR_00333,Volkswagen,Golf,2024,93927,19532,Diesel,2.9,137,Automatic,3,0,5,216,5.0,4.6,Silver,Mid-Range
CAR_00334,Jeep,Cherokee,2000,14994,2043,Hybrid,3.1,170,Automatic,0,1,11,55,4.3,5.6,White,Economy
CAR_00335,Tesla,Cybertruck,2016,35359,18142,Diesel,3.0,178,Automatic,2,0,8,61,9.9,6.1,Black,Mid-Range
CAR_00336,Chevrolet,Equinox,2002,66801,4001,Gasoline,3.1,185,Automatic,1,0,0,89,8.8,7.7,Orange,Economy
CAR_00337,Toyota,RAV4,2022,21869,23365,Gasoline,2.5,145,Automatic,1,0,7,180,6.0,8.3,Gray,Mid-Range
CAR_00338,Nissan,Maxima,2013,45959,14363,Gasoline,3.9,214,Automatic,0,0,4,9,4.6,9.1,Black,Economy
CAR_00339,Lexus,RX,2022,50277,34987,Electric,0.0,706,Automatic,0,0,2,3,4.8,6.3,Blue,Mid-Range
CAR_00340,Honda,CR-V,2009,32579,15796,Diesel,2.2,159,CVT,2,0,6,1,8.6,7.6,Orange,Economy
CAR_00342,Honda,HR-V,2010,14434,10528,Gasoline,2.3,111,Automatic,0,0,7,21,5.5,6.1,Black,Economy
CAR_00343,Nissan,Maxima,2021,38378,20376,Diesel,1.3,80,Automatic,0,0,4,3,8.5,7.8,Gray,Mid-Range
CAR_00344,Audi,A6,2005,20254,14281,Hybrid,2.7,142,Automatic,0,1,9,3,5.7,6.4,Orange,Economy
CAR_00345,Land Rover,Evoque,2001,41522,3517,Electric,0.0,409,Automatic,1,0,11,26,3.3,5.2,White,Economy
CAR_00346,Volvo,XC90,2009,15974,16172,Gasoline,4.4,260,Automatic,2,0,12,84,9.6,6.1,Blue,Economy
CAR_00347,Mercedes,C-Class,2016,6985,32462,Gasoline,3.6,202,Automatic,3,0,4,169,6.0,9.6,Blue,Mid-Range
CAR_00348,Land Rover,Defender,2022,27654,36876,Hybrid,2.0,97,Automatic,2,0,10,92,1.6,6.2,Orange,Premium
CAR_00349,Audi,A6,2001,39768,4936,Electric,0.0,589,Automatic,4,0,9,47,6.3,8.1,Silver,Economy
CAR_00350,Porsche,Taycan,2000,42946,10313,Hybrid,2.3,95,Automatic,0,0,8,38,6.3,8.3,Green,Economy
CAR_00351,Jeep,Grand Cherokee,2007,31861,5066,Electric,0.0,215,Automatic,1,0,9,79,7.2,9.6,Black,Economy
CAR_00352,Toyota,Camry,2024,32878,21262,Gasoline,2.6,148,Automatic,4,0,5,85,4.3,7.6,Brown,Mid-Range
CAR_00353,Honda,HR-V,2013,30276,11919,Gasoline,3.2,175,Automatic,1,1,5,72,4.5,7.7,Green,Economy
CAR_00354,Hyundai,Sonata,2004,28212,4816,Hybrid,2.4,81,Automatic,2,0,9,200,6.2,6.7,Gray,Economy
CAR_00355,Hyundai,Elantra,2004,96434,2000,Gasoline,2.5,152,Automatic,0,0,11,218,6.9,3.8,Orange,Economy
CAR_00356,Jeep,Cherokee,2024,53140,19101,Gasoline,3.8,241,Automatic,2,0,10,4,7.9,5.7,Red,Mid-Range
CAR_00357,Subaru,Outback,2007,7294,11067,Gasoline,2.0,101,Manual,3,0,9,96,6.2,7.8,White,Economy
CAR_00358,Nissan,Rogue,2011,58200,6490,Gasoline,2.8,148,Automatic,0,1,9,27,6.4,7.5,Green,Economy
CAR_00360,Mazda,CX-5,2001,21141,5731,Gasoline,3.1,189,Automatic,2,0,12,112,8.4,6.5,Yellow,Economy
CAR_00361,Ford,Explorer,2021,30064,21837,Electric,0.0,209,Automatic,3,0,5,45,4.0,7.5,Green,Mid-Range
CAR_00362,Toyota,Corolla,2010,95943,14296,Electric,0.0,148,Automatic,4,0,7,16,5.5,7.6,Green,Economy
CAR_00363,Toyota,RAV4,2005,105336,2000,Gasoline,3.6,195,Automatic,1,0,9,73,8.9,6.1,Gray,Economy
CAR_00364,Kia,Sportage,2016,54281,15458,Gasoline,2.5,92,Automatic,2,0,7,50,10.4,5.0,Blue,Economy
CAR_00365,Kia,Optima,2022,83394,15208,Hybrid,1.6,80,Automatic,0,1,4,48,4.0,7.4,Black,Economy
CAR_00366,Mazda,CX-9,2008,42775,8498,Gasoline,3.5,187,CVT,2,0,9,14,10.3,7.7,Silver,Economy
CAR_00367,Volkswagen,Atlas,2000,20099,2000,Diesel,3.1,194,Automatic,1,1,12,28,5.8,6.1,Yellow,Economy
CAR_00368,Audi,A4,2022,26098,41294,Electric,0.0,620,Automatic,0,0,8,102,9.0,7.6,Red,Premium
CAR_00369,BMW,X3,2025,46450,45618,Gasoline,1.9,80,Automatic,1,0,7,149,6.7,8.4,Black,Premium
CAR_00370,Audi,A4,2021,28863,39899,Diesel,1.3,80,Manual,1,1,7,244,11.2,6.7,Gray,Premium
CAR_00371,Audi,A3,2002,42291,6708,Gasoline,1.8,81,Automatic,3,0,6,134,6.8,7.5,Silver,Economy
CAR_00372,Jaguar,XF,2014,89172,24931,Gasoline,2.9,166,Manual,2,0,11,47,6.3,7.9,Red,Mid-Range
CAR_00373,Ford,Explorer,2002,47820,2000,Gasoline,4.1,246,Automatic,2,1,6,16,3.7,6.7,Orange,Economy
CAR_00374,Nissan,Maxima,2005,42660,11756,Gasoline,2.5,147,Manual,0,0,12,28,8.3,4.6,Silver,Economy
CAR_00375,Land Rover,Range Rover,2013,52614,29078,Gasoline,2.3,127,Automatic,3,0,6,76,6.7,8.0,Silver,Mid-Range
CAR_00376,Porsche,911,2024,39097,37484,Diesel,2.8,118,Automatic,2,0,15,122,5.4,8.3,Brown,Premium
CAR_00377,Land Rover,Range Rover,2016,131612,26240,Gasoline,2.0,87,Automatic,1,0,8,124,6.4,6.4,Brown,Mid-Range
CAR_00378,Kia,Optima,2022,71918,25421,Diesel,2.1,105,Automatic,1,0,6,21,6.9,5.3,Gray,Mid-Range
CAR_00379,Land Rover,Defender,2001,20649,12209,Hybrid,2.6,144,Automatic,1,0,10,39,6.4,6.2,Red,Economy
CAR_00380,Jeep,Compass,2018,131522,11927,Gasoline,3.0,180,Automatic,0,0,9,6,6.5,4.4,Blue,Economy
CAR_00381,Ford,Mustang,2006,68438,4028,Gasoline,2.5,113,Automatic,2,0,7,112,8.1,5.7,Orange,Economy
CAR_00382,Land Rover,Velar,2022,17206,35642,Gasoline,2.0,105,Automatic,3,1,9,116,7.8,7.2,Green,Premium
CAR_00383,Porsche,Panamera,2020,38615,38015,Hybrid,2.7,192,Manual,1,0,5,93,7.5,10.0,Yellow,Premium
CAR_00384,Hyundai,Kona,2000,15813,2000,Gasoline,3.0,179,Automatic,2,0,8,100,3.3,10.0,Yellow,Economy
CAR_00385,Volvo,S60,2019,61819,29831,Electric,0.0,545,Automatic,1,0,8,47,7.8,6.8,Green,Mid-Range
CAR_00386,Jaguar,I-PACE,2004,10159,17341,Gasoline,2.6,150,Automatic,5,0,10,2,9.8,6.8,Black,Economy
CAR_00387,BMW,X3,2001,63921,4563,Hybrid,2.4,139,Automatic,1,0,10,321,4.7,5.4,Yellow,Economy
CAR_00388,Nissan,Altima,2002,31706,4183,Gasoline,4.1,209,Automatic,1,0,9,14,7.4,5.4,Gray,Economy
CAR_00389,Kia,Forte,2023,53363,22401,Gasoline,1.6,80,Automatic,1,0,10,24,12.0,8.4,Black,Mid-Range
CAR_00390,Volkswagen,Golf,2021,78499,21311,Gasoline,1.6,106,Automatic,0,0,6,99,5.2,7.2,Brown,Mid-Range
CAR_00391,Jaguar,XE,2016,44165,27833,Gasoline,3.1,169,Automatic,4,1,10,15,5.3,5.8,Silver,Mid-Range
CAR_00392,Nissan,Altima,2003,27617,7264,Gasoline,3.2,191,Automatic,0,0,9,36,4.5,4.5,Brown,Economy
CAR_00393,Kia,Telluride,2004,33765,3352,Gasoline,2.4,126,Manual,1,1,5,143,6.2,7.3,Silver,Economy
CAR_00394,Tesla,Model Y,2016,40310,18674,Hybrid,2.1,122,Manual,0,1,8,31,6.8,5.4,Green,Mid-Range
CAR_00395,Nissan,Sentra,2023,63231,20663,Gasoline,3.0,153,Manual,3,0,10,42,8.0,7.4,Brown,Mid-Range
CAR_00396,Porsche,Cayenne,2009,39923,23311,Hybrid,1.0,80,Automatic,1,0,10,40,7.7,7.9,Black,Mid-Range
CAR_00397,Lexus,IS,2018,46487,32463,Hybrid,3.2,169,Automatic,2,0,7,13,5.4,8.2,Gray,Mid-Range
CAR_00398,Mazda,Mazda6,2013,71509,11180,Diesel,3.0,185,Automatic,4,0,5,154,3.5,7.8,Blue,Economy
CAR_00399,Jeep,Renegade,2016,108148,14771,Gasoline,2.6,140,Automatic,3,0,6,199,3.2,7.9,Gray,Economy
CAR_00400,Nissan,Maxima,2018,9445,14024,Diesel,2.6,195,Automatic,1,1,10,196,3.9,7.0,White,Economy
CAR_00401,Tesla,Model 3,2024,35390,35250,Gasoline,2.1,93,Automatic,0,0,13,62,9.1,6.9,Blue,Premium
CAR_00402,Nissan,Altima,2010,20723,15201,Gasoline,2.6,137,Automatic,3,0,5,58,3.4,8.6,Blue,Economy
CAR_00403,Hyundai,Tucson,2024,103149,21289,Gasoline,3.9,218,Automatic,2,0,3,162,2.4,8.5,Yellow,Mid-Range
CAR_00404,Volvo,XC90,2012,25724,20792,Diesel,2.6,181,Automatic,5,1,5,76,7.1,5.1,Orange,Mid-Range
CAR_00405,Ford,Focus,2008,6698,15932,Gasoline,1.4,108,Manual,3,0,9,7,4.7,7.3,Blue,Economy
CAR_00406,BMW,3 Series,2004,23745,13219,Gasoline,2.9,169,Automatic,0,0,7,191,8.1,5.7,Blue,Economy
CAR_00407,Nissan,Altima,2009,52754,3411,Gasoline,1.3,80,Automatic,2,0,12,14,4.7,6.3,Orange,Economy
CAR_00408,Land Rover,Evoque,2016,71926,31782,Gasoline,3.5,199,Manual,1,0,11,350,3.4,8.5,Orange,Mid-Range
CAR_00409,Toyota,Camry,2002,76818,2000,Gasoline,4.6,262,Automatic,0,0,14,123,3.1,6.6,Gray,Economy
CAR_00410,Lexus,NX,2011,50833,19425,Gasoline,1.7,80,Automatic,0,0,8,4,9.8,8.8,Blue,Mid-Range
CAR_00411,Nissan,Maxima,2009,11998,9794,Gasoline,3.8,203,Automatic,1,1,7,25,4.6,5.4,Green,Economy
CAR_00412,Chevrolet,Malibu,2013,35995,13564,Gasoline,3.6,218,Automatic,2,0,8,33,3.6,6.8,Black,Economy
CAR_00413,Chevrolet,Camaro,2021,31806,19886,Gasoline,1.5,89,Automatic,1,0,6,24,4.0,6.6,Silver,Mid-Range
CAR_00414,Tesla,Model S,2011,74945,14695,Gasoline,3.0,150,Automatic,0,1,9,120,3.5,6.1,Red,Economy
CAR_00415,Volkswagen,Passat,2019,67264,8251,Gasoline,2.4,156,Automatic,2,0,6,126,5.0,6.5,Black,Economy
CAR_00416,Toyota,Tacoma,2005,43633,8569,Gasoline,2.0,116,Automatic,2,0,5,3,9.1,7.8,Green,Economy
CAR_00417,Land Rover,Range Rover,2021,85921,32882,Gasoline,2.6,163,Automatic,0,0,9,91,7.8,7.5,Orange,Mid-Range
CAR_00418,Jaguar,I-PACE,2009,45945,21121,Gasoline,2.0,98,Automatic,2,0,8,14,6.8,6.0,Red,Mid-Range
CAR_00419,Tesla,Model S,2014,26264,23580,Hybrid,2.7,143,Automatic,0,0,9,15,7.0,10.0,Red,Mid-Range
CAR_00420,Land Rover,Evoque,2007,15605,22019,Gasoline,2.3,109,CVT,3,0,8,68,6.9,5.7,Blue,Mid-Range
CAR_00421,Land Rover,Discovery,2022,27783,43721,Hybrid,2.5,127,Automatic,0,0,12,50,5.0,9.4,Green,Premium
CAR_00422,Kia,Sportage,2006,26984,9975,Gasoline,2.3,130,Automatic,3,0,7,38,8.3,7.9,Orange,Economy
CAR_00423,Porsche,Panamera,2004,118624,6735,Hybrid,1.0,91,Automatic,3,0,13,190,5.7,6.8,Green,Economy
CAR_00424,Hyundai,Tucson,2000,14940,7564,Diesel,1.7,114,Automatic,1,0,13,9,5.0,7.6,Green,Economy
CAR_00425,Toyota,Corolla,2015,151966,7299,Gasoline,3.5,169,Automatic,1,1,10,61,5.8,5.5,Black,Economy
CAR_00426,Honda,Civic,2009,38626,13904,Gasoline,2.3,97,Automatic,1,0,8,213,7.4,7.3,Orange,Economy
CAR_00427,Jaguar,XF,2007,46781,16607,Gasoline,3.2,184,CVT,0,0,8,81,8.2,8.2,Green,Economy
CAR_00428,Tesla,Model X,2000,34276,7550,Gasoline,2.8,167,Manual,0,0,8,154,7.1,6.4,Green,Economy
CAR_00429,Land Rover,Evoque,2002,46172,9094,Gasoline,1.0,80,CVT,2,1,11,64,6.3,8.5,White,Economy
CAR_00430,Chevrolet,Equinox,2013,98065,12922,Gasoline,3.2,197,Manual,1,1,8,252,5.3,5.5,Green,Economy
CAR_00431,Ford,F-150,2001,2334,2495,Diesel,2.3,114,Automatic,1,0,8,198,6.0,7.0,White,Economy
CAR_00433,Tesla,Model X,2011,75583,17405,Gasoline,2.3,124,Automatic,1,0,7,14,3.8,10.0,Yellow,Economy
CAR_00434,Nissan,Rogue,2015,59538,11026,Diesel,2.0,104,Automatic,2,0,5,178,4.8,9.6,White,Economy
CAR_00435,Volkswagen,Golf,2013,53342,13973,Gasoline,3.2,167,CVT,1,1,6,76,3.2,8.1,Orange,Economy
CAR_00436,Nissan,Sentra,2024,16215,24706,Gasoline,3.4,190,Automatic,1,0,5,89,7.9,7.3,Brown,Mid-Range
CAR_00437,Mercedes,GLC,2010,31059,26840,Electric,0.0,379,Automatic,1,0,8,12,7.9,8.8,Blue,Mid-Range
CAR_00438,Volvo,S60,2021,73710,21140,Hybrid,3.1,177,Automatic,4,0,8,153,8.1,5.0,Green,Mid-Range
CAR_00439,Nissan,Altima,2025,18149,21192,Gasoline,3.1,153,CVT,1,0,9,31,8.2,7.4,Green,Mid-Range
CAR_00440,Jeep,Grand Cherokee,2007,126027,5821,Gasoline,2.0,116,Automatic,1,0,8,19,7.4,6.7,Blue,Economy
CAR_00441,Subaru,Ascent,2013,36267,10479,Diesel,1.0,80,Automatic,2,1,6,27,5.6,7.4,White,Economy
CAR_00442,Volkswagen,Golf,2007,65583,9450,Diesel,1.8,87,Manual,1,0,5,17,8.4,9.6,Brown,Economy
CAR_00443,Volkswagen,Atlas,2006,14876,9398,Hybrid,1.8,110,Manual,2,1,13,70,4.0,8.6,Blue,Economy
CAR_00444,Tesla,Model 3,2006,21227,13379,Hybrid,2.2,117,Manual,2,0,8,67,7.3,5.3,Gray,Economy
CAR_00445,BMW,3 Series,2007,18016,20230,Gasoline,3.1,172,Automatic,0,0,11,30,9.3,5.5,Brown,Mid-Range
CAR_00446,Porsche,Macan,2001,75757,5775,Gasoline,1.0,80,Automatic,0,0,4,243,5.2,8.4,Silver,Economy
CAR_00447,Honda,Accord,2024,60240,21536,Diesel,4.6,239,Automatic,0,0,6,148,6.6,6.0,Silver,Mid-Range
CAR_00448,Nissan,Altima,2018,80800,16385,Gasoline,2.6,121,Manual,2,0,8,291,2.1,4.8,Blue,Economy
CAR_00449,Ford,F-150,2004,34202,12104,Gasoline,2.6,137,Automatic,0,0,11,40,1.8,5.5,Silver,Economy
CAR_00450,Mazda,Mazda6,2015,13384,14729,Hybrid,2.7,172,Automatic,1,1,13,160,0.0,7.0,Black,Economy
CAR_00451,Volkswagen,Tiguan,2015,50310,12351,Gasoline,2.8,163,Automatic,0,1,11,118,5.7,3.9,Brown,Economy
CAR_00452,Nissan,Sentra,2003,25303,2386,Hybrid,2.7,160,Manual,2,1,9,11,4.6,5.4,Orange,Economy
CAR_00453,Hyundai,Kona,2025,13098,23783,Gasoline,2.4,80,Automatic,2,1,5,83,6.4,10.0,Green,Mid-Range
CAR_00454,Kia,Telluride,2000,14272,7641,Gasoline,3.8,218,Automatic,1,0,11,207,4.2,7.0,Black,Economy
CAR_00455,Tesla,Model S,2024,20609,31433,Gasoline,2.6,129,Manual,3,0,6,26,3.8,3.8,Blue,Mid-Range
CAR_00456,Volkswagen,Tiguan,2020,36397,23355,Gasoline,3.1,169,Automatic,2,0,11,19,8.1,6.6,Black,Mid-Range
CAR_00457,Lexus,NX,2024,38605,44201,Hybrid,2.2,128,CVT,3,1,14,358,3.2,7.7,White,Premium
CAR_00458,Mercedes,C-Class,2000,23594,9123,Electric,0.0,685,Manual,2,1,5,50,8.5,5.7,Orange,Economy
CAR_00459,Mercedes,S-Class,2005,53741,12701,Gasoline,2.5,113,Automatic,0,0,8,5,4.7,7.3,Gray,Economy
CAR_00460,Nissan,Rogue,2021,22971,20358,Gasoline,1.4,80,Automatic,4,0,7,149,5.4,8.4,White,Mid-Range
CAR_00461,Nissan,Pathfinder,2023,45669,20134,Electric,0.0,445,Manual,1,0,11,29,9.3,9.6,Silver,Mid-Range
CAR_00462,Kia,Sportage,2004,53693,5198,Gasoline,2.0,90,Automatic,2,0,6,0,4.9,5.8,Gray,Economy
CAR_00463,Kia,Sorento,2020,72328,12516,Gasoline,3.6,218,Manual,2,0,4,277,4.2,9.8,Gray,Economy
CAR_00464,Jeep,Cherokee,2015,43857,16351,Hybrid,1.8,80,Automatic,0,0,10,3,9.2,2.6,Red,Economy
CAR_00465,Honda,HR-V,2014,65072,13484,Diesel,2.7,158,Automatic,3,0,5,6,6.0,8.0,White,Economy
CAR_00466,Hyundai,Tucson,2014,174407,10392,Hybrid,1.2,80,Automatic,0,0,9,152,6.0,8.7,Silver,Economy
CAR_00468,Porsche,911,2010,174989,18347,Hybrid,2.9,158,Automatic,3,0,5,14,10.8,8.1,Silver,Mid-Range
CAR_00469,Toyota,RAV4,2012,26877,9602,Gasoline,3.2,179,Automatic,2,0,12,135,6.0,7.3,Green,Economy
CAR_00470,Toyota,Corolla,2020,72912,18992,Diesel,0.0,777,Automatic,0,1,8,112,3.9,7.0,Orange,Mid-Range
CAR_00471,Jeep,Grand Cherokee,2009,18396,13600,Gasoline,2.9,122,CVT,0,0,8,8,5.9,7.7,White,Economy
CAR_00472,Tesla,Model Y,2017,79047,25339,Diesel,3.2,200,Manual,2,0,7,127,6.6,10.0,Red,Mid-Range
CAR_00473,Mercedes,C-Class,2019,28647,34512,Hybrid,2.8,119,CVT,2,0,8,9,11.3,8.9,Yellow,Mid-Range
CAR_00474,Audi,Q7,2016,12366,32359,Gasoline,3.0,173,Manual,0,0,10,41,6.0,3.2,Yellow,Mid-Range
CAR_00475,Land Rover,Discovery,2002,128695,6727,Diesel,2.1,107,Automatic,2,0,11,13,3.6,7.0,Yellow,Economy
CAR_00476,Lexus,GX,2019,135741,29343,Diesel,2.6,186,Automatic,1,0,10,26,6.5,5.4,Gray,Mid-Range
CAR_00477,Mercedes,C-Class,2000,108373,2000,Hybrid,4.0,184,Automatic,1,1,12,89,9.4,7.7,White,Economy
CAR_00478,Jeep,Wrangler,2005,14564,12808,Gasoline,3.0,152,Automatic,2,0,12,10,6.3,8.0,Brown,Economy
CAR_00479,Chevrolet,Equinox,2001,14320,7070,Diesel,3.3,170,Automatic,3,0,6,11,9.4,8.3,Silver,Economy
CAR_00480,Subaru,Impreza,2020,54584,18441,Diesel,3.9,252,Automatic,1,0,9,77,6.1,5.4,Blue,Mid-Range
CAR_00481,Ford,Focus,2022,31220,19241,Hybrid,2.2,108,Automatic,3,0,3,6,9.9,6.9,Red,Mid-Range
CAR_00482,Jaguar,XF,2019,118461,32703,Diesel,3.4,198,Automatic,1,1,13,56,3.8,7.9,Orange,Mid-Range
CAR_00483,Land Rover,Range Rover,2018,62714,37900,Gasoline,2.0,83,CVT,0,0,10,61,8.9,5.7,Gray,Premium
CAR_00484,Ford,F-150,2002,61805,2000,Electric,0.0,515,Automatic,1,0,11,0,10.4,4.7,Black,Economy
CAR_00485,Hyundai,Santa Fe,2014,23492,14702,Gasoline,2.4,143,Manual,1,1,13,113,8.9,7.2,Red,Economy
CAR_00486,Toyota,Camry,2015,14779,19770,Gasoline,2.7,117,Automatic,0,0,3,71,4.6,6.3,Yellow,Mid-Range
CAR_00487,Tesla,Model X,2024,120031,26842,Hybrid,1.5,115,Automatic,4,0,7,130,6.9,8.0,Silver,Mid-Range
CAR_00488,Chevrolet,Equinox,2002,55029,3836,Gasoline,2.6,114,Automatic,0,0,6,10,8.3,4.5,Silver,Economy
CAR_00489,Hyundai,Santa Fe,2015,62799,14340,Hybrid,3.8,211,CVT,3,0,6,56,5.9,6.6,Red,Economy
CAR_00490,Hyundai,Elantra,2015,83883,10603,Gasoline,1.9,80,CVT,2,0,5,32,6.3,9.3,Gray,Economy
CAR_00491,Tesla,Model S,2025,56333,30562,Electric,0.0,647,Automatic,3,0,8,315,6.4,7.6,Gray,Mid-Range
CAR_00492,Audi,A4,2010,42906,25015,Gasoline,3.1,183,Automatic,2,1,9,143,6.5,7.6,Black,Mid-Range
CAR_00493,Toyota,Tacoma,2011,17633,12297,Gasoline,3.5,233,Automatic,1,0,11,34,8.2,7.2,Blue,Economy
CAR_00494,Mazda,Mazda3,2014,29859,12897,Electric,0.0,266,Automatic,0,0,9,93,7.8,8.6,Red,Economy
CAR_00495,Toyota,RAV4,2018,164573,9230,Gasoline,3.5,163,Automatic,1,0,6,21,6.0,6.4,Red,Economy
CAR_00496,Hyundai,Santa Fe,2019,105763,14973,Gasoline,1.4,80,Automatic,1,0,9,84,7.1,7.5,Orange,Economy
CAR_00497,Volvo,S60,2015,133402,11517,Electric,0.0,581,CVT,1,0,15,384,9.3,7.4,Silver,Economy
CAR_00498,Audi,Q5,2021,43062,37799,Electric,0.0,477,Automatic,2,0,6,275,4.5,9.2,Gray,Premium
CAR_00499,Lexus,GX,2011,82539,20281,Electric,0.0,751,Manual,1,0,10,115,8.1,6.8,Gray,Mid-Range
CAR_00500,Chevrolet,Silverado,2004,50344,4886,Electric,0.0,490,Automatic,3,0,15,205,6.1,6.2,Gray,Economy
CAR_00501,Chevrolet,Malibu,2025,18068,25598,Gasoline,2.7,147,Automatic,2,0,3,35,3.2,8.2,Black,Mid-Range
CAR_00502,Mercedes,GLE,2016,35883,26982,Diesel,1.5,89,Automatic,1,0,10,177,5.7,7.1,Gray,Mid-Range
CAR_00503,Mercedes,GLC,2023,15569,42622,Gasoline,2.2,185,Automatic,2,0,12,108,4.2,9.9,Silver,Premium
CAR_00504,Toyota,Highlander,2007,54120,8339,Hybrid,2.4,100,Automatic,1,0,8,198,8.7,5.5,Brown,Economy
CAR_00505,Porsche,Macan,2015,68271,25704,Gasoline,1.2,80,Automatic,1,0,5,173,8.5,4.6,White,Mid-Range
CAR_00506,Kia,Sorento,2005,117696,8273,Electric,0.0,554,Automatic,3,0,11,88,6.8,7.4,Red,Economy
CAR_00507,Volvo,S60,2003,54213,12329,Diesel,2.3,142,Automatic,1,0,6,93,5.4,9.8,Red,Economy
CAR_00508,Nissan,Rogue,2004,17780,7019,Diesel,1.9,93,Automatic,2,0,8,102,6.9,1.8,Orange,Economy
CAR_00509,Jeep,Wrangler,2002,108492,2000,Gasoline,3.9,199,CVT,1,0,5,73,6.4,5.7,Silver,Economy
CAR_00510,Lexus,GX,2016,5285,29227,Electric,0.0,461,Automatic,0,0,9,8,3.0,7.1,Black,Mid-Range
CAR_00512,Jaguar,XF,2009,12985,18129,Gasoline,1.4,93,Automatic,2,0,10,168,6.4,7.0,Gray,Mid-Range
CAR_00513,BMW,X5,2005,42935,14328,Electric,0.0,778,Automatic,2,0,13,94,7.3,6.2,Gray,Economy
CAR_00514,Audi,A6,2011,75471,19917,Electric,0.0,636,Automatic,0,0,6,34,4.1,10.0,Gray,Mid-Range
CAR_00515,Ford,Focus,2014,63224,16946,Gasoline,4.4,214,Automatic,1,0,14,8,7.0,7.1,Yellow,Economy
CAR_00516,Lexus,NX,2003,20497,16423,Gasoline,2.5,127,Manual,0,0,15,95,9.9,4.4,Black,Economy
CAR_00517,Kia,Optima,2017,20095,15901,Electric,0.0,429,Automatic,1,0,5,147,6.7,4.9,Blue,Economy
CAR_00518,Kia,Sportage,2017,36511,16864,Gasoline,1.6,88,Automatic,1,0,12,31,7.9,6.5,Silver,Economy
CAR_00520,Kia,Optima,2021,57362,22100,Gasoline,3.1,181,Automatic,2,0,7,10,7.2,5.6,Blue,Mid-Range
CAR_00521,Chevrolet,Silverado,2014,57597,9134,Diesel,2.9,130,CVT,1,0,8,195,6.1,4.9,Silver,Economy
CAR_00522,Audi,Q7,2024,42015,37597,Gasoline,2.6,137,Automatic,5,0,10,43,3.3,5.7,Yellow,Premium
CAR_00523,Nissan,Altima,2013,22943,11163,Hybrid,1.3,80,CVT,1,0,4,72,5.6,6.5,Red,Economy
CAR_00524,Land Rover,Evoque,2000,6201,10205,Gasoline,2.4,131,Automatic,1,0,8,15,5.2,7.5,Orange,Economy
CAR_00525,Porsche,Taycan,2013,55552,18705,Gasoline,2.5,106,Manual,0,1,12,215,7.3,4.6,Green,Mid-Range
CAR_00526,BMW,X5,2018,50576,34891,Electric,0.0,457,Automatic,2,0,7,91,2.5,7.7,Yellow,Mid-Range
CAR_00527,BMW,X5,2016,161918,24975,Diesel,2.5,152,CVT,3,0,11,20,6.6,7.0,Green,Mid-Range
CAR_00528,Hyundai,Elantra,2025,79530,19854,Hybrid,2.8,183,Automatic,0,1,4,53,6.6,4.8,Black,Mid-Range
CAR_00529,BMW,3 Series,2001,55868,7439,Gasoline,1.6,86,Automatic,1,1,14,70,4.6,3.8,Red,Economy
CAR_00530,Mazda,CX-5,2015,61524,18032,Electric,0.0,799,Automatic,1,0,7,13,4.1,5.3,Gray,Mid-Range
CAR_00531,Nissan,Altima,2003,42694,9389,Gasoline,1.0,80,CVT,1,0,7,75,5.4,7.3,Silver,Economy
CAR_00532,Porsche,Taycan,2023,62416,43969,Hybrid,1.8,80,Automatic,3,0,6,31,5.8,6.7,Orange,Premium
CAR_00533,Honda,Accord,2008,133694,4720,Gasoline,3.1,171,Automatic,0,1,6,16,6.7,4.7,Brown,Economy
CAR_00534,Chevrolet,Camaro,2025,12496,20667,Gasoline,1.1,80,Automatic,2,1,7,67,5.8,5.1,Blue,Mid-Range
CAR_00535,Jeep,Cherokee,2025,8285,35079,Gasoline,2.7,169,Automatic,0,0,9,12,6.8,8.6,White,Premium
CAR_00536,Mercedes,S-Class,2016,94157,27538,Hybrid,2.9,167,Automatic,2,0,11,11,5.8,6.9,Orange,Mid-Range
CAR_00537,Jeep,Renegade,2023,53186,22738,Hybrid,3.5,194,Automatic,3,0,7,50,5.3,7.5,Red,Mid-Range
CAR_00538,Toyota,Tacoma,2020,44416,20575,Electric,0.0,716,Automatic,0,1,6,283,5.4,7.1,White,Mid-Range
CAR_00539,Kia,Forte,2018,17115,19484,Gasoline,2.1,120,Automatic,2,0,11,0,8.7,7.1,Green,Mid-Range
CAR_00540,Land Rover,Velar,2003,125131,5682,Electric,0.0,446,Automatic,0,0,3,186,5.9,7.5,Red,Economy
CAR_00541,Jeep,Renegade,2024,61106,22486,Gasoline,2.7,126,Automatic,2,0,3,5,7.1,6.6,Orange,Mid-Range
CAR_00542,Audi,Q5,2023,35760,39816,Gasoline,3.0,205,Automatic,2,0,3,11,8.0,5.8,Blue,Premium
CAR_00543,Land Rover,Velar,2010,26628,17097,Diesel,1.5,80,Automatic,1,0,6,34,7.0,7.7,Brown,Economy
CAR_00545,Hyundai,Sonata,2015,34619,16172,Gasoline,3.0,140,Manual,0,0,5,244,6.3,7.3,Gray,Economy
CAR_00546,Tesla,Model S,2015,162823,13480,Diesel,2.6,133,Automatic,1,1,13,82,6.2,5.2,Orange,Economy
CAR_00547,Volvo,V60,2001,41678,5361,Diesel,2.3,103,CVT,2,1,8,122,7.1,6.2,Brown,Economy
CAR_00548,Porsche,Taycan,2011,116621,20834,Gasoline,2.2,115,Automatic,1,0,8,2,7.8,5.8,White,Mid-Range
CAR_00549,Nissan,Rogue,2013,31487,9639,Electric,0.0,444,Automatic,2,0,8,364,3.5,3.5,Yellow,Economy
CAR_00550,Ford,Explorer,2012,107226,7323,Gasoline,2.8,150,Automatic,0,0,6,126,3.6,7.3,Gray,Economy
CAR_00551,BMW,7 Series,2018,47480,31392,Diesel,1.9,95,Automatic,3,0,12,23,7.4,5.3,Red,Mid-Range
CAR_00552,Audi,A4,2005,23181,15087,Gasoline,2.5,163,Automatic,1,0,12,390,5.1,7.9,Orange,Economy
CAR_00553,Subaru,Crosstrek,2018,25929,23834,Gasoline,1.6,80,Manual,1,0,10,21,5.8,3.1,Orange,Mid-Range
CAR_00554,Audi,A6,2005,50293,9292,Gasoline,1.2,80,Automatic,3,0,3,11,8.1,4.9,Gray,Economy
CAR_00555,Toyota,Camry,2012,78104,11766,Gasoline,2.8,155,Automatic,0,1,4,56,9.2,6.0,Blue,Economy
CAR_00556,Jaguar,F-PACE,2009,122790,12247,Hybrid,1.8,113,Manual,0,0,8,19,6.2,5.9,Yellow,Economy
CAR_00557,Audi,A4,2007,54228,19009,Hybrid,2.3,118,Manual,1,0,7,54,4.5,9.9,Green,Mid-Range
CAR_00558,Jeep,Wrangler,2016,42291,21816,Electric,0.0,622,Automatic,1,0,10,97,4.3,6.9,Green,Mid-Range
CAR_00559,Hyundai,Elantra,2022,80234,14388,Electric,0.0,525,Manual,1,0,6,68,7.1,10.0,Red,Economy
CAR_00560,Jeep,Wrangler,2003,49759,6324,Hybrid,2.4,142,Automatic,5,1,11,35,7.1,8.5,Orange,Economy
CAR_00561,Kia,Sorento,2021,48010,17037,Gasoline,2.1,138,Automatic,0,0,9,7,6.4,7.3,Black,Economy
CAR_00562,Nissan,Pathfinder,2025,17454,24656,Gasoline,3.2,192,CVT,2,1,7,281,6.3,8.1,Green,Mid-Range
CAR_00563,Mercedes,E-Class,2008,45616,27241,Electric,0.0,434,Automatic,0,0,8,55,5.8,9.2,Red,Mid-Range
CAR_00564,Mazda,CX-5,2022,130957,18522,Gasoline,3.6,192,Manual,1,0,6,7,10.2,6.3,Brown,Mid-Range
CAR_00565,Honda,Civic,2008,112288,10494,Gasoline,2.2,154,Automatic,1,0,4,27,3.8,4.7,Silver,Economy
CAR_00566,Hyundai,Sonata,2024,42468,20764,Gasoline,2.0,126,Automatic,1,0,8,199,7.0,8.8,Orange,Mid-Range
CAR_00567,Tesla,Model X,2024,45932,29931,Electric,0.0,499,CVT,2,0,2,11,6.9,7.0,Yellow,Mid-Range
CAR_00568,Ford,Mustang,2008,69465,7552,Gasoline,1.9,117,Automatic,2,0,11,86,8.7,7.3,Red,Economy
CAR_00569,Nissan,Altima,2018,87545,16327,Gasoline,2.0,111,Manual,1,0,14,261,5.5,7.1,Yellow,Economy
CAR_00570,Lexus,ES,2002,55896,8347,Hybrid,1.4,80,Automatic,2,0,8,107,10.7,6.6,Gray,Economy
CAR_00571,Porsche,Macan,2025,80965,41398,Gasoline,2.0,83,Automatic,1,1,11,49,6.5,6.7,Orange,Premium
CAR_00572,Chevrolet,Equinox,2009,31481,4991,Gasoline,2.0,122,Automatic,1,0,6,0,9.0,6.6,White,Economy
CAR_00573,Jaguar,I-PACE,2015,17378,29743,Gasoline,3.0,174,Automatic,2,0,8,23,7.6,8.2,Gray,Mid-Range
CAR_00574,Chevrolet,Malibu,2009,32404,8791,Diesel,2.5,144,CVT,1,0,11,158,4.6,7.1,Brown,Economy
CAR_00576,Volkswagen,Jetta,2008,49378,10430,Gasoline,3.4,221,Automatic,0,0,11,4,5.0,9.2,Silver,Economy
CAR_00577,Volvo,V60,2024,46840,26841,Diesel,2.2,141,Automatic,0,0,14,111,7.0,6.6,Yellow,Mid-Range
CAR_00578,Tesla,Model S,2010,64854,15998,Electric,0.0,407,Automatic,0,0,8,42,5.7,8.5,Yellow,Economy
CAR_00579,Land Rover,Velar,2000,3221,6656,Gasoline,1.8,80,Automatic,0,0,13,110,4.9,6.9,Silver,Economy
CAR_00580,Jaguar,F-TYPE,2023,141752,28543,Hybrid,3.1,169,Manual,2,0,12,13,2.6,9.6,Brown,Mid-Range
CAR_00581,Ford,Explorer,2002,45878,3087,Diesel,1.0,97,Automatic,3,0,15,5,7.3,7.2,Black,Economy
CAR_00582,Kia,Optima,2017,15403,12557,Hybrid,1.7,91,Automatic,3,0,12,105,7.3,9.0,Orange,Economy
CAR_00583,Audi,Q5,2003,69773,7158,Gasoline,2.7,150,Automatic,2,0,11,57,8.8,8.3,Yellow,Economy
CAR_00584,Audi,A3,2019,32105,36296,Gasoline,2.2,173,Automatic,2,0,11,125,6.3,6.5,Black,Premium
CAR_00585,Volvo,S60,2005,2861,7411,Gasoline,1.0,100,Automatic,1,0,11,14,6.1,7.5,Gray,Economy
CAR_00586,Lexus,IS,2023,9740,41085,Diesel,1.0,80,Automatic,2,0,6,3,9.1,5.9,Green,Premium
CAR_00587,Volvo,XC40,2014,45073,24231,Gasoline,2.3,138,Automatic,1,0,6,89,7.7,7.7,Blue,Mid-Range
CAR_00588,Kia,Telluride,2012,79005,8060,Hybrid,1.8,141,Automatic,0,0,9,119,7.4,10.0,Silver,Economy
CAR_00589,Lexus,GX,2013,59420,30413,Diesel,3.3,210,CVT,2,0,4,7,9.4,6.2,Green,Mid-Range
CAR_00590,Jeep,Cherokee,2010,30893,7809,Gasoline,2.8,154,Automatic,1,0,6,7,6.9,8.8,Brown,Economy
CAR_00591,BMW,7 Series,2002,76362,6965,Gasoline,2.9,129,Automatic,2,0,4,121,5.8,6.8,Yellow,Economy
CAR_00592,Honda,Civic,2004,525,2000,Diesel,3.2,197,Automatic,1,0,7,114,6.3,10.0,Black,Economy
CAR_00593,Lexus,NX,2009,68677,24557,Diesel,2.9,153,Manual,1,0,10,26,5.0,4.7,Silver,Mid-Range
CAR_00594,Jeep,Cherokee,2017,34932,12676,Hybrid,1.1,80,Automatic,5,1,5,134,6.7,7.3,Silver,Economy
CAR_00595,Jaguar,I-PACE,2006,33849,11960,Electric,0.0,217,Automatic,2,0,7,36,5.1,5.9,Black,Economy
CAR_00596,Lexus,RX,2014,23292,29566,Gasoline,2.4,88,Automatic,1,0,6,67,6.8,6.3,Brown,Mid-Range
CAR_00597,Jeep,Grand Cherokee,2004,31495,3025,Hybrid,2.6,158,Automatic,2,0,6,51,8.8,4.8,Green,Economy
CAR_00598,Audi,Q5,2013,39547,28576,Gasoline,1.7,127,CVT,1,0,4,109,6.7,6.6,Yellow,Mid-Range
CAR_00599,Toyota,RAV4,2017,136079,14287,Gasoline,1.8,97,Manual,2,0,9,36,8.2,3.6,Black,Economy
CAR_00600,Porsche,911,2009,59814,19733,Gasoline,2.7,157,Automatic,1,0,12,25,6.8,7.9,Red,Mid-Range
CAR_00601,Volvo,XC60,2002,65576,10986,Hybrid,2.6,136,Automatic,1,0,10,130,7.3,9.3,Brown,Economy
CAR_00602,Nissan,Rogue,2021,11783,25573,Diesel,3.6,162,Automatic,1,0,2,23,8.0,4.8,Silver,Mid-Range
CAR_00603,Nissan,Sentra,2017,101394,19102,Hybrid,1.3,80,Automatic,2,1,7,13,5.0,7.2,White,Mid-Range
CAR_00604,Tesla,Cybertruck,2021,75598,24321,Gasoline,2.3,99,Manual,1,0,5,137,5.1,8.1,Gray,Mid-Range
CAR_00605,Audi,A3,2008,25286,20457,Gasoline,2.0,108,Automatic,1,0,7,64,6.8,8.5,Green,Mid-Range
CAR_00606,Subaru,Crosstrek,2006,42644,7261,Gasoline,3.5,187,Automatic,1,0,5,49,8.4,8.2,Red,Economy
CAR_00607,Hyundai,Sonata,2010,3871,12229,Gasoline,1.0,80,CVT,1,1,11,30,6.3,10.0,Green,Economy
CAR_00608,Honda,Civic,2011,10255,10459,Gasoline,2.6,127,Automatic,2,0,13,182,4.4,6.5,Black,Economy
CAR_00609,Audi,A3,2015,120160,18609,Gasoline,2.6,168,CVT,1,0,6,66,2.5,6.0,Green,Mid-Range
CAR_00610,Chevrolet,Tahoe,2015,44355,10838,Gasoline,1.7,108,CVT,4,1,5,25,5.4,6.3,Green,Economy
CAR_00611,Nissan,Sentra,2004,104208,2238,Gasoline,2.3,132,CVT,0,0,9,6,4.1,5.5,Yellow,Economy
CAR_00612,Volvo,XC60,2021,37854,23118,Gasoline,2.7,138,Automatic,1,0,10,132,7.2,7.7,Red,Mid-Range
CAR_00613,Porsche,Panamera,2024,30954,42175,Electric,0.0,242,Automatic,0,1,8,245,3.1,9.0,Blue,Premium
CAR_00614,Ford,Escape,2003,15642,10834,Gasoline,2.2,80,Automatic,2,1,15,0,6.1,7.5,White,Economy
CAR_00616,Ford,F-150,2001,122437,2000,Gasoline,2.7,141,Automatic,2,0,11,24,5.7,6.2,Gray,Economy
CAR_00617,Honda,Civic,2011,17727,17838,Gasoline,2.7,134,Automatic,1,0,5,98,7.6,9.0,Red,Economy
CAR_00618,Toyota,Corolla,2019,19151,16637,Gasoline,2.7,164,Automatic,3,0,10,93,7.4,7.9,Red,Economy
CAR_00619,Subaru,Crosstrek,2020,16237,19159,Gasoline,4.1,198,Automatic,1,0,6,129,0.6,8.6,Silver,Mid-Range
CAR_00620,Porsche,Cayenne,2025,908,47354,Gasoline,1.2,82,Automatic,2,1,7,3,8.0,6.8,Black,Premium
CAR_00621,Honda,CR-V,2016,54701,14558,Electric,0.0,613,Automatic,1,0,8,54,6.0,5.0,Brown,Economy
CAR_00622,Subaru,Outback,2017,44636,17224,Electric,0.0,285,Automatic,0,0,9,304,3.0,5.7,Orange,Economy
CAR_00623,Tesla,Model X,2003,25255,5496,Gasoline,4.0,208,Automatic,0,0,12,1,10.3,8.2,Yellow,Economy
CAR_00624,Land Rover,Discovery,2009,8285,17184,Gasoline,2.4,117,Automatic,3,0,12,34,7.4,3.9,Green,Economy
CAR_00625,Lexus,ES,2008,81451,20132,Gasoline,1.8,90,Automatic,1,0,9,11,5.2,10.0,Black,Mid-Range
CAR_00626,Nissan,Altima,2014,44089,11298,Electric,0.0,205,Automatic,2,0,5,74,7.5,8.2,Gray,Economy
CAR_00627,Nissan,Pathfinder,2025,79408,24868,Gasoline,2.8,141,Automatic,0,0,6,35,5.6,4.3,Red,Mid-Range
CAR_00628,Lexus,NX,2021,35186,38738,Gasoline,2.9,136,Automatic,2,0,8,155,9.0,8.2,Green,Premium
CAR_00629,Lexus,ES,2012,96613,19303,Gasoline,3.2,186,Manual,1,1,5,17,8.0,5.0,Silver,Mid-Range
CAR_00630,Lexus,RX,2009,25195,26162,Gasoline,3.9,210,Automatic,0,0,5,48,7.3,3.0,Green,Mid-Range
CAR_00631,Honda,HR-V,2023,10410,23749,Gasoline,2.5,135,Manual,2,0,10,117,6.3,7.7,Orange,Mid-Range
CAR_00633,Jaguar,F-TYPE,2022,108600,33838,Hybrid,3.3,162,Manual,2,1,5,241,5.8,7.4,Gray,Mid-Range
CAR_00634,BMW,3 Series,2005,147490,8148,Gasoline,2.6,140,Automatic,0,0,15,67,8.1,7.4,Brown,Economy
CAR_00635,Hyundai,Elantra,2017,38476,14570,Gasoline,3.1,194,Manual,0,0,13,1,0.0,7.7,Silver,Economy
CAR_00636,Tesla,Model 3,2018,41119,23064,Diesel,1.9,113,Automatic,5,0,10,72,7.2,6.2,Silver,Mid-Range
CAR_00637,Jeep,Cherokee,2018,141280,12347,Electric,0.0,689,CVT,2,0,7,40,5.4,8.4,Blue,Economy
CAR_00638,Volvo,XC90,2011,12837,21881,Hybrid,2.1,115,Automatic,1,0,6,128,6.0,8.3,Gray,Mid-Range
CAR_00639,BMW,X5,2019,71531,34534,Hybrid,3.0,153,Automatic,2,0,4,8,4.3,7.6,Silver,Mid-Range
CAR_00640,BMW,3 Series,2015,12640,30534,Hybrid,2.0,125,Automatic,3,0,3,74,8.0,9.3,Gray,Mid-Range
CAR_00641,Jeep,Compass,2024,62172,22073,Electric,0.0,584,Automatic,2,0,4,90,8.7,8.8,Gray,Mid-Range
CAR_00642,Subaru,Ascent,2024,106067,21178,Gasoline,3.3,156,Manual,3,0,9,85,8.6,7.1,Yellow,Mid-Range
CAR_00643,Chevrolet,Tahoe,2019,29769,18581,Diesel,1.7,87,Automatic,3,0,7,12,9.4,5.0,Red,Mid-Range
CAR_00644,BMW,5 Series,2005,54597,11589,Electric,0.0,762,Automatic,0,0,8,108,4.9,3.2,Brown,Economy
CAR_00645,Audi,A4,2006,33377,18651,Hybrid,1.4,80,Automatic,1,0,7,125,8.0,5.3,Orange,Mid-Range
CAR_00646,Tesla,Model Y,2014,24888,18629,Electric,0.0,502,Automatic,1,0,11,4,5.6,7.6,White,Mid-Range
CAR_00647,Hyundai,Sonata,2000,67741,2000,Electric,0.0,518,Automatic,1,0,15,85,6.7,6.2,Red,Economy
CAR_00648,Mazda,Mazda3,2016,51850,17827,Diesel,2.2,133,CVT,1,0,6,8,8.3,7.8,White,Economy
CAR_00649,Volkswagen,Passat,2009,23278,13185,Electric,0.0,653,Manual,1,1,10,3,7.4,5.8,Brown,Economy
CAR_00650,Tesla,Model S,2005,7717,10607,Diesel,2.6,125,Automatic,0,0,3,94,8.7,6.9,White,Economy
CAR_00651,Lexus,NX,2022,34702,40631,Gasoline,1.9,102,Automatic,0,1,14,173,3.9,9.5,Yellow,Premium
CAR_00652,Lexus,IS,2021,37425,45919,Electric,0.0,139,CVT,0,1,12,46,8.0,6.5,Gray,Premium
CAR_00653,Audi,Q7,2019,24042,36506,Gasoline,2.1,132,CVT,0,0,13,32,6.1,8.4,Black,Premium
CAR_00654,Porsche,911,2021,67614,31423,Gasoline,2.1,109,Automatic,1,0,8,11,7.7,7.4,Red,Mid-Range
CAR_00655,Lexus,GX,2019,26414,32139,Gasoline,2.3,110,Automatic,1,0,8,33,8.6,6.3,Black,Mid-Range
CAR_00657,Nissan,Rogue,2012,65615,11212,Gasoline,1.6,80,Automatic,1,0,8,121,2.1,8.0,Black,Economy
CAR_00658,Mazda,Mazda6,2023,27521,16023,Electric,0.0,419,Automatic,0,0,9,422,6.4,8.2,Black,Economy
CAR_00659,Honda,Civic,2007,9868,5296,Gasoline,3.1,187,CVT,3,0,4,72,6.8,4.8,Orange,Economy
CAR_00660,Mazda,Mazda3,2007,16556,10453,Gasoline,2.7,124,Automatic,1,0,13,0,5.9,6.6,Green,Economy
CAR_00661,Subaru,Forester,2012,24352,17265,Diesel,2.3,148,Automatic,0,0,12,18,5.9,9.8,Silver,Economy
CAR_00662,Porsche,Cayenne,2022,103323,34299,Gasoline,2.1,80,Automatic,1,1,16,47,4.8,6.0,White,Mid-Range
CAR_00663,Honda,Pilot,2020,127005,13147,Diesel,3.0,183,Automatic,2,0,9,195,4.4,8.7,Black,Economy
CAR_00664,Kia,Telluride,2019,51157,18221,Gasoline,2.7,136,Manual,3,0,11,54,5.9,9.5,White,Mid-Range
CAR_00665,Ford,F-150,2014,58031,12586,Electric,0.0,754,Automatic,2,0,10,49,5.8,4.9,Yellow,Economy
CAR_00666,Subaru,Impreza,2009,18552,9938,Diesel,1.1,80,Automatic,2,0,6,255,6.4,5.1,Silver,Economy
CAR_00667,BMW,7 Series,2018,82656,29744,Gasoline,1.6,90,Automatic,1,0,12,17,4.3,6.9,Blue,Mid-Range
CAR_00668,Mercedes,C-Class,2005,35767,14373,Gasoline,3.8,169,Automatic,2,0,9,78,8.5,7.2,Gray,Economy
CAR_00669,Jaguar,F-TYPE,2016,78955,31605,Diesel,1.3,99,Automatic,0,0,13,111,6.1,5.8,Orange,Mid-Range
CAR_00670,Subaru,Forester,2010,85813,7752,Gasoline,3.7,212,Automatic,2,0,5,287,6.9,4.0,Brown,Economy
CAR_00671,Volvo,XC90,2016,38004,21550,Diesel,3.3,161,Manual,3,0,8,110,7.1,4.8,Red,Mid-Range
CAR_00672,Volkswagen,Tiguan,2011,83802,12864,Diesel,3.7,173,Automatic,2,0,11,20,4.9,7.1,White,Economy
CAR_00673,Nissan,Pathfinder,2006,44979,4698,Gasoline,3.8,220,Automatic,1,0,16,12,8.7,7.4,Orange,Economy
CAR_00674,Kia,Sportage,2002,28701,8101,Diesel,2.4,150,Automatic,1,0,7,180,6.8,6.1,Black,Economy
CAR_00675,Hyundai,Kona,2009,91319,14485,Gasoline,4.3,239,Automatic,0,1,6,200,4.3,6.6,Silver,Economy
CAR_00677,Volvo,XC60,2003,34267,12572,Diesel,1.5,91,Automatic,4,0,9,167,8.4,6.0,Yellow,Economy
CAR_00678,Subaru,Outback,2006,4882,13438,Diesel,3.4,113,Manual,2,0,9,27,4.3,7.7,Silver,Economy
CAR_00679,Audi,Q7,2014,25810,24723,Gasoline,2.0,107,CVT,0,0,3,6,6.6,7.3,Silver,Mid-Range
CAR_00680,Volkswagen,Jetta,2010,50719,13119,Gasoline,2.2,120,Automatic,2,0,6,4,7.7,7.6,Green,Economy
CAR_00681,Porsche,Macan,2021,49775,37652,Electric,0.0,788,Automatic,4,0,10,49,6.7,5.8,Red,Premium
CAR_00682,Tesla,Model 3,2025,4884,38321,Electric,0.0,276,Automatic,2,0,7,141,5.4,4.6,Red,Premium
CAR_00683,BMW,X5,2019,18007,38476,Electric,0.0,200,Automatic,0,0,12,36,6.5,5.9,Yellow,Premium
CAR_00684,Toyota,RAV4,2022,42735,19974,Hybrid,3.0,138,Automatic,2,0,10,155,9.7,5.7,White,Mid-Range
CAR_00685,Toyota,Highlander,2014,20993,15549,Hybrid,2.9,127,Automatic,4,1,6,77,10.4,7.0,Green,Economy
CAR_00686,Jeep,Cherokee,2008,27001,11832,Hybrid,1.0,94,Automatic,1,0,4,23,7.7,4.9,Orange,Economy
CAR_00687,Volvo,XC90,2022,37241,33743,Diesel,2.3,80,Automatic,1,0,5,119,10.0,8.1,Gray,Mid-Range
CAR_00688,Volkswagen,Atlas,2025,138714,15507,Gasoline,1.9,94,Automatic,1,1,11,15,6.0,6.2,Silver,Economy
CAR_00689,Jaguar,XF,2020,45290,35766,Diesel,2.9,113,Automatic,0,1,9,4,6.2,7.6,Blue,Premium
CAR_00690,Porsche,Taycan,2019,90334,26727,Gasoline,2.5,140,Automatic,4,0,5,85,6.5,5.6,Yellow,Mid-Range
CAR_00691,Jaguar,XF,2013,65619,24976,Diesel,1.8,81,Automatic,4,0,7,1,10.2,1.0,Silver,Mid-Range
CAR_00692,Land Rover,Discovery,2000,118973,4808,Gasoline,1.9,80,Automatic,2,1,5,32,3.4,5.2,White,Economy
CAR_00693,Toyota,Camry,2001,28961,5950,Hybrid,3.7,222,Automatic,3,0,8,112,7.0,8.6,Orange,Economy
CAR_00694,Tesla,Model Y,2014,9771,26095,Gasoline,3.1,171,Automatic,1,0,3,18,9.3,6.7,White,Mid-Range
CAR_00696,Jeep,Compass,2000,28159,2000,Electric,0.0,223,Automatic,1,0,8,170,7.0,6.0,Black,Economy
CAR_00697,Mercedes,C-Class,2011,96546,14255,Gasoline,2.9,134,CVT,2,0,7,23,4.6,7.7,Red,Economy
CAR_00698,Hyundai,Sonata,2007,135949,4934,Gasoline,1.6,81,Automatic,2,0,9,3,5.1,6.8,Brown,Economy
CAR_00699,Toyota,RAV4,2009,22418,10830,Gasoline,3.0,197,Automatic,2,0,8,10,5.9,6.4,Gray,Economy
CAR_00700,Jeep,Wrangler,2021,71488,15996,Gasoline,2.7,141,Automatic,3,0,9,30,12.0,7.3,Green,Economy
CAR_00701,Toyota,Corolla,2023,17262,29350,Electric,0.0,305,Automatic,2,1,13,45,6.9,7.6,Green,Mid-Range
CAR_00702,Volvo,XC60,2016,114512,19242,Gasoline,1.2,80,CVT,2,0,9,273,6.4,6.2,White,Mid-Range
CAR_00703,Subaru,Crosstrek,2001,54258,7989,Gasoline,2.0,80,Manual,1,1,6,321,6.2,7.9,Brown,Economy
CAR_00704,Ford,F-150,2005,54845,2000,Diesel,3.6,159,Manual,1,0,2,53,9.1,8.0,Gray,Economy
CAR_00706,Tesla,Model Y,2006,17688,15651,Gasoline,2.1,184,Automatic,0,0,12,31,4.4,7.1,Gray,Economy
CAR_00707,Volkswagen,Atlas,2021,46053,19174,Gasoline,2.5,160,CVT,3,0,14,162,8.6,7.7,Orange,Mid-Range
CAR_00708,Honda,HR-V,2014,24040,15740,Gasoline,1.7,80,Automatic,0,0,5,16,4.9,9.5,Silver,Economy
CAR_00709,Kia,Optima,2010,58655,8089,Gasoline,3.0,208,Automatic,0,0,10,7,6.3,9.2,Gray,Economy
CAR_00710,Lexus,ES,2025,95023,40898,Gasoline,1.6,107,CVT,1,0,10,29,10.2,9.6,White,Premium
CAR_00711,Hyundai,Kona,2011,50718,15642,Diesel,2.8,144,Automatic,2,0,7,52,6.1,8.4,Gray,Economy
CAR_00712,Porsche,Cayenne,2007,34058,17033,Electric,0.0,359,CVT,2,0,9,50,6.9,8.2,White,Economy
CAR_00713,Land Rover,Discovery,2019,21214,37471,Hybrid,2.3,102,CVT,4,0,8,65,7.5,8.5,Gray,Premium
CAR_00714,Jaguar,XE,2011,24747,25297,Diesel,3.6,172,Automatic,0,0,4,21,7.8,5.9,White,Mid-Range
CAR_00715,Nissan,Rogue,2019,33144,23013,Diesel,1.9,114,Automatic,5,0,11,80,6.9,8.2,Black,Mid-Range
CAR_00716,Tesla,Model 3,2015,95177,16184,Electric,0.0,708,Automatic,0,0,5,32,7.6,5.4,Blue,Economy
CAR_00717,Volvo,XC40,2018,49993,22585,Gasoline,2.6,137,Automatic,3,0,3,241,6.9,6.5,Black,Mid-Range
CAR_00718,Chevrolet,Tahoe,2021,77857,15640,Electric,0.0,785,Manual,1,0,12,84,8.6,6.9,White,Economy
CAR_00719,Ford,Escape,2001,35364,3542,Hybrid,4.1,218,Automatic,1,0,13,12,4.6,7.7,Black,Economy
CAR_00720,Lexus,NX,2002,123038,8310,Hybrid,1.7,85,Automatic,3,0,5,116,5.7,5.1,Black,Economy
CAR_00721,Land Rover,Defender,2019,16339,35558,Hybrid,2.2,111,Automatic,3,1,9,16,4.0,5.5,Green,Premium
CAR_00722,Tesla,Model S,2013,25796,17448,Gasoline,2.8,113,Automatic,3,0,7,22,5.2,5.2,Gray,Economy
CAR_00723,Ford,Focus,2015,29437,13324,Gasoline,2.1,110,CVT,2,0,8,241,6.1,5.6,Black,Economy
CAR_00724,Lexus,IS,2017,13833,33661,Electric,0.0,314,Automatic,0,1,8,54,4.6,1.0,Orange,Mid-Range
CAR_00725,Mercedes,E-Class,2010,65954,18040,Diesel,3.2,161,Automatic,2,0,3,188,6.3,6.1,Red,Mid-Range
CAR_00726,Nissan,Pathfinder,2018,18070,21188,Electric,1.8,114,CVT,1,0,7,135,8.6,9.4,Yellow,Mid-Range
CAR_00727,Mazda,Mazda6,2013,9700,17010,Gasoline,1.0,80,Manual,1,0,9,296,8.8,7.7,Silver,Economy
CAR_00728,Tesla,Model S,2018,50173,26644,Hybrid,2.1,113,Manual,0,0,8,8,6.0,8.9,Orange,Mid-Range
CAR_00729,Toyota,Corolla,2014,58894,15996,Diesel,2.7,175,CVT,3,1,6,107,6.8,9.8,Silver,Economy
CAR_00730,BMW,3 Series,2015,8766,26945,Electric,0.0,536,Automatic,0,0,6,45,8.5,5.9,Green,Mid-Range
CAR_00731,Mazda,Mazda3,2024,1944,23464,Gasoline,2.0,85,Automatic,3,0,8,21,6.2,7.3,White,Mid-Range
CAR_00732,Land Rover,Range Rover,2018,49630,31752,Diesel,1.7,133,Automatic,1,0,10,21,4.3,9.0,Gray,Mid-Range
CAR_00733,Porsche,911,2020,70741,35343,Gasoline,2.7,174,Automatic,3,0,3,128,6.3,8.2,Brown,Premium
CAR_00734,Jaguar,F-TYPE,2002,22765,9898,Gasoline,2.5,182,Automatic,1,0,8,22,12.0,3.6,Green,Economy
CAR_00735,Porsche,Taycan,2010,24244,23543,Electric,2.5,158,Automatic,0,0,4,47,6.9,5.0,Gray,Mid-Range
CAR_00736,Land Rover,Range Rover,2006,25932,11312,Hybrid,1.1,80,Automatic,4,0,10,54,6.9,7.5,Gray,Economy
CAR_00737,Volkswagen,Passat,2014,78473,10960,Diesel,2.3,92,Automatic,2,0,8,225,10.0,7.0,Blue,Economy
CAR_00738,Toyota,Tacoma,2009,33765,9950,Electric,0.0,356,Manual,1,0,8,39,7.9,7.2,Red,Economy
CAR_00739,Lexus,GX,2000,7442,10877,Hybrid,3.2,146,Automatic,0,0,5,171,5.6,7.2,Orange,Economy
CAR_00740,Mercedes,S-Class,2025,152973,33898,Gasoline,2.0,100,CVT,1,0,5,104,10.4,5.6,Silver,Mid-Range
CAR_00741,Volkswagen,Tiguan,2018,18964,23936,Gasoline,2.1,112,Automatic,1,0,7,49,4.8,6.6,Gray,Mid-Range
CAR_00742,Chevrolet,Silverado,2017,71927,12529,Gasoline,1.7,118,Automatic,0,0,12,18,6.4,5.9,Green,Economy
CAR_00743,Lexus,ES,2014,21444,25215,Gasoline,1.1,80,Automatic,1,0,8,60,7.5,6.9,Yellow,Mid-Range
CAR_00744,BMW,7 Series,2014,19029,30751,Hybrid,1.6,92,Automatic,1,0,6,10,7.4,8.7,White,Mid-Range
CAR_00745,BMW,X3,2020,27495,36847,Diesel,3.0,148,Automatic,1,0,10,0,9.3,6.0,Gray,Premium
CAR_00746,Mazda,Mazda3,2024,95954,15550,Electric,0.0,682,Automatic,1,0,7,5,7.2,6.8,Yellow,Economy
CAR_00747,Nissan,Rogue,2016,117232,8755,Hybrid,2.9,154,Manual,3,0,8,115,4.9,5.6,Silver,Economy
CAR_00748,Honda,Accord,2018,82798,12116,Gasoline,2.6,169,Automatic,0,0,10,86,7.0,8.3,Black,Economy
CAR_00749,Nissan,Rogue,2017,7926,15575,Gasoline,1.2,80,Automatic,1,1,8,66,7.9,7.4,Yellow,Economy
CAR_00750,Lexus,ES,2015,56647,26597,Gasoline,1.9,80,Automatic,2,0,5,57,4.2,8.2,Brown,Mid-Range
CAR_00751,Volkswagen,Golf,2017,16301,17757,Electric,0.0,208,Automatic,1,0,6,4,6.4,6.2,Blue,Economy
CAR_00752,Volvo,S60,2012,6172,21582,Gasoline,2.1,87,Automatic,1,1,5,5,3.9,7.8,Green,Mid-Range
CAR_00753,Jeep,Grand Cherokee,2024,38632,23973,Hybrid,2.8,150,Automatic,1,1,10,20,6.2,4.7,White,Mid-Range
CAR_00754,Porsche,Cayenne,2001,52048,12508,Electric,0.0,235,Automatic,1,0,7,146,4.9,7.6,Green,Economy
CAR_00755,Jaguar,F-PACE,2000,79331,6436,Gasoline,3.4,186,Automatic,3,0,8,243,7.4,5.3,Brown,Economy
CAR_00756,Subaru,Crosstrek,2011,12002,17967,Diesel,3.4,155,CVT,4,0,8,88,6.2,6.5,Brown,Economy
CAR_00757,BMW,5 Series,2014,16961,24688,Diesel,3.6,162,Automatic,0,0,10,16,9.5,7.8,Gray,Mid-Range
CAR_00758,Subaru,Impreza,2013,25906,13370,Gasoline,2.9,163,Automatic,1,1,5,45,4.3,8.8,Brown,Economy
CAR_00759,Toyota,Camry,2025,97807,16906,Electric,0.0,392,CVT,5,0,11,47,8.4,8.1,Silver,Economy
CAR_00760,Subaru,Forester,2013,35851,17642,Electric,0.0,625,Automatic,0,0,13,24,7.3,7.7,Orange,Economy
CAR_00761,Hyundai,Sonata,2005,91426,2000,Gasoline,3.8,198,Automatic,1,0,11,59,8.0,9.0,White,Economy
CAR_00762,Mazda,Mazda6,2001,36428,9347,Gasoline,2.3,116,Automatic,1,0,10,21,8.3,9.2,Green,Economy
CAR_00763,Jaguar,I-PACE,2005,26233,14871,Hybrid,1.7,102,Automatic,0,1,4,206,4.5,1.0,Green,Economy
CAR_00764,Mercedes,C-Class,2013,31754,21303,Hybrid,2.1,134,Automatic,0,0,6,26,3.8,6.5,Silver,Mid-Range
CAR_00765,Porsche,911,2001,23428,14801,Diesel,1.7,130,CVT,0,0,5,51,1.6,7.5,White,Economy
CAR_00766,Kia,Optima,2005,47408,2000,Electric,0.0,696,Automatic,0,0,8,135,5.2,6.9,Red,Economy
CAR_00767,Chevrolet,Silverado,2024,14899,23500,Gasoline,1.7,80,Automatic,1,0,10,26,4.7,8.2,White,Mid-Range
CAR_00768,Volvo,S60,2013,76572,16009,Gasoline,3.9,223,Automatic,0,0,8,283,4.2,6.5,Black,Economy
CAR_00769,BMW,X5,2011,27284,22716,Diesel,3.7,201,Automatic,2,0,16,41,6.3,7.7,White,Mid-Range
CAR_00770,Audi,A3,2010,14662,22225,Electric,0.0,616,Automatic,0,0,13,37,7.8,5.3,White,Mid-Range
CAR_00771,Jaguar,I-PACE,2022,79771,38097,Gasoline,2.4,130,Automatic,3,1,8,145,3.8,5.4,Blue,Premium
CAR_00773,Mazda,Mazda3,2020,82796,12202,Diesel,1.9,95,Automatic,1,0,6,32,10.1,7.9,Yellow,Economy
CAR_00774,Kia,Sorento,2017,47716,12105,Hybrid,2.4,148,Automatic,2,0,5,337,7.2,6.2,Blue,Economy
CAR_00775,Audi,Q5,2006,28512,11654,Gasoline,2.9,160,Automatic,3,0,8,10,8.3,4.8,Red,Economy
CAR_00776,Lexus,GX,2001,44243,9761,Diesel,3.8,218,Automatic,1,0,10,20,5.6,5.7,Brown,Economy
CAR_00777,Volvo,XC90,2012,60667,13925,Hybrid,1.0,80,Automatic,3,0,13,88,5.1,9.1,Brown,Economy
CAR_00778,Jaguar,F-PACE,2013,36660,23993,Gasoline,3.2,171,Manual,5,0,5,16,3.1,8.1,Blue,Mid-Range
CAR_00779,Lexus,ES,2025,56242,41605,Gasoline,2.3,123,Automatic,2,0,11,12,8.3,7.7,Silver,Premium
CAR_00780,Ford,Mustang,2021,128127,16749,Electric,0.0,346,CVT,1,0,8,25,8.4,7.5,Silver,Economy
CAR_00781,Volvo,S60,2004,85262,3765,Gasoline,3.4,180,Manual,0,0,6,37,10.1,6.2,Green,Economy
CAR_00782,Honda,CR-V,2023,49766,19762,Electric,0.0,773,Automatic,1,0,8,123,8.2,5.5,Yellow,Mid-Range
CAR_00783,Honda,CR-V,2021,54404,20812,Hybrid,1.7,104,Automatic,1,0,9,117,6.6,5.9,White,Mid-Range
CAR_00784,Toyota,Highlander,2000,29180,3905,Gasoline,3.2,148,Automatic,4,0,3,121,6.3,7.0,Black,Economy
CAR_00785,Jeep,Wrangler,2012,56211,6349,Gasoline,1.9,157,Automatic,1,0,10,240,2.8,7.3,Blue,Economy
CAR_00786,Ford,Focus,2022,53533,20717,Gasoline,2.6,144,CVT,2,1,4,58,6.0,5.0,Gray,Mid-Range
CAR_00787,Kia,Forte,2004,78536,5665,Electric,0.0,453,CVT,3,0,12,20,7.3,10.0,Red,Economy
CAR_00788,BMW,5 Series,2024,8560,45866,Electric,0.0,436,Automatic,4,1,11,148,7.5,9.7,Blue,Premium
CAR_00789,Jeep,Cherokee,2021,17198,18538,Gasoline,3.5,205,Automatic,0,0,3,246,5.7,7.1,Silver,Mid-Range
CAR_00790,BMW,3 Series,2014,89500,31633,Gasoline,3.8,234,CVT,0,0,12,103,4.2,5.9,Silver,Mid-Range
CAR_00791,Chevrolet,Equinox,2004,60427,4025,Gasoline,2.5,152,Automatic,3,0,9,124,11.2,4.9,White,Economy
CAR_00792,Subaru,Crosstrek,2018,43278,18657,Gasoline,2.9,189,Automatic,0,0,8,9,3.1,7.2,Orange,Mid-Range
CAR_00793,Mercedes,GLE,2020,133829,31505,Gasoline,2.7,128,Manual,1,0,5,224,9.0,8.6,Gray,Mid-Range
CAR_00794,Tesla,Model Y,2005,67701,10115,Gasoline,2.2,137,Automatic,5,0,5,13,12.0,8.0,Silver,Economy
CAR_00795,Hyundai,Tucson,2014,50879,19076,Gasoline,2.1,106,CVT,0,0,2,2,8.8,6.7,Blue,Mid-Range
CAR_00796,Chevrolet,Tahoe,2012,87752,7265,Gasoline,2.7,156,Automatic,1,0,5,76,4.8,8.9,Orange,Economy
CAR_00797,Mercedes,S-Class,2015,29418,25280,Gasoline,2.4,131,Automatic,4,0,11,173,3.9,9.8,Orange,Mid-Range
CAR_00798,Volvo,XC40,2000,59931,5378,Hybrid,2.3,138,Automatic,2,0,7,160,5.3,5.3,Green,Economy
CAR_00799,Volvo,S60,2003,25134,12301,Electric,3.1,181,Automatic,0,0,7,726,5.4,6.6,Gray,Economy
CAR_00800,Volvo,XC40,2008,55715,17994,Hybrid,2.9,191,Automatic,1,0,8,42,6.2,6.1,Gray,Economy
CAR_00801,Audi,Q7,2015,38050,31688,Gasoline,2.6,118,CVT,1,0,7,51,6.2,8.1,Gray,Mid-Range
CAR_00802,Tesla,Model S,2003,51169,9942,Gasoline,2.7,154,Automatic,1,0,5,70,3.8,10.0,Black,Economy
CAR_00803,Hyundai,Tucson,2019,65753,16913,Diesel,2.8,155,Automatic,0,0,7,111,9.4,5.7,Green,Economy
CAR_00804,Toyota,RAV4,2013,61531,16793,Diesel,2.9,182,CVT,0,0,9,145,9.3,9.9,Gray,Economy
CAR_00805,Hyundai,Santa Fe,2021,32311,15690,Diesel,1.5,80,Automatic,0,0,12,3,4.4,7.5,Orange,Economy
CAR_00806,Porsche,Taycan,2015,128142,25240,Electric,0.0,762,Automatic,2,0,11,227,9.8,6.6,Green,Mid-Range
CAR_00807,Chevrolet,Tahoe,2008,80243,6730,Gasoline,1.7,80,Automatic,3,0,7,40,6.4,7.0,Gray,Economy
CAR_00808,Subaru,Outback,2000,11472,2000,Gasoline,2.5,157,Automatic,3,0,5,3,6.2,10.0,Red,Economy
CAR_00809,Mercedes,E-Class,2012,29703,25814,Hybrid,2.0,129,Automatic,1,0,5,115,5.5,6.1,Gray,Mid-Range
CAR_00810,Nissan,Pathfinder,2000,50842,3944,Gasoline,2.9,167,Automatic,0,0,7,44,6.0,7.2,Yellow,Economy
CAR_00811,Jaguar,XF,2024,57724,41304,Gasoline,2.8,146,Manual,1,1,7,69,5.9,5.0,Orange,Premium
CAR_00812,Mazda,CX-30,2005,13421,4934,Gasoline,2.9,175,Automatic,1,0,5,68,6.5,5.3,Green,Economy
CAR_00813,Audi,Q5,2001,30914,8042,Electric,0.0,618,Automatic,3,0,5,57,5.4,7.0,Black,Economy
CAR_00814,Mercedes,GLC,2004,81414,13073,Gasoline,3.0,174,Automatic,1,0,6,147,3.5,5.5,Brown,Economy
CAR_00815,Chevrolet,Camaro,2006,20697,7801,Diesel,3.3,194,Automatic,3,0,7,314,4.4,6.2,Brown,Economy
CAR_00816,BMW,X3,2007,15512,18376,Electric,0.0,153,Automatic,0,0,4,83,5.3,6.7,Green,Mid-Range
CAR_00817,Volvo,XC40,2024,11281,36851,Gasoline,3.0,148,Automatic,0,0,14,26,2.9,9.3,Orange,Premium
CAR_00818,Mercedes,C-Class,2021,8113,37151,Gasoline,2.4,129,Manual,2,0,13,11,4.5,8.3,Gray,Premium
CAR_00819,Kia,Sportage,2024,85181,17646,Gasoline,3.4,175,Automatic,3,0,6,29,8.7,4.6,Red,Economy
CAR_00820,Kia,Optima,2004,55751,2000,Gasoline,2.0,118,Automatic,1,0,12,19,6.0,5.9,Blue,Economy
CAR_00821,Volvo,XC60,2000,16077,11173,Hybrid,1.0,80,Automatic,1,0,9,301,7.3,8.0,Silver,Economy
CAR_00822,Ford,Escape,2024,93521,14565,Diesel,2.9,167,Automatic,1,1,4,46,4.1,8.0,White,Economy
CAR_00823,Nissan,Altima,2010,97597,3302,Electric,0.0,487,Automatic,1,0,13,88,3.8,7.4,Red,Economy
CAR_00824,Volvo,XC60,2004,52380,12245,Hybrid,2.6,152,Automatic,1,1,11,47,8.1,7.8,Blue,Economy
CAR_00825,Land Rover,Velar,2018,9240,29545,Gasoline,2.7,122,Automatic,1,0,8,251,1.9,7.2,Green,Mid-Range
CAR_00827,Honda,HR-V,2002,71814,2000,Gasoline,2.9,149,Automatic,2,0,7,0,9.4,6.5,Brown,Economy
CAR_00828,Audi,A3,2007,18962,13205,Gasoline,2.1,111,Automatic,1,0,12,125,1.5,9.1,Silver,Economy
CAR_00829,Land Rover,Discovery,2004,23799,9763,Gasoline,2.6,94,Automatic,1,1,4,33,3.6,6.1,Yellow,Economy
CAR_00830,Tesla,Model X,2006,55577,9555,Hybrid,2.9,112,CVT,0,0,6,226,6.7,7.8,Orange,Economy
CAR_00831,Kia,Sorento,2004,55743,3411,Gasoline,3.2,147,Automatic,1,0,6,180,4.7,8.2,Silver,Economy
CAR_00832,Volvo,V60,2022,88891,24819,Gasoline,1.6,80,Automatic,2,0,13,10,6.3,7.5,Yellow,Mid-Range
CAR_00833,Hyundai,Elantra,2004,11885,9096,Gasoline,2.8,164,Manual,2,0,10,157,5.3,8.5,Yellow,Economy
CAR_00834,Volkswagen,Golf,2023,71077,19670,Diesel,3.5,175,Automatic,0,1,8,31,6.3,7.5,Gray,Mid-Range
CAR_00835,Tesla,Model Y,2012,38519,19157,Gasoline,3.0,152,Automatic,3,0,5,31,7.2,7.2,Brown,Mid-Range
CAR_00836,Lexus,IS,2000,12521,8083,Electric,0.0,342,Automatic,2,0,10,90,7.3,9.5,Brown,Economy
CAR_00837,Subaru,Impreza,2019,44167,17949,Diesel,2.6,133,Automatic,2,0,7,43,7.5,8.4,Yellow,Economy
CAR_00838,Ford,Mustang,2013,30842,12363,Gasoline,2.8,149,Automatic,0,0,13,30,4.5,6.9,Red,Economy
CAR_00839,Volkswagen,Jetta,2000,80806,2000,Diesel,2.4,117,CVT,1,0,3,155,6.8,6.7,Black,Economy
CAR_00840,Jeep,Renegade,2015,94785,13074,Gasoline,2.2,114,Automatic,2,0,10,248,10.3,6.5,Red,Economy
CAR_00842,Volvo,S60,2025,42687,27024,Gasoline,1.5,94,Automatic,2,0,12,200,4.0,5.7,Red,Mid-Range
CAR_00843,BMW,X3,2016,46059,31701,Gasoline,2.0,92,Automatic,2,0,9,19,6.4,7.1,Brown,Mid-Range
CAR_00844,Ford,Mustang,2024,31643,23045,Diesel,2.3,127,Automatic,1,0,9,107,5.2,6.4,Black,Mid-Range
CAR_00845,BMW,X5,2016,100910,27658,Hybrid,1.0,80,Automatic,0,0,7,130,6.1,6.2,White,Mid-Range
CAR_00846,Chevrolet,Silverado,2011,17032,17562,Electric,0.0,699,Automatic,0,0,11,183,10.2,8.2,Gray,Economy
CAR_00847,Jaguar,XE,2025,31751,46598,Hybrid,2.0,119,Automatic,1,0,9,53,7.5,8.5,Silver,Premium
CAR_00848,Jeep,Cherokee,2005,7124,9295,Gasoline,2.4,161,Automatic,0,0,7,179,4.2,4.4,Orange,Economy
CAR_00849,Hyundai,Santa Fe,2015,32759,14552,Electric,0.0,220,Automatic,1,0,8,46,5.6,7.8,Yellow,Economy
CAR_00850,Mercedes,E-Class,2019,39847,40688,Gasoline,2.3,127,Automatic,3,0,5,129,6.7,8.4,Blue,Premium
CAR_00851,Mazda,CX-30,2012,12637,15430,Electric,0.0,592,Automatic,3,0,8,7,10.0,8.3,Gray,Economy
CAR_00852,Volvo,V60,2022,74639,23638,Gasoline,2.0,126,Automatic,1,0,16,154,7.9,6.2,Black,Mid-Range
CAR_00853,Toyota,RAV4,2015,69757,14252,Electric,0.0,247,Automatic,0,0,11,121,0.0,7.9,Blue,Economy
CAR_00854,Land Rover,Range Rover,2011,10148,23019,Electric,0.0,582,Automatic,0,0,8,66,5.3,5.8,Brown,Mid-Range
CAR_00855,Subaru,Crosstrek,2016,175418,7920,Gasoline,1.7,80,CVT,2,0,6,29,9.9,5.8,Red,Economy
CAR_00857,Mercedes,E-Class,2005,80612,15949,Diesel,1.8,112,Automatic,2,1,5,98,8.5,8.3,White,Economy
CAR_00858,Subaru,Outback,2019,53281,15487,Gasoline,1.5,80,Automatic,1,0,9,81,6.1,5.8,Green,Economy
CAR_00859,Porsche,911,2008,65777,18140,Gasoline,3.3,158,Automatic,2,0,7,54,5.6,4.6,Orange,Mid-Range
CAR_00860,Mazda,Mazda6,2021,37073,21279,Gasoline,3.1,205,Automatic,1,0,11,44,4.7,6.2,Blue,Mid-Range
CAR_00861,Jaguar,XF,2016,15473,31660,Electric,0.0,264,CVT,1,0,6,5,6.1,7.2,Orange,Mid-Range
CAR_00862,Porsche,Panamera,2003,52645,9050,Gasoline,2.0,80,Automatic,1,1,9,61,7.9,9.5,Brown,Economy
CAR_00863,Mercedes,C-Class,2016,76236,32639,Gasoline,3.1,162,Automatic,1,0,8,69,5.5,6.7,Orange,Mid-Range
CAR_00864,Honda,Accord,2008,71544,4008,Diesel,1.6,80,Automatic,1,0,11,89,8.2,7.7,Silver,Economy
CAR_00865,Mazda,CX-9,2007,17856,10066,Gasoline,2.9,162,Automatic,2,0,5,179,5.5,3.0,Orange,Economy
CAR_00866,Hyundai,Tucson,2001,17865,4201,Diesel,2.2,112,Automatic,1,0,10,58,7.0,6.8,Brown,Economy
CAR_00867,Honda,Accord,2011,91519,10265,Gasoline,1.9,106,Automatic,0,1,9,149,5.3,5.9,Yellow,Economy
CAR_00868,Porsche,Panamera,2013,17826,26060,Electric,2.1,607,Automatic,3,0,7,49,8.9,8.2,Gray,Mid-Range
CAR_00869,Ford,Escape,2003,13393,2154,Gasoline,2.1,121,Automatic,3,0,11,116,5.6,8.3,White,Economy
CAR_00870,Subaru,Crosstrek,2008,29248,9432,Gasoline,3.0,177,Automatic,0,0,6,41,7.0,7.7,Blue,Economy
CAR_00872,Hyundai,Santa Fe,2006,38023,8340,Gasoline,3.0,134,Automatic,2,0,6,543,3.2,6.5,Orange,Economy
CAR_00873,Subaru,Ascent,2006,89256,5943,Gasoline,3.1,180,Automatic,1,0,11,80,8.6,6.8,Black,Economy
CAR_00874,Lexus,NX,2019,17011,32114,Gasoline,1.6,80,Automatic,3,0,9,525,7.1,7.8,Gray,Mid-Range
CAR_00875,Land Rover,Range Rover,2007,72739,17056,Electric,0.0,359,Manual,4,1,17,146,6.1,6.0,Orange,Economy
CAR_00876,BMW,3 Series,2022,51637,40953,Gasoline,2.1,109,Automatic,1,0,11,2,1.2,7.2,Orange,Premium
CAR_00877,Land Rover,Defender,2020,11845,36159,Gasoline,3.8,218,Automatic,3,0,10,80,11.3,8.0,Blue,Premium
CAR_00878,Land Rover,Discovery,2012,10570,26358,Electric,0.0,384,Automatic,1,0,9,182,6.5,7.8,Red,Mid-Range
CAR_00879,Chevrolet,Malibu,2021,55407,21312,Hybrid,3.9,198,Automatic,0,0,11,231,5.6,5.5,Blue,Mid-Range
CAR_00880,Jeep,Compass,2012,54396,12318,Gasoline,2.4,163,Manual,5,1,14,66,6.8,7.8,Gray,Economy
CAR_00881,Porsche,Macan,2019,14914,35429,Gasoline,3.8,193,Automatic,0,0,6,38,9.3,6.8,Silver,Premium
CAR_00882,Chevrolet,Malibu,2008,19643,16679,Hybrid,3.0,162,CVT,1,0,10,29,5.8,8.1,Gray,Economy
CAR_00883,Ford,Focus,2016,22819,25109,Electric,0.0,311,Automatic,0,1,8,47,5.5,5.9,Orange,Mid-Range
CAR_00884,Nissan,Rogue,2002,12895,5686,Gasoline,2.8,133,Automatic,1,0,7,16,8.1,7.5,Gray,Economy
CAR_00885,Nissan,Altima,2019,52618,19951,Gasoline,1.7,98,Automatic,1,0,14,129,3.5,6.4,Red,Mid-Range
CAR_00886,Toyota,Highlander,2019,42249,18201,Hybrid,2.8,152,Automatic,3,1,6,155,6.3,6.7,Brown,Mid-Range
CAR_00887,Volkswagen,Atlas,2010,61379,9434,Diesel,2.9,147,Automatic,1,0,5,24,6.0,8.5,Yellow,Economy
CAR_00888,Chevrolet,Equinox,2024,39774,27331,Electric,0.0,586,Automatic,0,0,12,31,8.2,8.7,Red,Mid-Range
CAR_00889,Mazda,CX-5,2001,31806,6321,Gasoline,3.8,235,Automatic,1,0,3,48,8.9,7.9,Red,Economy
CAR_00890,Honda,Accord,2011,78410,8649,Gasoline,1.8,106,Automatic,1,0,9,101,2.3,8.4,Brown,Economy
CAR_00891,Honda,Civic,2015,8349,16698,Gasoline,2.1,127,Automatic,3,0,14,16,9.3,7.6,Green,Economy
CAR_00892,Tesla,Model 3,2001,14005,12215,Gasoline,1.6,132,CVT,3,0,11,0,8.4,10.0,Brown,Economy
CAR_00893,Toyota,Camry,2000,27951,2000,Diesel,2.3,121,Automatic,0,0,8,49,4.9,9.2,Orange,Economy
CAR_00894,Chevrolet,Malibu,2006,82485,4944,Electric,0.0,643,Automatic,4,1,14,19,3.3,3.9,Orange,Economy
CAR_00895,Nissan,Altima,2009,47935,6898,Gasoline,1.4,84,Automatic,1,0,5,62,6.0,5.0,Silver,Economy
CAR_00896,Chevrolet,Malibu,2008,47403,6561,Gasoline,2.6,137,Automatic,0,0,8,68,5.4,7.7,Red,Economy
CAR_00897,Jeep,Wrangler,2016,60864,14810,Gasoline,3.6,221,Automatic,1,0,10,127,3.5,7.1,Black,Economy
CAR_00898,Hyundai,Kona,2013,50369,9628,Gasoline,2.8,190,Automatic,1,0,8,57,3.3,8.9,Green,Economy
CAR_00899,Subaru,Crosstrek,2012,9754,14517,Gasoline,2.7,119,Automatic,2,0,7,29,6.6,8.2,Green,Economy
CAR_00900,Jaguar,F-TYPE,2001,80100,3301,Gasoline,2.2,116,Automatic,2,0,6,111,7.1,5.5,Gray,Economy
CAR_00901,Volvo,XC90,2025,45700,36158,Diesel,1.3,83,Automatic,0,0,6,65,4.9,8.1,White,Premium
CAR_00902,Audi,Q5,2025,18223,50405,Gasoline,2.4,111,Automatic,0,0,5,79,8.0,8.5,Orange,Premium
CAR_00903,Hyundai,Tucson,2024,31765,16814,Gasoline,1.7,117,Automatic,1,0,6,104,6.6,8.0,Red,Economy
CAR_00904,Chevrolet,Malibu,2016,20818,16455,Electric,0.0,622,Automatic,2,0,4,11,10.9,4.9,Brown,Economy
CAR_00905,Tesla,Model 3,2015,34138,17863,Gasoline,2.0,107,Automatic,2,0,7,241,6.3,9.1,Black,Economy
CAR_00906,Ford,Focus,2000,129821,2000,Gasoline,1.7,80,Automatic,1,0,8,332,8.5,8.0,Red,Economy
CAR_00907,Mercedes,GLC,2019,77751,36096,Gasoline,1.8,101,CVT,2,1,6,161,7.3,8.0,Brown,Premium
CAR_00908,Volvo,XC40,2014,30979,22334,Gasoline,0.0,566,CVT,1,0,4,57,6.8,8.6,Red,Mid-Range
CAR_00909,Volvo,S60,2020,9311,29595,Diesel,1.2,80,Automatic,3,1,5,91,5.9,9.9,Green,Mid-Range
CAR_00910,Volkswagen,Passat,2017,118361,12283,Gasoline,2.6,126,Automatic,3,0,14,22,3.0,10.0,Silver,Economy
CAR_00911,Kia,Sorento,2002,54764,5655,Diesel,4.0,188,Automatic,2,0,9,0,5.5,9.2,Green,Economy
CAR_00912,Toyota,Highlander,2012,137826,17739,Electric,0.0,607,Automatic,1,0,7,539,4.4,4.3,Black,Economy
CAR_00913,Kia,Telluride,2019,65372,22548,Gasoline,1.7,109,Automatic,2,0,15,226,8.1,5.6,Blue,Mid-Range
CAR_00914,Tesla,Model 3,2019,15440,28821,Hybrid,2.4,151,Automatic,2,0,11,27,2.3,4.7,Red,Mid-Range
CAR_00915,Audi,A4,2003,30019,15984,Hybrid,3.6,226,Automatic,3,0,6,60,6.9,6.3,Brown,Economy
CAR_00916,Land Rover,Discovery,2011,87045,17867,Gasoline,3.7,133,Automatic,3,0,8,25,9.4,6.7,Silver,Economy
CAR_00917,Mazda,CX-30,2025,150963,13765,Hybrid,2.7,113,Automatic,2,0,13,43,6.5,8.6,Brown,Economy
CAR_00918,Volkswagen,Jetta,2008,14745,16728,Diesel,3.8,215,Automatic,2,0,8,76,4.3,7.3,White,Economy
CAR_00919,Tesla,Cybertruck,2003,42309,5138,Hybrid,2.1,161,Manual,3,0,7,121,5.9,8.3,Black,Economy
CAR_00920,Porsche,Macan,2021,62583,34620,Hybrid,1.4,84,Automatic,1,0,7,112,5.6,6.0,Yellow,Mid-Range
CAR_00921,Hyundai,Sonata,2005,67813,7164,Hybrid,1.7,124,CVT,2,0,9,26,3.9,8.7,Green,Economy
CAR_00922,Land Rover,Range Rover,2016,29441,29587,Gasoline,2.3,108,Automatic,1,0,9,114,5.4,4.6,Green,Mid-Range
CAR_00923,Nissan,Sentra,2018,35363,15401,Gasoline,2.3,148,Manual,2,0,9,31,8.9,6.4,White,Economy
CAR_00924,Kia,Sorento,2012,20461,11342,Diesel,2.5,157,Automatic,2,0,7,150,4.2,6.0,Orange,Economy
CAR_00926,Mercedes,S-Class,2019,68779,34942,Electric,0.0,267,Automatic,2,0,9,54,7.7,5.7,Black,Mid-Range
CAR_00927,Kia,Optima,2007,13124,11187,Diesel,4.5,299,Automatic,1,0,9,4,4.9,7.0,Brown,Economy
CAR_00928,Land Rover,Discovery,2010,5605,21554,Gasoline,2.8,126,Automatic,0,0,6,31,3.7,5.2,White,Mid-Range
CAR_00929,Mercedes,GLC,2020,70756,34823,Gasoline,3.8,211,Manual,2,0,10,136,8.0,7.6,Yellow,Mid-Range
CAR_00930,Mercedes,GLC,2014,61150,24912,Gasoline,2.8,172,Automatic,1,0,10,50,4.4,6.5,Silver,Mid-Range
CAR_00931,Mercedes,GLC,2022,45056,35092,Gasoline,2.3,122,Manual,1,1,5,238,4.8,9.1,Yellow,Premium
CAR_00932,Toyota,Corolla,2015,26870,16421,Electric,0.0,692,Manual,0,0,7,67,5.2,6.3,Blue,Economy
CAR_00933,Tesla,Model S,2006,34854,18394,Electric,0.0,799,CVT,1,0,7,24,4.1,5.6,Black,Mid-Range
CAR_00934,Volvo,V60,2002,4252,10620,Gasoline,2.3,95,Manual,2,0,8,65,7.3,9.3,Green,Economy
CAR_00935,Volkswagen,Atlas,2007,31125,6817,Diesel,1.5,85,Automatic,2,0,7,22,5.4,6.2,Orange,Economy
CAR_00936,Tesla,Cybertruck,2016,38990,23440,Gasoline,1.5,90,Automatic,0,0,11,38,5.4,7.4,Red,Mid-Range
CAR_00937,Mazda,CX-5,2011,90718,2502,Gasoline,1.8,105,Automatic,0,0,7,225,7.6,5.9,Gray,Economy
CAR_00938,Hyundai,Kona,2010,54814,11877,Gasoline,2.7,149,CVT,3,0,8,107,3.9,7.9,Green,Economy
CAR_00939,Mercedes,GLE,2001,59842,6959,Electric,0.0,488,Automatic,0,0,6,3,5.0,5.1,Black,Economy
CAR_00940,Volvo,XC60,2013,88200,19541,Diesel,1.2,80,Automatic,1,0,6,210,8.9,4.9,Green,Mid-Range
CAR_00941,Tesla,Model 3,2019,161360,19553,Gasoline,2.0,80,Automatic,0,0,13,24,2.9,7.2,White,Mid-Range
CAR_00942,Porsche,Cayenne,2023,12991,37208,Gasoline,2.7,154,Automatic,2,0,5,239,6.4,7.0,Yellow,Premium
CAR_00943,Lexus,ES,2003,25924,15487,Diesel,2.4,116,Automatic,2,0,6,115,7.1,6.1,Green,Economy
CAR_00944,Tesla,Model 3,2002,75588,3978,Hybrid,2.4,127,Automatic,3,0,6,154,7.3,8.5,Orange,Economy
CAR_00945,Chevrolet,Tahoe,2005,25480,4890,Gasoline,3.0,185,Automatic,1,0,10,64,4.7,4.2,Blue,Economy
CAR_00946,Ford,Explorer,2012,16301,12616,Electric,0.0,505,Automatic,3,0,10,181,4.4,6.7,Brown,Economy
CAR_00947,Mazda,CX-30,2003,62060,3071,Hybrid,3.5,148,Manual,1,1,10,121,6.6,8.0,Brown,Economy
CAR_00948,Chevrolet,Tahoe,2011,44885,12317,Gasoline,1.5,80,CVT,2,0,6,68,5.2,6.7,Gray,Economy
CAR_00949,Jaguar,XE,2019,100221,29814,Diesel,3.0,169,Automatic,0,0,8,134,5.0,7.4,Black,Mid-Range
CAR_00950,Tesla,Model X,2013,65511,20346,Gasoline,3.9,190,Automatic,1,0,4,98,9.2,7.3,Red,Mid-Range
CAR_00951,Mercedes,GLE,2001,60130,12983,Electric,0.0,346,Automatic,0,0,5,87,3.2,7.2,Silver,Economy
CAR_00952,Nissan,Maxima,2015,51221,15142,Gasoline,3.2,158,Manual,0,0,9,50,7.0,7.8,Orange,Economy
CAR_00953,Jeep,Compass,2005,38865,8334,Gasoline,2.2,102,Automatic,0,0,7,85,6.1,6.5,Blue,Economy
CAR_00954,Hyundai,Tucson,2018,38582,16447,Gasoline,2.9,152,Automatic,2,0,10,87,5.6,6.7,Green,Economy
CAR_00955,Porsche,Panamera,2024,76547,40436,Gasoline,2.0,89,Automatic,0,0,6,245,6.8,6.3,Red,Premium
CAR_00956,Land Rover,Evoque,2006,26731,16941,Gasoline,2.3,114,Automatic,0,1,6,31,12.0,7.5,Gray,Economy
CAR_00957,BMW,3 Series,2005,21907,15091,Electric,0.0,610,Automatic,1,0,10,119,9.6,6.3,White,Economy
CAR_00958,Mazda,CX-5,2016,34970,17375,Diesel,3.3,222,Automatic,0,0,3,22,10.2,9.0,Orange,Economy
CAR_00959,Subaru,Crosstrek,2025,25096,19341,Gasoline,2.1,152,Automatic,2,0,3,138,5.2,6.1,Silver,Mid-Range
CAR_00960,Honda,Pilot,2006,94109,9065,Gasoline,2.1,99,Automatic,0,0,8,98,6.2,6.9,Gray,Economy
CAR_00961,Audi,Q7,2009,51384,18292,Hybrid,1.6,104,Automatic,1,0,5,58,7.0,8.6,Brown,Mid-Range
CAR_00962,Audi,A3,2011,28898,19807,Hybrid,4.0,222,Automatic,1,1,9,221,5.7,8.4,Silver,Mid-Range
CAR_00963,Ford,Mustang,2018,20357,19621,Diesel,3.4,199,Automatic,1,1,10,9,8.4,7.1,Black,Mid-Range
CAR_00964,Volvo,V60,2008,17250,11951,Gasoline,4.0,224,CVT,0,0,10,7,7.6,5.5,Red,Economy
CAR_00965,Land Rover,Range Rover,2018,91786,30453,Gasoline,2.6,160,Automatic,2,0,7,14,6.5,7.8,White,Mid-Range
CAR_00966,Mazda,CX-5,2017,62487,14463,Gasoline,3.4,159,CVT,2,1,9,177,3.4,9.7,Red,Economy
CAR_00967,Tesla,Cybertruck,2015,105426,18168,Diesel,1.9,91,Automatic,2,0,9,41,4.8,6.0,Orange,Mid-Range
CAR_00968,Honda,HR-V,2004,5614,8105,Diesel,1.6,91,Automatic,3,0,13,129,5.1,8.1,Brown,Economy
CAR_00969,Tesla,Model S,2010,23757,21272,Gasoline,2.1,100,Automatic,0,0,5,50,3.4,8.9,Yellow,Mid-Range
CAR_00970,Nissan,Pathfinder,2013,13394,10716,Gasoline,1.8,84,Manual,3,0,7,315,4.6,5.5,Yellow,Economy
CAR_00971,Chevrolet,Malibu,2009,67378,8121,Electric,0.0,666,Automatic,1,1,9,30,6.0,5.5,Green,Economy
CAR_00972,Audi,A4,2009,11740,28630,Diesel,2.8,159,Manual,0,0,4,2,10.9,9.2,Brown,Mid-Range
CAR_00973,Subaru,Impreza,2012,18301,15817,Gasoline,2.3,138,Manual,2,0,4,71,6.3,8.2,Brown,Economy
CAR_00974,Lexus,GX,2012,41300,19772,Gasoline,1.9,96,Automatic,1,1,9,214,8.3,7.1,Yellow,Mid-Range
CAR_00975,Jeep,Wrangler,2000,12809,2410,Gasoline,3.0,153,Automatic,3,0,8,5,5.7,7.0,Red,Economy
CAR_00976,Ford,F-150,2003,27987,8934,Diesel,3.2,142,Manual,0,0,9,41,3.9,9.5,White,Economy
CAR_00977,Hyundai,Tucson,2025,26107,23786,Gasoline,2.5,167,Automatic,1,0,6,14,5.4,6.4,Green,Mid-Range
CAR_00978,Porsche,911,2016,3364,33637,Diesel,1.8,100,Automatic,1,0,7,30,10.0,6.9,Silver,Mid-Range
CAR_00979,Volkswagen,Tiguan,2020,47424,24043,Electric,0.0,461,CVT,0,1,3,80,10.0,7.5,Silver,Mid-Range
CAR_00980,Ford,Escape,2002,74996,3942,Hybrid,1.7,108,Automatic,3,0,11,3,9.0,8.3,Gray,Economy
CAR_00981,Jeep,Wrangler,2003,8725,6345,Gasoline,1.7,94,Automatic,0,0,10,30,4.7,6.8,White,Economy
CAR_00982,Mercedes,GLC,2024,38734,43633,Hybrid,1.7,81,Automatic,2,0,8,55,6.7,8.0,Yellow,Premium
CAR_00983,Nissan,Pathfinder,2007,46210,5429,Gasoline,3.5,212,Automatic,0,0,14,369,6.7,3.9,Gray,Economy
CAR_00984,Kia,Forte,2018,57036,10535,Gasoline,2.1,124,Automatic,0,0,5,210,4.0,6.3,Orange,Economy
CAR_00985,Lexus,IS,2024,138290,31962,Diesel,2.8,179,Automatic,1,0,11,102,8.5,4.3,Gray,Mid-Range
CAR_00986,Ford,Escape,2017,40315,22054,Electric,0.0,557,Automatic,1,0,9,226,6.3,6.1,Gray,Mid-Range
CAR_00987,Porsche,Panamera,2016,29974,32095,Hybrid,2.0,114,Automatic,2,0,8,372,8.2,7.8,Orange,Mid-Range
CAR_00988,Chevrolet,Silverado,2022,44567,21053,Electric,2.3,664,Automatic,2,0,8,14,7.8,4.8,Gray,Mid-Range
CAR_00989,Audi,A6,2012,26933,27145,Gasoline,2.7,157,Automatic,1,0,6,51,7.6,9.1,Orange,Mid-Range
CAR_00990,BMW,7 Series,2012,39132,24817,Gasoline,2.7,170,Automatic,1,0,8,31,5.6,5.4,Black,Mid-Range
CAR_00991,Subaru,Impreza,2021,59022,19806,Gasoline,1.8,127,Automatic,1,0,10,108,5.2,3.5,Gray,Mid-Range
CAR_00992,Honda,CR-V,2022,34068,23086,Electric,0.0,467,Automatic,1,1,7,65,9.4,8.6,Red,Mid-Range
CAR_00993,Audi,A3,2000,15524,6949,Diesel,3.3,188,Automatic,0,0,6,14,7.9,7.2,White,Economy
CAR_00994,Audi,A3,2008,16252,20679,Gasoline,1.3,80,CVT,1,0,6,232,2.2,3.5,White,Mid-Range
CAR_00995,Jeep,Compass,2025,47093,28220,Gasoline,4.1,267,Manual,4,1,9,77,4.0,6.0,Blue,Mid-Range
CAR_00996,Land Rover,Range Rover,2018,22389,37411,Diesel,2.8,150,Automatic,0,0,10,82,12.0,4.0,Green,Premium
CAR_00997,Mazda,CX-5,2014,47682,16116,Gasoline,1.4,106,Automatic,2,0,9,99,8.4,7.0,Yellow,Economy
CAR_00998,Volkswagen,Passat,2016,25364,22273,Hybrid,1.9,101,Automatic,3,0,6,25,3.7,7.1,Yellow,Mid-Range
CAR_00999,BMW,3 Series,2015,20552,29247,Gasoline,3.1,142,Automatic,2,0,9,52,8.4,8.8,Orange,Mid-Range
CAR_01000,Honda,CR-V,2007,13597,9550,Gasoline,2.7,155,Automatic,5,0,5,2,9.1,7.7,Black,Economy
CAR_01001,Lexus,RX,2003,37748,11948,Gasoline,2.2,136,Automatic,2,0,8,173,3.3,9.1,Red,Economy
CAR_01002,Audi,A4,2006,30908,22836,Gasoline,2.6,125,Automatic,0,0,4,302,7.7,5.6,Orange,Mid-Range
CAR_01003,Subaru,Outback,2017,45246,15678,Gasoline,3.5,194,CVT,2,0,13,23,10.9,6.6,White,Economy
CAR_01004,Lexus,ES,2006,153434,9378,Gasoline,1.2,80,CVT,2,0,5,69,6.7,6.4,Yellow,Economy
CAR_01005,Lexus,NX,2013,16841,27279,Hybrid,3.0,186,Manual,1,0,15,182,9.1,4.8,Green,Mid-Range
CAR_01006,Jaguar,F-TYPE,2011,84052,18865,Gasoline,3.0,165,Automatic,1,0,7,567,6.7,8.6,Green,Mid-Range
CAR_01007,Porsche,Taycan,2012,52885,18948,Gasoline,2.1,138,CVT,3,0,5,191,7.0,6.3,Yellow,Mid-Range
CAR_01008,Volvo,S60,2023,9055,31371,Gasoline,4.4,236,Automatic,1,1,8,82,7.3,7.0,White,Mid-Range
CAR_01009,Subaru,Crosstrek,2015,70431,10912,Diesel,2.7,166,Automatic,0,0,6,13,6.7,7.3,Silver,Economy
CAR_01010,Ford,F-150,2001,26969,2000,Gasoline,3.1,179,Automatic,1,1,9,143,6.8,7.7,Red,Economy
CAR_01011,Mercedes,GLE,2007,63043,19016,Hybrid,3.2,192,Automatic,1,0,6,94,8.7,8.1,White,Mid-Range
CAR_01012,Hyundai,Elantra,2008,48071,8573,Hybrid,1.0,80,Automatic,1,0,10,130,10.4,10.0,Blue,Economy
CAR_01013,Toyota,Highlander,2016,45058,14977,Gasoline,2.4,89,Automatic,0,0,9,121,5.8,5.3,Green,Economy
CAR_01014,Subaru,Impreza,2007,26270,10021,Gasoline,3.2,183,CVT,1,0,10,43,5.0,9.1,Green,Economy
CAR_01015,BMW,5 Series,2018,61801,34550,Hybrid,2.2,123,Automatic,4,0,3,226,9.5,5.5,Green,Mid-Range
CAR_01016,Ford,Escape,2007,58489,10975,Electric,0.0,147,Automatic,4,0,4,42,6.1,8.0,Blue,Economy
CAR_01017,Audi,A3,2019,64907,31457,Gasoline,2.9,156,Manual,4,1,10,7,7.8,9.0,Black,Mid-Range
CAR_01018,Toyota,Highlander,2023,76193,19892,Electric,0.0,675,CVT,1,0,9,14,6.4,4.9,Black,Mid-Range
CAR_01019,Volvo,XC40,2021,43270,28288,Gasoline,2.4,138,Automatic,1,1,9,183,4.5,8.1,Brown,Mid-Range
CAR_01020,Ford,F-150,2015,31906,15395,Electric,0.0,340,Automatic,1,0,7,44,7.8,6.7,Orange,Economy
CAR_01021,Jaguar,F-TYPE,2018,53023,34104,Hybrid,2.7,141,Automatic,0,0,6,22,5.3,7.6,Black,Mid-Range
CAR_01022,Ford,Mustang,2020,28850,17959,Gasoline,2.2,139,Automatic,2,0,9,68,6.3,6.9,Orange,Economy
CAR_01023,Hyundai,Sonata,2011,14591,14761,Gasoline,2.5,105,Manual,0,0,5,22,4.8,5.9,Red,Economy
CAR_01024,Porsche,Macan,2023,91899,43113,Gasoline,2.1,109,Automatic,3,0,8,87,8.2,7.2,Black,Premium
CAR_01025,Toyota,Camry,2009,30935,7022,Gasoline,2.7,137,Automatic,2,0,14,180,7.3,9.2,Brown,Economy
CAR_01026,Volkswagen,Golf,2018,7226,21691,Gasoline,3.5,173,Manual,1,0,4,29,7.3,7.5,Yellow,Mid-Range
CAR_01027,Toyota,Tacoma,2025,15348,21727,Gasoline,2.3,152,Automatic,2,1,5,55,8.5,3.8,Yellow,Mid-Range
CAR_01028,Jaguar,F-TYPE,2018,55168,34911,Diesel,1.7,89,Automatic,0,0,4,118,5.8,6.6,White,Mid-Range
CAR_01029,Audi,A3,2010,34047,25587,Hybrid,3.2,172,Automatic,1,0,18,1,7.1,5.9,Brown,Mid-Range
CAR_01030,Mercedes,S-Class,2025,32520,46938,Diesel,2.0,92,Automatic,0,0,10,13,6.4,7.0,Silver,Premium
CAR_01031,Porsche,Panamera,2016,69440,26141,Hybrid,1.6,80,Automatic,3,0,3,2,6.9,8.0,White,Mid-Range
CAR_01032,Mazda,CX-9,2012,10816,9644,Diesel,2.3,133,Automatic,4,0,7,6,7.0,7.1,Blue,Economy
CAR_01033,Jeep,Renegade,2013,50430,16258,Gasoline,1.8,80,Automatic,1,0,9,96,6.4,7.9,Blue,Economy
CAR_01034,Land Rover,Velar,2017,8488,33332,Gasoline,2.8,169,CVT,2,0,7,330,6.7,5.1,Green,Mid-Range
CAR_01035,Tesla,Model Y,2003,117503,6039,Diesel,2.7,119,Automatic,1,0,9,121,6.7,4.4,Green,Economy
CAR_01036,Mercedes,E-Class,2017,31545,25001,Gasoline,2.3,122,Manual,3,0,9,16,1.9,5.3,Green,Mid-Range
CAR_01037,Jaguar,XF,2016,68776,27186,Gasoline,1.8,88,Automatic,1,0,3,200,4.0,5.8,Silver,Mid-Range
CAR_01038,Hyundai,Elantra,2000,29281,4494,Electric,0.0,566,Automatic,1,0,7,20,5.4,6.0,Blue,Economy
CAR_01040,Volkswagen,Tiguan,2006,48806,6601,Gasoline,1.5,80,Automatic,0,1,5,47,4.4,7.0,Green,Economy
CAR_01041,Chevrolet,Tahoe,2018,52303,19976,Gasoline,2.4,115,Automatic,3,0,10,0,5.7,7.3,Silver,Mid-Range
CAR_01042,Jaguar,F-PACE,2004,67088,9400,Gasoline,2.5,130,Automatic,3,0,7,194,7.3,7.3,Green,Economy
CAR_01043,Hyundai,Sonata,2024,154884,15945,Gasoline,2.2,116,Automatic,3,0,5,465,4.7,5.5,Orange,Economy
CAR_01044,Toyota,Tacoma,2012,80510,9893,Gasoline,1.8,101,CVT,0,0,8,4,10.2,6.7,Red,Economy
CAR_01045,Toyota,RAV4,2000,19589,9832,Electric,0.0,328,Automatic,2,1,11,196,5.6,6.4,Red,Economy
CAR_01046,Nissan,Rogue,2007,46396,13122,Gasoline,2.5,149,Automatic,1,0,8,143,6.7,4.7,Green,Economy
CAR_01047,Porsche,Panamera,2022,10814,40872,Gasoline,1.5,80,Automatic,2,0,8,50,5.1,10.0,Green,Premium
CAR_01048,Honda,HR-V,2020,88339,15017,Gasoline,1.8,80,Automatic,0,0,7,45,9.2,6.6,Gray,Economy
CAR_01049,Tesla,Model 3,2015,41601,22727,Gasoline,3.6,188,Automatic,2,0,7,44,5.9,6.1,White,Mid-Range
CAR_01050,Chevrolet,Camaro,2006,49927,9387,Electric,0.0,239,CVT,2,0,5,278,5.8,9.2,Brown,Economy
CAR_01051,Toyota,Tacoma,2010,77828,8336,Electric,0.0,204,Automatic,1,0,7,115,5.2,8.2,Gray,Economy
CAR_01052,Hyundai,Sonata,2016,51016,15366,Diesel,4.2,227,Automatic,1,1,7,7,3.4,6.7,Red,Economy
CAR_01053,Subaru,Crosstrek,2022,220812,9825,Gasoline,3.7,222,Automatic,2,0,8,19,4.6,10.0,Red,Economy
CAR_01054,Subaru,Forester,2013,56668,15592,Gasoline,4.2,254,Automatic,0,0,12,156,5.5,5.6,Black,Economy
CAR_01055,Volvo,XC90,2006,30760,16940,Gasoline,3.2,169,CVT,3,0,9,77,8.7,5.6,White,Economy
CAR_01056,Volvo,XC60,2015,6032,21221,Gasoline,2.8,150,Automatic,2,0,8,27,5.7,10.0,Yellow,Mid-Range
CAR_01057,Volkswagen,Passat,2017,55782,14181,Gasoline,2.0,83,Automatic,2,1,6,10,8.5,10.0,Brown,Economy
CAR_01058,Jaguar,I-PACE,2021,179985,29737,Hybrid,3.1,157,Automatic,1,0,9,92,6.8,8.5,Blue,Mid-Range
CAR_01059,Hyundai,Tucson,2014,63637,7224,Gasoline,3.0,171,Automatic,1,0,5,20,4.8,8.5,Orange,Economy
CAR_01060,Kia,Sportage,2002,11472,11707,Hybrid,2.4,133,Automatic,5,0,6,214,7.9,5.2,Red,Economy
CAR_01061,Volkswagen,Atlas,2019,63937,18734,Electric,0.0,224,Automatic,2,1,10,167,5.8,6.7,Silver,Mid-Range
CAR_01062,Land Rover,Evoque,2012,15904,24820,Hybrid,1.8,86,Automatic,0,0,14,35,7.0,5.8,Silver,Mid-Range
CAR_01063,Subaru,Ascent,2013,65998,7302,Gasoline,3.2,166,Automatic,0,0,10,84,3.1,9.1,White,Economy
CAR_01064,Chevrolet,Tahoe,2002,36563,7084,Diesel,3.1,188,Automatic,2,0,8,33,6.0,8.6,White,Economy
CAR_01065,Porsche,Panamera,2006,10734,14592,Gasoline,2.2,127,Automatic,0,0,9,99,7.6,5.7,Brown,Economy
CAR_01066,Jeep,Renegade,2025,49336,24416,Electric,0.0,783,Manual,3,0,7,63,2.9,6.7,Yellow,Mid-Range
CAR_01067,Audi,A4,2021,14411,35725,Gasoline,1.6,89,CVT,1,0,5,23,0.2,8.3,Orange,Premium
CAR_01068,Volvo,V60,2023,22969,25941,Hybrid,2.4,102,Automatic,2,0,10,35,5.4,7.2,Yellow,Mid-Range
CAR_01069,Mercedes,GLC,2014,85188,23695,Electric,0.0,662,Automatic,1,0,7,106,5.5,6.3,Brown,Mid-Range
CAR_01070,Jeep,Grand Cherokee,2014,56058,15457,Gasoline,2.2,135,Automatic,1,0,5,82,6.8,6.1,Green,Economy
CAR_01071,Tesla,Model Y,2005,24384,9370,Electric,0.0,590,Automatic,2,0,7,22,4.2,9.3,Brown,Economy
CAR_01072,Jaguar,I-PACE,2014,75865,27672,Hybrid,1.6,115,Automatic,1,0,4,207,8.1,5.6,Red,Mid-Range
CAR_01073,Ford,Escape,2022,5293,25442,Gasoline,2.8,148,Automatic,1,0,6,27,7.6,8.0,Green,Mid-Range
CAR_01074,Ford,Mustang,2015,6710,12105,Electric,0.0,234,Manual,3,0,7,23,6.9,9.5,Yellow,Economy
CAR_01075,Jeep,Wrangler,2001,12360,3447,Hybrid,2.3,141,Automatic,1,1,13,91,5.2,8.0,Black,Economy
CAR_01076,Tesla,Model Y,2011,32880,14141,Gasoline,2.5,163,Automatic,1,1,11,114,5.7,6.3,Brown,Economy
CAR_01077,Nissan,Altima,2024,29139,24404,Hybrid,2.9,118,Automatic,1,0,5,118,4.4,7.4,White,Mid-Range
CAR_01078,Audi,Q7,2024,38452,39670,Gasoline,2.0,109,Automatic,1,0,3,77,5.0,7.5,Orange,Premium
CAR_01080,Jeep,Renegade,2020,19361,25416,Diesel,3.6,192,Automatic,3,1,6,96,8.3,9.4,Red,Mid-Range
CAR_01081,Tesla,Model X,2008,52988,15433,Gasoline,2.6,137,Automatic,1,1,14,112,6.5,7.4,Gray,Economy
CAR_01082,Lexus,RX,2011,62885,24215,Hybrid,2.6,159,Automatic,5,0,6,116,9.3,5.9,Silver,Mid-Range
CAR_01083,Volvo,XC60,2002,29490,9226,Diesel,1.0,80,Automatic,2,0,4,22,6.5,5.7,Silver,Economy
CAR_01084,Chevrolet,Camaro,2004,19833,4373,Gasoline,3.1,190,Automatic,1,0,7,11,5.6,6.2,White,Economy
CAR_01085,Mercedes,GLC,2005,48566,13923,Hybrid,1.9,110,Automatic,0,0,6,80,5.8,8.8,Red,Economy
CAR_01086,Lexus,IS,2004,44660,10397,Diesel,2.4,119,Automatic,3,0,8,111,3.4,6.5,Black,Economy
CAR_01087,Nissan,Pathfinder,2006,98390,8598,Gasoline,3.0,130,Automatic,3,0,12,37,6.8,7.7,Green,Economy
CAR_01088,Lexus,IS,2012,32249,24679,Diesel,2.1,109,Automatic,3,0,9,50,8.4,7.2,Gray,Mid-Range
CAR_01089,Honda,Accord,2010,36932,10543,Gasoline,2.8,149,CVT,4,0,7,20,6.3,5.7,Black,Economy
CAR_01090,Jeep,Compass,2010,7362,12701,Hybrid,2.9,129,Automatic,1,0,11,71,6.8,8.1,Silver,Economy
CAR_01091,Ford,Focus,2014,121632,11833,Diesel,2.5,121,Automatic,1,0,7,203,5.7,3.7,Blue,Economy
CAR_01092,BMW,7 Series,2016,87350,32732,Diesel,2.8,158,CVT,0,1,7,253,5.2,8.8,Orange,Mid-Range
CAR_01093,Honda,Pilot,2002,39748,5715,Gasoline,3.8,192,Manual,2,0,3,70,7.1,4.2,Red,Economy
CAR_01094,Ford,Mustang,2007,5547,12233,Gasoline,1.6,92,Automatic,3,0,10,107,7.4,7.7,White,Economy
CAR_01095,Jeep,Cherokee,2004,29935,13157,Gasoline,1.5,84,Automatic,1,1,5,95,3.6,6.2,Green,Economy
CAR_01097,Hyundai,Elantra,2015,19926,17200,Gasoline,2.6,130,Automatic,3,0,7,31,8.8,4.8,Orange,Economy
CAR_01098,Hyundai,Sonata,2014,55556,10292,Gasoline,3.6,158,Automatic,2,0,8,0,7.8,6.7,Red,Economy
CAR_01099,BMW,3 Series,2011,55474,21894,Electric,0.0,752,Automatic,1,0,6,1,3.9,7.2,Orange,Mid-Range
CAR_01100,Land Rover,Range Rover,2013,174053,15391,Hybrid,4.1,229,Automatic,1,0,7,72,7.9,5.8,Red,Economy
CAR_01101,Volkswagen,Atlas,2017,92880,14202,Diesel,3.1,183,Automatic,2,1,11,23,7.6,6.0,Silver,Economy
CAR_01102,Kia,Sorento,2019,35532,16857,Hybrid,2.5,140,Automatic,1,0,5,62,6.3,8.2,Silver,Economy
CAR_01103,Kia,Forte,2020,59732,20408,Diesel,3.8,208,Automatic,2,0,7,262,8.7,8.3,Silver,Mid-Range
CAR_01104,BMW,X3,2004,29971,11165,Electric,0.0,546,Automatic,1,0,6,317,4.7,5.3,White,Economy
CAR_01105,Volvo,XC60,2019,86357,22088,Electric,0.0,790,Automatic,0,0,14,135,7.6,6.1,Blue,Mid-Range
CAR_01106,Volkswagen,Tiguan,2016,42164,15550,Gasoline,2.4,119,CVT,5,0,10,5,7.1,7.3,Green,Economy
CAR_01107,Jeep,Renegade,2013,49276,15731,Gasoline,3.3,170,Automatic,3,0,8,47,4.4,7.1,White,Economy
CAR_01108,Subaru,Impreza,2015,53980,18887,Electric,0.0,615,CVT,1,0,10,7,5.0,5.1,Black,Mid-Range
CAR_01109,Chevrolet,Silverado,2012,9481,11413,Hybrid,1.9,128,Automatic,2,0,11,55,3.5,8.6,Green,Economy
CAR_01110,Mazda,CX-5,2012,25320,14076,Electric,0.0,514,Automatic,2,0,1,84,4.4,5.5,Brown,Economy
CAR_01111,Ford,F-150,2015,15099,16805,Hybrid,3.5,180,Automatic,2,0,8,41,3.8,5.6,Red,Economy
CAR_01112,Lexus,NX,2012,68947,22303,Electric,0.0,426,Automatic,1,0,15,47,5.4,4.8,Red,Mid-Range
CAR_01113,Ford,Explorer,2024,19089,24037,Hybrid,3.7,235,Automatic,0,1,5,53,6.3,6.6,Blue,Mid-Range
CAR_01114,Mazda,CX-5,2021,46285,19495,Gasoline,3.7,210,Automatic,2,0,4,137,6.2,6.0,White,Mid-Range
CAR_01115,Audi,A3,2004,6640,18521,Gasoline,2.2,80,Manual,0,1,7,412,8.5,7.5,Orange,Mid-Range
CAR_01117,Volkswagen,Passat,2000,7355,8291,Electric,0.0,305,CVT,2,0,10,150,5.8,5.8,Blue,Economy
CAR_01118,BMW,7 Series,2010,10030,21093,Electric,0.0,416,Automatic,0,1,10,105,4.7,8.6,Orange,Mid-Range
CAR_01119,Porsche,911,2024,21401,43725,Electric,0.0,641,CVT,3,0,6,126,8.3,6.3,Green,Premium
CAR_01121,Mercedes,S-Class,2009,29702,19136,Gasoline,2.4,144,Automatic,2,0,9,5,5.0,7.1,Black,Mid-Range
CAR_01122,Ford,Explorer,2015,34728,16474,Gasoline,3.5,182,Automatic,2,0,11,139,9.4,6.2,Green,Economy
CAR_01123,Ford,Mustang,2023,42578,17171,Gasoline,3.0,214,Automatic,2,0,3,25,8.3,8.5,Yellow,Economy
CAR_01124,Kia,Telluride,2019,57284,18173,Diesel,2.8,183,Manual,0,0,8,36,9.6,8.1,Brown,Mid-Range
CAR_01126,Mercedes,GLC,2013,63940,26289,Gasoline,2.9,115,Manual,2,0,10,162,3.9,8.8,Green,Mid-Range
CAR_01127,Subaru,Crosstrek,2015,23787,16485,Gasoline,3.3,174,Automatic,0,0,8,48,5.9,7.5,Red,Economy
CAR_01128,Jeep,Compass,2004,8486,11775,Gasoline,2.3,153,Automatic,1,0,5,53,7.4,6.0,Red,Economy
CAR_01129,Mazda,Mazda3,2002,81002,3719,Hybrid,1.5,80,Automatic,1,1,6,26,5.4,5.1,Silver,Economy
CAR_01130,Ford,Escape,2012,5224,14245,Hybrid,2.0,138,CVT,1,0,5,321,6.2,8.7,Gray,Economy
CAR_01131,Mercedes,S-Class,2014,24348,23405,Gasoline,2.6,134,CVT,0,0,5,123,7.8,6.0,Yellow,Mid-Range
CAR_01132,Subaru,Crosstrek,2019,24028,18028,Diesel,1.8,80,CVT,1,0,5,5,4.1,6.4,White,Mid-Range
CAR_01133,Audi,Q5,2010,41178,20090,Electric,0.0,275,CVT,2,1,7,176,10.1,6.6,White,Mid-Range
CAR_01134,BMW,7 Series,2020,16534,39433,Gasoline,1.7,80,Automatic,2,0,10,66,7.3,8.6,Gray,Premium
CAR_01135,Lexus,RX,2005,76123,12690,Diesel,2.6,142,Automatic,1,1,12,39,5.8,4.4,White,Economy
CAR_01136,Jeep,Renegade,2015,56989,11881,Diesel,1.0,80,Automatic,0,0,13,35,8.5,6.3,Red,Economy
CAR_01137,Mercedes,GLE,2006,26848,17666,Gasoline,3.0,195,Automatic,3,1,7,19,7.2,5.0,Orange,Economy
CAR_01138,Nissan,Rogue,2001,67645,4308,Gasoline,2.6,80,Automatic,1,0,7,59,7.7,7.9,Yellow,Economy
CAR_01139,Honda,CR-V,2016,21941,16873,Diesel,4.3,257,Automatic,5,1,12,5,8.4,7.5,Silver,Economy
CAR_01140,Honda,Accord,2015,101118,5926,Hybrid,2.9,187,Automatic,1,0,8,35,6.0,6.2,Orange,Economy
CAR_01141,Nissan,Altima,2001,40060,5146,Electric,0.0,364,Automatic,2,1,9,53,7.0,7.9,Brown,Economy
CAR_01142,Volkswagen,Jetta,2000,46530,6742,Gasoline,2.3,139,Automatic,3,0,6,3,6.0,5.4,Blue,Economy
CAR_01143,Volvo,XC90,2003,21003,8964,Hybrid,2.2,135,CVT,0,0,9,84,4.2,10.0,White,Economy
CAR_01144,Jaguar,XF,2000,46745,12039,Gasoline,3.8,234,Automatic,0,0,8,51,5.3,8.1,Red,Economy
CAR_01145,Audi,Q7,2012,88569,19481,Diesel,4.1,244,Automatic,1,0,4,101,7.3,6.4,Silver,Mid-Range
CAR_01146,Kia,Telluride,2023,27540,19377,Hybrid,2.4,125,Automatic,0,1,6,30,5.4,7.9,Silver,Mid-Range
CAR_01147,Honda,Pilot,2022,63974,16847,Electric,0.0,745,CVT,3,1,12,78,4.8,7.5,Silver,Economy
CAR_01148,Jeep,Wrangler,2016,35820,16084,Diesel,3.0,197,CVT,0,0,6,15,6.8,7.4,Yellow,Economy
CAR_01149,Lexus,ES,2004,19167,14251,Electric,0.0,263,Automatic,1,1,5,36,3.3,6.8,White,Economy
CAR_01150,Mazda,Mazda3,2000,4514,6282,Electric,0.0,486,Automatic,2,0,6,127,7.2,8.6,Red,Economy
CAR_01152,Volkswagen,Passat,2021,9510,22356,Diesel,3.0,155,Automatic,0,0,4,18,8.8,8.3,Green,Mid-Range
CAR_01153,Honda,Civic,2021,26022,23017,Diesel,2.3,111,Manual,0,0,8,35,6.8,6.9,Blue,Mid-Range
CAR_01154,Tesla,Cybertruck,2003,50558,5100,Gasoline,1.7,97,Automatic,2,0,7,1,4.9,10.0,Orange,Economy
CAR_01155,Honda,HR-V,2011,55521,7685,Gasoline,1.5,80,CVT,3,0,11,121,5.0,7.2,Red,Economy
CAR_01156,Land Rover,Evoque,2012,26728,28588,Gasoline,1.0,80,Automatic,1,1,14,164,9.1,6.7,Yellow,Mid-Range
CAR_01157,Nissan,Rogue,2011,55880,10555,Gasoline,2.8,145,Automatic,1,1,8,5,10.3,8.3,Silver,Economy
CAR_01158,BMW,X5,2019,49040,31207,Electric,0.0,724,Automatic,0,1,2,156,10.4,3.6,Silver,Mid-Range
CAR_01159,Kia,Optima,2024,35965,19929,Gasoline,3.1,143,Manual,2,1,10,350,6.8,5.9,Red,Mid-Range
CAR_01160,Subaru,Crosstrek,2014,86902,12058,Hybrid,1.8,87,CVT,2,0,9,26,4.6,5.7,Gray,Economy
CAR_01161,Audi,A6,2003,149261,5191,Electric,0.0,580,Automatic,2,0,7,412,5.8,6.4,Brown,Economy
CAR_01162,Volkswagen,Atlas,2024,14435,24359,Gasoline,3.1,140,Automatic,4,0,7,20,4.9,6.7,Silver,Mid-Range
CAR_01164,Land Rover,Range Rover,2013,51284,25136,Electric,0.0,657,Automatic,0,0,9,287,3.5,7.0,Yellow,Mid-Range
CAR_01165,Jeep,Renegade,2017,52615,14770,Hybrid,3.7,212,Automatic,1,0,8,20,8.6,7.7,Yellow,Economy
CAR_01166,Mazda,CX-9,2010,31659,16901,Gasoline,2.7,155,Automatic,1,0,9,58,4.4,8.1,Orange,Economy
CAR_01167,Mercedes,GLE,2022,27324,37451,Gasoline,1.5,92,Automatic,1,0,4,73,6.3,5.8,Black,Premium
CAR_01168,Audi,Q7,2014,66983,27751,Gasoline,1.9,121,Automatic,3,0,8,22,5.4,6.8,Silver,Mid-Range
CAR_01169,Toyota,Highlander,2004,50779,3764,Hybrid,3.6,206,Automatic,0,0,8,137,5.2,5.2,Green,Economy
CAR_01170,Tesla,Cybertruck,2014,90229,17126,Gasoline,1.8,105,Automatic,0,1,10,63,2.2,6.5,Black,Economy
CAR_01171,Volvo,S60,2000,33332,3956,Gasoline,2.2,104,Automatic,3,0,8,167,3.5,8.9,Black,Economy
CAR_01172,Toyota,Highlander,2019,74055,21081,Gasoline,1.6,80,CVT,3,0,5,81,3.8,7.2,Black,Mid-Range
CAR_01173,Volvo,XC90,2002,14959,12902,Gasoline,1.1,83,CVT,2,0,10,75,7.4,6.3,Green,Economy
CAR_01174,Honda,CR-V,2006,51350,9674,Gasoline,3.4,171,CVT,1,0,14,67,7.6,7.4,Green,Economy
CAR_01175,Nissan,Altima,2023,10886,22154,Gasoline,2.9,170,Automatic,2,1,4,153,7.6,7.0,Brown,Mid-Range
CAR_01176,Toyota,Highlander,2025,118145,17595,Gasoline,2.3,152,CVT,0,0,9,372,6.5,1.0,White,Economy
CAR_01177,Honda,Civic,2012,125808,7721,Gasoline,1.6,80,Automatic,1,0,7,94,7.0,6.3,Green,Economy
CAR_01178,Mazda,Mazda6,2020,28835,18831,Gasoline,2.8,167,Automatic,3,0,5,10,7.2,5.4,Brown,Mid-Range
CAR_01179,Lexus,GX,2009,20599,22582,Gasoline,2.9,159,Automatic,3,1,11,171,12.0,7.0,Green,Mid-Range
CAR_01180,Ford,Explorer,2019,38898,18240,Hybrid,1.5,87,Automatic,3,0,7,203,6.2,6.7,Gray,Mid-Range
CAR_01181,Subaru,Ascent,2024,61920,17816,Gasoline,1.2,104,Manual,1,0,7,16,8.6,9.1,Brown,Economy
CAR_01183,Hyundai,Kona,2000,75358,3787,Gasoline,1.8,97,Automatic,1,0,10,140,6.2,8.0,Green,Economy
CAR_01184,BMW,5 Series,2012,27343,25909,Gasoline,2.7,184,CVT,3,0,7,166,8.8,4.9,Green,Mid-Range
CAR_01185,Mercedes,E-Class,2020,46656,37074,Gasoline,3.3,157,Automatic,0,1,8,13,8.1,7.6,Red,Premium
CAR_01186,Mercedes,C-Class,2025,66942,35797,Electric,0.0,594,Automatic,2,0,8,30,5.9,4.3,White,Premium
CAR_01187,Subaru,Ascent,2025,11851,25789,Gasoline,3.6,195,Automatic,2,0,8,154,9.6,4.2,Silver,Mid-Range
CAR_01188,Mazda,CX-9,2023,5054,19009,Hybrid,2.8,164,CVT,1,0,8,108,3.8,3.7,Orange,Mid-Range
CAR_01189,Volkswagen,Passat,2015,25517,13678,Diesel,2.4,156,Automatic,2,0,12,27,9.4,7.5,Gray,Economy
CAR_01190,Ford,Explorer,2023,48098,24908,Gasoline,2.7,119,Automatic,1,1,10,47,9.4,5.2,Gray,Mid-Range
CAR_01191,Volkswagen,Jetta,2020,11788,23664,Electric,0.0,648,Automatic,5,1,8,127,6.2,6.3,Black,Mid-Range
CAR_01192,Volvo,V60,2021,8717,35514,Diesel,3.2,178,Manual,0,0,8,77,0.0,6.5,White,Premium
CAR_01193,Kia,Sportage,2020,22790,18109,Hybrid,2.1,132,CVT,3,0,5,24,3.3,4.9,Orange,Mid-Range
CAR_01194,Jeep,Compass,2004,43317,2000,Hybrid,3.3,182,Automatic,1,0,15,15,5.3,6.6,Red,Economy
CAR_01195,Volvo,XC90,2007,9973,14011,Diesel,2.7,160,Automatic,1,0,4,49,6.6,6.8,Yellow,Economy
CAR_01196,Subaru,Ascent,2023,32923,19003,Hybrid,2.9,164,Automatic,3,0,7,45,6.4,7.6,Gray,Mid-Range
CAR_01197,BMW,X3,2004,44980,12318,Hybrid,2.1,101,Automatic,3,1,6,20,5.8,6.4,Green,Economy
CAR_01198,Chevrolet,Equinox,2006,16475,8976,Diesel,2.5,160,CVT,1,0,7,108,5.4,6.7,Black,Economy
CAR_01199,Mazda,Mazda3,2006,72820,8106,Diesel,1.2,80,Automatic,1,0,11,44,4.6,8.6,Orange,Economy
CAR_01200,Lexus,GX,2004,10365,12629,Electric,0.0,333,Automatic,3,1,12,244,7.3,8.9,Yellow,Economy
CAR_01201,Volkswagen,Atlas,2006,42926,8178,Gasoline,1.8,97,CVT,1,0,5,122,3.9,6.7,Yellow,Economy
CAR_01202,Ford,Mustang,2003,135093,2000,Electric,0.0,224,Automatic,0,0,3,180,6.8,8.4,Brown,Economy
CAR_01203,Volkswagen,Tiguan,2023,30532,21675,Gasoline,2.2,143,Automatic,2,0,9,12,6.4,3.2,Orange,Mid-Range
CAR_01204,Jeep,Cherokee,2018,44345,16448,Hybrid,2.4,108,Automatic,1,1,5,12,4.3,7.2,Orange,Economy
CAR_01205,Lexus,IS,2023,103978,35036,Gasoline,2.9,146,CVT,1,0,6,63,8.7,7.3,Brown,Premium
CAR_01207,Audi,A6,2005,38238,13240,Hybrid,2.4,112,Automatic,0,0,4,12,8.4,6.5,Red,Economy
CAR_01208,Land Rover,Defender,2007,37524,16458,Gasoline,2.5,136,Automatic,1,0,5,4,4.3,8.1,Brown,Economy
CAR_01209,Toyota,Tacoma,2023,77459,19336,Gasoline,1.9,118,Automatic,1,1,10,98,4.3,6.6,Gray,Mid-Range
CAR_01210,Volvo,XC40,2024,46132,29740,Gasoline,2.9,191,Automatic,1,0,12,229,2.6,5.8,Orange,Mid-Range
CAR_01212,Nissan,Rogue,2010,41515,11401,Diesel,1.3,80,Automatic,2,0,4,81,6.5,6.3,Green,Economy
CAR_01213,Porsche,Taycan,2021,44595,40724,Hybrid,3.2,180,Automatic,1,0,11,9,5.2,10.0,Red,Premium
CAR_01214,Subaru,Ascent,2001,22129,2000,Hybrid,2.7,137,Automatic,2,0,1,15,9.5,4.8,Black,Economy
CAR_01215,Jeep,Wrangler,2002,27870,7404,Hybrid,1.7,119,Automatic,2,0,12,31,5.4,5.2,Orange,Economy
CAR_01216,BMW,5 Series,2000,42952,5583,Hybrid,2.0,89,Automatic,4,0,5,60,5.6,6.2,Blue,Economy
CAR_01217,BMW,3 Series,2018,29992,31147,Gasoline,3.9,219,Automatic,5,0,8,101,10.2,8.8,White,Mid-Range
CAR_01218,Tesla,Model Y,2022,13769,32149,Diesel,1.9,90,Manual,3,0,4,264,6.5,6.4,Green,Mid-Range
CAR_01219,Chevrolet,Equinox,2014,24946,20218,Gasoline,2.2,151,Automatic,2,1,5,19,5.5,6.9,Red,Mid-Range
CAR_01220,Volvo,XC40,2010,81274,17267,Diesel,2.6,141,Automatic,0,0,5,19,6.2,4.8,Blue,Economy
CAR_01221,Jeep,Renegade,2013,23490,14846,Electric,0.0,719,CVT,3,0,8,61,5.1,4.2,Orange,Economy
CAR_01222,Volvo,S60,2001,41917,3383,Gasoline,3.0,128,Automatic,1,0,7,19,4.1,8.6,Yellow,Economy
CAR_01223,Hyundai,Elantra,2013,23715,10556,Gasoline,1.6,80,CVT,1,0,11,3,8.4,5.3,Orange,Economy
CAR_01224,Toyota,Highlander,2007,27636,9608,Diesel,2.3,167,CVT,2,0,8,12,8.1,6.8,Red,Economy
CAR_01225,Land Rover,Velar,2002,49662,11901,Gasoline,1.8,80,Automatic,0,0,12,45,6.3,6.7,Green,Economy
CAR_01226,Lexus,NX,2018,42653,33371,Hybrid,2.3,105,Automatic,0,0,3,68,6.6,6.4,Green,Mid-Range
CAR_01227,Mazda,CX-5,2015,53083,18999,Gasoline,3.0,156,Automatic,1,1,7,138,8.2,8.2,Blue,Mid-Range
CAR_01228,Nissan,Rogue,2023,11398,21172,Gasoline,1.0,88,Automatic,2,0,9,2,7.0,9.8,Silver,Mid-Range
CAR_01229,Honda,HR-V,2005,11886,11900,Gasoline,1.7,82,Automatic,2,1,12,71,9.4,6.2,Blue,Economy
CAR_01230,Kia,Sorento,2004,21212,6496,Hybrid,3.0,179,Automatic,0,1,11,213,5.4,4.2,Yellow,Economy
CAR_01231,Chevrolet,Camaro,2021,100931,18494,Diesel,4.0,210,Automatic,1,0,17,136,9.1,7.3,Blue,Mid-Range
CAR_01232,Volvo,XC60,2008,51199,13969,Gasoline,3.7,210,Automatic,0,0,6,18,8.2,8.4,Green,Economy
CAR_01233,Jeep,Renegade,2020,29231,22906,Gasoline,2.4,214,Automatic,1,1,8,117,8.2,8.7,Red,Mid-Range
CAR_01234,Subaru,Crosstrek,2008,25156,5029,Gasoline,2.6,214,Automatic,0,1,11,20,7.2,7.7,Red,Economy
CAR_01235,Land Rover,Range Rover,2003,28659,13349,Gasoline,1.7,133,Automatic,0,1,6,160,4.9,6.0,Yellow,Economy
CAR_01236,Chevrolet,Camaro,2017,1133,22689,Diesel,1.9,101,Automatic,1,0,6,27,9.4,6.2,Red,Mid-Range
CAR_01237,Subaru,Impreza,2008,34452,7489,Gasoline,4.2,214,Automatic,2,0,9,271,6.5,7.9,Black,Economy
CAR_01239,Nissan,Pathfinder,2011,29314,9032,Gasoline,3.1,167,Automatic,1,0,13,42,4.8,9.0,Orange,Economy
CAR_01240,Honda,Pilot,2004,45341,3020,Electric,0.0,761,Automatic,2,0,9,71,8.2,4.5,Red,Economy
CAR_01241,Land Rover,Velar,2017,48067,29066,Hybrid,3.3,173,Automatic,2,0,10,180,9.0,4.0,Silver,Mid-Range
CAR_01242,Jeep,Wrangler,2022,68160,18124,Electric,0.0,431,Automatic,2,0,9,35,6.2,5.8,Green,Mid-Range
CAR_01243,Honda,HR-V,2009,78215,8566,Gasoline,3.6,196,Manual,2,0,10,183,7.8,6.4,White,Economy
CAR_01244,Subaru,Ascent,2002,51151,2000,Gasoline,1.6,80,Automatic,2,1,8,126,7.6,7.2,Blue,Economy
CAR_01245,Porsche,Panamera,2017,31792,29709,Diesel,2.1,119,Automatic,1,0,6,34,6.1,3.8,Yellow,Mid-Range
CAR_01247,Kia,Optima,2018,100611,17929,Electric,0.0,761,Automatic,3,0,3,175,7.9,8.9,Orange,Economy
CAR_01248,Honda,Civic,2010,105999,4055,Gasoline,1.8,85,Automatic,1,0,9,14,6.6,7.2,Black,Economy
CAR_01249,Ford,Explorer,2012,130729,14473,Gasoline,3.2,161,Automatic,2,0,7,112,6.8,9.5,Silver,Economy
CAR_01250,Lexus,GX,2010,39793,21141,Gasoline,2.5,122,Automatic,0,0,3,300,6.5,6.1,Green,Mid-Range
CAR_01251,Tesla,Cybertruck,2006,83061,8544,Gasoline,1.7,108,Automatic,2,0,9,218,8.0,7.3,Black,Economy
CAR_01252,Mazda,CX-5,2001,4099,2218,Gasoline,3.6,202,Automatic,1,0,9,27,2.2,8.1,White,Economy
CAR_01253,BMW,7 Series,2012,33927,24162,Electric,0.0,776,CVT,2,0,9,61,6.4,7.4,Brown,Mid-Range
CAR_01254,Jaguar,XE,2009,18062,18854,Hybrid,2.7,106,Automatic,3,0,5,71,6.3,7.0,Gray,Mid-Range
CAR_01255,Porsche,Macan,2021,175635,28960,Hybrid,3.6,165,Automatic,2,1,10,17,7.4,5.5,Blue,Mid-Range
CAR_01256,Chevrolet,Malibu,2023,4445,22595,Gasoline,3.8,212,CVT,3,0,8,88,9.4,5.5,Yellow,Mid-Range
CAR_01257,Lexus,RX,2022,144050,29841,Gasoline,3.3,190,Automatic,3,0,10,59,7.1,8.6,Blue,Mid-Range
CAR_01258,Mazda,CX-9,2004,39326,6324,Gasoline,1.1,80,Automatic,0,1,7,75,5.8,9.1,Yellow,Economy
CAR_01259,Tesla,Model X,2006,58266,14714,Diesel,2.4,106,Automatic,2,0,14,118,4.9,8.9,Orange,Economy
CAR_01260,Porsche,911,2001,23704,15637,Gasoline,2.5,166,Automatic,0,0,6,171,5.7,6.8,Black,Economy
CAR_01261,Land Rover,Evoque,2014,60837,21857,Electric,0.0,783,Automatic,2,0,6,80,10.8,3.1,Gray,Mid-Range
CAR_01262,Mazda,Mazda6,2001,34177,2790,Gasoline,1.6,80,Automatic,2,0,7,135,7.4,5.8,Yellow,Economy
CAR_01263,Nissan,Maxima,2019,15009,21427,Hybrid,1.1,80,Automatic,0,0,9,54,4.1,9.0,Red,Mid-Range
CAR_01264,BMW,7 Series,2008,69472,14521,Electric,2.4,302,Automatic,2,0,10,0,7.5,8.3,Yellow,Economy
CAR_01265,Audi,Q5,2011,62648,19197,Hybrid,2.9,127,Automatic,1,0,9,146,10.4,5.3,Gray,Mid-Range
CAR_01266,Porsche,Cayenne,2012,10518,21291,Gasoline,2.7,161,Automatic,0,0,6,60,4.8,7.8,Yellow,Mid-Range
CAR_01267,Volvo,V60,2000,63378,2000,Gasoline,1.2,80,Automatic,3,0,10,179,5.6,9.5,Orange,Economy
CAR_01268,Land Rover,Evoque,2012,7111,23735,Gasoline,2.5,100,Automatic,3,0,7,16,8.6,8.7,Silver,Mid-Range
CAR_01269,Mazda,CX-30,2003,47239,2000,Gasoline,1.9,117,CVT,2,0,7,240,5.1,5.9,White,Economy
CAR_01270,Honda,Civic,2004,60537,2000,Diesel,3.1,182,Automatic,0,0,9,14,7.4,7.6,Brown,Economy
CAR_01271,Nissan,Maxima,2018,50200,17913,Gasoline,2.4,112,Manual,0,0,12,25,8.7,6.7,Brown,Economy
CAR_01272,Honda,Accord,2003,74351,4777,Hybrid,2.3,134,Automatic,2,1,7,165,7.2,9.2,Yellow,Economy
CAR_01273,Jeep,Compass,2014,55885,13842,Hybrid,2.7,130,Automatic,2,0,9,188,6.0,9.5,Black,Economy
CAR_01274,Mercedes,S-Class,2009,39232,17668,Diesel,3.4,187,Automatic,3,0,4,210,5.7,6.1,Orange,Economy
CAR_01275,Tesla,Model 3,2019,23846,30492,Gasoline,2.2,119,CVT,1,0,8,104,4.5,7.4,Orange,Mid-Range
CAR_01276,Tesla,Model 3,2011,49722,18138,Hybrid,3.5,167,Automatic,1,0,7,5,7.4,7.3,Orange,Mid-Range
CAR_01277,Lexus,NX,2015,63510,30401,Diesel,2.4,138,Automatic,3,0,13,26,8.8,7.5,Gray,Mid-Range
CAR_01278,Kia,Telluride,2003,45837,7124,Gasoline,2.6,133,Automatic,1,1,5,17,5.7,8.9,Brown,Economy
CAR_01279,Kia,Forte,2011,38422,12530,Gasoline,2.3,135,Automatic,2,0,3,29,5.5,3.9,Brown,Economy
CAR_01280,Lexus,GX,2024,11747,40857,Gasoline,3.2,196,CVT,0,0,10,47,6.1,6.5,Yellow,Premium
CAR_01281,Lexus,IS,2022,10791,40647,Gasoline,2.9,140,CVT,1,0,10,121,6.2,8.2,Blue,Premium
CAR_01282,Ford,Escape,2023,29520,22312,Gasoline,1.3,80,Automatic,1,0,12,85,8.3,10.0,Gray,Mid-Range
CAR_01283,Land Rover,Velar,2025,54703,40812,Gasoline,3.3,137,Automatic,2,0,11,201,8.1,7.7,Orange,Premium
CAR_01284,Jeep,Cherokee,2005,13127,13810,Diesel,1.5,95,Automatic,1,0,11,89,8.9,7.8,Silver,Economy
CAR_01285,Land Rover,Discovery,2020,26431,38611,Diesel,2.9,191,Automatic,1,0,7,28,6.0,9.5,Blue,Premium
CAR_01286,Porsche,Panamera,2014,100001,23288,Diesel,1.0,80,Automatic,0,0,8,4,6.8,8.6,Green,Mid-Range
CAR_01287,Audi,Q5,2013,43057,25453,Electric,3.4,172,Manual,2,0,6,50,8.5,6.1,Black,Mid-Range
CAR_01288,Toyota,Tacoma,2021,106667,15935,Gasoline,3.3,173,Automatic,2,0,8,220,6.4,6.3,Black,Economy
CAR_01289,Subaru,Impreza,2016,58368,11738,Hybrid,4.2,239,Automatic,2,1,6,66,5.9,8.8,Yellow,Economy
CAR_01290,Chevrolet,Silverado,2021,4185,22312,Gasoline,2.4,164,CVT,2,1,4,199,5.7,7.2,Blue,Mid-Range
CAR_01291,BMW,X5,2018,42725,29408,Gasoline,1.4,88,Automatic,2,0,7,12,4.7,7.5,Silver,Mid-Range
CAR_01292,Land Rover,Evoque,2018,26583,30020,Gasoline,2.5,96,Manual,2,0,6,61,7.3,7.7,Gray,Mid-Range
CAR_01293,Volvo,S60,2010,18810,20148,Gasoline,2.6,119,Automatic,3,0,9,45,4.4,10.0,Orange,Mid-Range
CAR_01294,Ford,Focus,2000,85350,2000,Gasoline,2.4,139,Automatic,1,0,7,237,7.5,3.5,Black,Economy
CAR_01295,Tesla,Model 3,2000,47342,2488,Gasoline,1.5,80,Automatic,0,0,8,78,5.9,4.4,Orange,Economy
CAR_01296,Jeep,Renegade,2006,22279,10972,Gasoline,2.4,181,CVT,2,1,9,17,6.8,7.3,Black,Economy
CAR_01297,Honda,Pilot,2015,47348,15302,Gasoline,2.8,131,Automatic,1,1,8,64,4.9,10.0,White,Economy
CAR_01298,Mercedes,GLE,2018,48470,36401,Gasoline,1.0,80,Automatic,0,0,9,44,7.1,4.3,Green,Premium
CAR_01299,Ford,F-150,2020,35899,20916,Gasoline,2.0,80,Automatic,2,0,7,95,7.3,7.4,Red,Mid-Range
CAR_01300,Subaru,Forester,2015,54996,10170,Gasoline,2.8,142,Automatic,5,0,9,144,7.1,8.3,Orange,Economy
CAR_01302,Subaru,Forester,2018,84521,16644,Diesel,2.6,149,Manual,0,0,6,18,0.0,6.3,Red,Economy
CAR_01303,Mazda,CX-5,2004,41356,4021,Electric,1.8,112,CVT,3,0,7,97,7.7,8.6,Brown,Economy
CAR_01304,Jaguar,F-PACE,2018,42867,36695,Gasoline,2.4,113,Automatic,2,1,10,1,8.6,6.9,Red,Premium
CAR_01305,Subaru,Ascent,2003,27270,5943,Gasoline,1.0,97,Automatic,1,0,11,114,6.0,6.9,Orange,Economy
CAR_01306,Subaru,Ascent,2011,60946,10859,Electric,0.0,257,Automatic,4,0,7,64,8.3,9.2,Yellow,Economy
CAR_01307,Tesla,Model Y,2012,57884,17254,Electric,0.0,553,Automatic,4,0,7,177,7.1,8.7,Blue,Economy
CAR_01308,Porsche,Taycan,2002,34988,6530,Gasoline,3.4,170,Automatic,1,0,6,19,8.5,5.4,Orange,Economy
CAR_01309,Kia,Telluride,2008,29557,2000,Hybrid,2.6,103,Automatic,2,1,3,11,5.4,7.2,Red,Economy
CAR_01310,Ford,Escape,2014,122925,7481,Gasoline,2.2,128,Automatic,1,0,7,3,6.5,5.4,Silver,Economy
CAR_01311,Hyundai,Kona,2004,4978,8182,Gasoline,4.3,219,CVT,2,0,3,71,4.3,5.2,Orange,Economy
CAR_01312,Volvo,V60,2013,36380,16900,Gasoline,2.0,104,Automatic,1,1,8,109,6.5,6.2,White,Economy
CAR_01313,Honda,CR-V,2010,54554,15948,Hybrid,1.0,80,Automatic,1,0,8,113,5.8,7.5,Orange,Economy
CAR_01314,Mercedes,E-Class,2003,16591,13209,Gasoline,2.2,119,Automatic,2,0,8,420,7.2,5.6,Green,Economy
CAR_01315,Volkswagen,Atlas,2017,33223,15505,Diesel,3.6,179,Automatic,1,0,3,18,2.8,5.0,Black,Economy
CAR_01316,Mercedes,E-Class,2023,53362,33120,Gasoline,2.4,111,CVT,1,1,9,115,8.4,6.7,Yellow,Mid-Range
CAR_01317,Honda,Accord,2021,61375,22155,Electric,0.0,440,Automatic,1,0,6,64,8.7,8.3,Green,Mid-Range
CAR_01318,Porsche,Macan,2005,6221,15472,Gasoline,2.4,147,Automatic,3,0,5,539,4.9,5.3,Yellow,Economy
CAR_01319,Mercedes,C-Class,2004,9864,16417,Gasoline,2.5,161,Automatic,4,1,9,7,5.2,8.0,White,Economy
CAR_01320,Kia,Optima,2022,9356,21181,Diesel,1.4,80,Automatic,2,0,12,58,6.1,5.6,Gray,Mid-Range
CAR_01321,Chevrolet,Silverado,2004,50644,7460,Gasoline,2.5,135,Automatic,0,0,8,1,3.3,8.1,Silver,Economy
CAR_01322,Mazda,Mazda6,2007,104693,5884,Hybrid,1.2,80,Automatic,2,0,12,23,7.9,4.5,Orange,Economy
CAR_01323,Honda,HR-V,2011,18533,8075,Diesel,2.1,116,Automatic,4,0,11,108,9.6,7.6,Blue,Economy
CAR_01324,Nissan,Rogue,2013,28765,13065,Gasoline,3.2,192,Automatic,2,0,6,20,5.8,6.9,Gray,Economy
CAR_01325,Ford,Escape,2014,122792,11608,Diesel,2.1,128,Automatic,2,0,10,128,7.0,9.9,Gray,Economy
CAR_01326,Kia,Telluride,2020,86470,16632,Gasoline,0.0,485,Automatic,1,0,12,85,5.3,6.9,White,Economy
CAR_01327,Ford,Mustang,2019,106984,16266,Hybrid,2.4,110,CVT,1,0,8,10,5.8,6.4,Gray,Economy
CAR_01328,Jeep,Compass,2023,62324,18996,Gasoline,2.7,161,Automatic,0,0,6,310,4.5,5.8,Blue,Mid-Range
CAR_01329,Kia,Telluride,2010,15400,10963,Diesel,3.8,236,Automatic,3,0,15,72,4.9,8.8,Orange,Economy
CAR_01330,Jeep,Grand Cherokee,2021,16919,18729,Gasoline,1.8,92,Automatic,2,0,8,76,6.3,5.9,Black,Mid-Range
CAR_01331,Hyundai,Santa Fe,2014,16341,14556,Diesel,2.5,109,Automatic,0,1,6,44,7.0,7.1,Gray,Economy
CAR_01332,Tesla,Model X,2011,6283,20158,Gasoline,1.0,80,Automatic,5,1,6,46,4.3,6.8,Red,Mid-Range
CAR_01333,Land Rover,Range Rover,2024,36029,43895,Gasoline,1.8,93,CVT,1,0,9,234,5.1,6.4,Gray,Premium
CAR_01334,Mazda,Mazda6,2008,44786,10290,Diesel,2.5,167,Automatic,1,0,10,41,4.4,10.0,Orange,Economy
CAR_01336,BMW,X5,2018,29259,28522,Gasoline,3.6,171,Manual,2,0,9,37,5.9,8.0,Brown,Mid-Range
CAR_01338,Porsche,Cayenne,2019,34686,33675,Hybrid,3.6,210,Automatic,4,0,8,5,8.4,7.0,Orange,Mid-Range
CAR_01339,BMW,7 Series,2011,28905,19069,Gasoline,2.9,126,Automatic,1,1,6,71,7.8,5.7,Brown,Mid-Range
CAR_01340,Chevrolet,Equinox,2006,66898,8393,Gasoline,2.2,124,Automatic,1,0,9,465,7.9,3.1,Orange,Economy
CAR_01341,Volvo,XC90,2000,28072,10169,Gasoline,1.0,80,Automatic,1,0,4,109,6.3,8.5,Yellow,Economy
CAR_01342,Jaguar,F-TYPE,2015,26880,30639,Gasoline,2.4,146,CVT,0,0,3,2,9.8,6.5,Red,Mid-Range
CAR_01343,Lexus,RX,2005,45131,14974,Electric,0.0,692,Automatic,3,0,12,16,2.1,7.4,Yellow,Economy
CAR_01344,Land Rover,Evoque,2011,13022,24918,Electric,0.0,349,Automatic,0,0,8,325,9.8,7.8,Blue,Mid-Range
CAR_01345,Nissan,Altima,2025,16342,27921,Gasoline,4.2,227,Automatic,2,0,6,6,4.6,5.6,Red,Mid-Range
CAR_01346,Kia,Optima,2000,17940,4046,Gasoline,2.8,160,Automatic,2,1,7,101,6.3,7.5,Yellow,Economy
CAR_01347,Chevrolet,Camaro,2022,63377,19438,Electric,0.0,419,CVT,0,0,9,73,4.3,8.7,Brown,Mid-Range
CAR_01348,Toyota,Tacoma,2004,32827,8024,Gasoline,1.5,102,Automatic,0,0,9,5,4.5,4.2,Green,Economy
CAR_01349,Hyundai,Kona,2010,38450,13539,Gasoline,2.4,118,Automatic,1,0,5,119,6.9,8.1,Orange,Economy
CAR_01350,Honda,Civic,2019,43845,17218,Gasoline,3.2,232,Automatic,1,1,8,61,5.2,7.6,Yellow,Economy
CAR_01351,BMW,7 Series,2010,104203,16703,Gasoline,2.1,101,Automatic,1,0,5,111,7.3,7.6,Brown,Economy
CAR_01352,Chevrolet,Camaro,2007,38915,8201,Gasoline,2.1,121,Automatic,2,1,6,152,3.7,8.3,Red,Economy
CAR_01353,Mercedes,C-Class,2008,34052,20714,Gasoline,2.2,111,CVT,2,0,8,8,7.0,10.0,White,Mid-Range
CAR_01354,Honda,CR-V,2012,98485,7781,Diesel,2.3,114,Automatic,0,0,8,18,9.2,8.5,Green,Economy
CAR_01355,Tesla,Model Y,2019,84683,24762,Electric,0.0,677,Automatic,0,1,11,69,5.9,8.4,Red,Mid-Range
CAR_01356,Lexus,GX,2025,34594,42896,Gasoline,2.7,144,Automatic,2,0,10,117,11.0,6.4,White,Premium
CAR_01357,Hyundai,Elantra,2017,57112,19105,Gasoline,2.2,129,Automatic,1,0,9,102,8.8,7.9,Gray,Mid-Range
CAR_01358,Audi,Q7,2000,65592,3176,Hybrid,1.9,80,Automatic,0,1,8,7,3.3,6.9,Gray,Economy
CAR_01359,Mazda,CX-9,2025,62490,21813,Gasoline,2.3,135,Automatic,1,0,9,12,4.6,8.1,Yellow,Mid-Range
CAR_01360,Tesla,Cybertruck,2009,53252,19465,Electric,0.0,404,CVT,3,0,10,31,10.0,8.8,Blue,Mid-Range
CAR_01361,Jaguar,F-TYPE,2002,93178,2907,Gasoline,2.7,141,Manual,0,1,4,47,7.6,5.2,Blue,Economy
CAR_01362,Mercedes,S-Class,2018,23677,33709,Electric,0.0,785,Automatic,2,0,4,116,8.3,8.7,Green,Mid-Range
CAR_01363,Hyundai,Sonata,2004,51551,6453,Gasoline,2.9,198,CVT,1,1,8,103,8.3,8.6,Silver,Economy
CAR_01364,Honda,Pilot,2004,40634,2000,Diesel,2.2,116,Automatic,2,1,9,268,11.1,8.7,Blue,Economy
CAR_01365,Mercedes,S-Class,2004,50011,17181,Gasoline,2.1,142,Automatic,1,0,6,67,5.7,8.1,Brown,Economy
CAR_01366,Subaru,Impreza,2021,35913,19185,Hybrid,2.3,117,Automatic,3,0,7,16,8.3,7.5,White,Mid-Range
CAR_01367,Kia,Sportage,2004,18839,12421,Gasoline,2.8,141,Automatic,0,1,3,40,7.1,10.0,White,Economy
CAR_01368,Kia,Telluride,2004,57807,2000,Gasoline,2.6,153,CVT,0,0,6,211,3.6,5.3,Green,Economy
CAR_01369,Jaguar,F-TYPE,2015,56897,25308,Diesel,2.1,88,Automatic,0,0,10,138,4.3,5.7,Black,Mid-Range
CAR_01370,Volkswagen,Jetta,2021,133476,15857,Gasoline,3.1,192,Automatic,5,0,9,15,7.2,6.5,Yellow,Economy
CAR_01372,Volvo,XC40,2019,26595,28138,Gasoline,2.0,111,Automatic,2,0,9,343,7.0,9.3,White,Mid-Range
CAR_01373,Toyota,RAV4,2011,45434,14001,Gasoline,3.1,183,Automatic,2,0,4,51,4.1,7.8,Green,Economy
CAR_01374,BMW,5 Series,2024,73296,41765,Gasoline,2.9,128,Manual,3,0,4,56,6.9,3.6,Blue,Premium
CAR_01376,Lexus,RX,2018,16647,33903,Gasoline,2.4,158,Automatic,1,0,6,286,6.1,8.0,Orange,Mid-Range
CAR_01377,Lexus,NX,2012,21866,26617,Gasoline,2.9,140,Automatic,1,0,7,17,6.0,6.0,Gray,Mid-Range
CAR_01379,Porsche,Panamera,2024,12078,42312,Electric,0.0,597,Automatic,1,0,3,546,6.1,8.6,Yellow,Premium
CAR_01380,Ford,Explorer,2021,37078,21199,Gasoline,1.4,80,Automatic,1,0,5,16,5.4,8.7,Silver,Mid-Range
CAR_01381,Volkswagen,Tiguan,2006,40583,10909,Electric,0.0,492,Automatic,1,0,9,30,5.9,4.1,Black,Economy
CAR_01382,Chevrolet,Malibu,2008,101852,9866,Diesel,1.9,123,CVT,0,0,10,77,6.3,5.4,Silver,Economy
CAR_01383,Lexus,ES,2025,85259,36502,Electric,0.0,691,Manual,1,0,0,39,5.4,6.9,Brown,Premium
CAR_01384,Tesla,Model Y,2020,108265,26738,Gasoline,2.5,170,Manual,1,0,5,377,6.0,6.4,Gray,Mid-Range
CAR_01385,Mercedes,C-Class,2023,37194,42934,Electric,0.0,552,CVT,2,0,4,131,5.2,4.9,Blue,Premium
CAR_01386,Mazda,CX-9,2006,117759,2000,Gasoline,1.5,95,Automatic,3,0,8,29,6.0,8.9,Yellow,Economy
CAR_01387,Tesla,Model X,2017,22666,28025,Gasoline,2.1,80,Automatic,2,0,10,9,3.9,8.9,Yellow,Mid-Range
CAR_01388,Lexus,NX,2003,28990,11752,Gasoline,1.3,80,Automatic,2,0,9,38,7.4,8.0,Yellow,Economy
CAR_01389,Chevrolet,Silverado,2017,60695,18551,Hybrid,3.1,175,Automatic,3,1,9,247,5.3,4.8,Gray,Mid-Range
CAR_01390,Kia,Sorento,2021,23077,19713,Electric,0.0,608,Automatic,3,0,8,118,6.4,9.6,Orange,Mid-Range
CAR_01391,Nissan,Altima,2003,42860,5144,Gasoline,1.2,80,Automatic,2,0,9,55,8.5,7.7,Blue,Economy
CAR_01392,Volvo,XC90,2005,13984,14879,Diesel,1.5,85,CVT,3,0,10,74,4.7,10.0,Red,Economy
CAR_01393,Ford,Mustang,2018,29921,21782,Gasoline,2.6,149,Manual,1,0,3,70,4.5,6.9,Silver,Mid-Range
CAR_01394,Jaguar,F-TYPE,2021,64961,33140,Gasoline,1.6,97,Automatic,1,0,5,28,8.9,6.9,Gray,Mid-Range
CAR_01395,Honda,Accord,2009,54690,6742,Gasoline,3.3,149,Automatic,1,0,10,19,5.0,7.3,Green,Economy
CAR_01396,Ford,F-150,2001,43719,5892,Gasoline,3.1,163,Automatic,1,0,6,88,4.2,7.6,Yellow,Economy
CAR_01397,Porsche,Macan,2017,89915,26102,Gasoline,3.2,160,Automatic,1,0,7,38,5.6,6.6,Brown,Mid-Range
CAR_01398,Jeep,Grand Cherokee,2003,29886,4430,Gasoline,2.9,138,Automatic,1,0,10,27,4.7,6.7,Gray,Economy
CAR_01399,Jeep,Wrangler,2011,139835,10954,Gasoline,2.3,118,Automatic,2,1,10,40,8.1,7.0,Silver,Economy
CAR_01400,Hyundai,Santa Fe,2005,70096,3399,Electric,0.0,363,Automatic,1,0,8,55,5.6,7.8,Orange,Economy
CAR_01401,Mazda,CX-5,2024,60611,22138,Gasoline,1.5,103,Automatic,3,0,6,206,8.2,9.9,Green,Mid-Range
CAR_01402,Volvo,S60,2001,28984,3840,Hybrid,3.5,165,Automatic,1,0,10,60,8.1,5.1,Silver,Economy
CAR_01403,Mazda,CX-5,2018,34994,15269,Gasoline,2.6,142,Automatic,3,0,2,176,6.6,7.3,Brown,Economy
CAR_01404,Porsche,Cayenne,2008,10936,19856,Electric,0.0,312,Manual,3,1,4,85,6.4,8.8,Yellow,Mid-Range
CAR_01405,Subaru,Ascent,2009,67146,10913,Diesel,4.2,231,Automatic,2,0,10,109,6.5,7.4,Black,Economy
CAR_01406,Mercedes,GLE,2006,68083,10200,Gasoline,1.8,86,Manual,4,1,11,51,4.9,2.5,Blue,Economy
CAR_01407,Mazda,CX-9,2018,38621,16941,Gasoline,4.0,242,Automatic,1,0,16,36,7.9,7.7,Blue,Economy
CAR_01408,Volkswagen,Golf,2015,33438,11508,Gasoline,2.6,110,Automatic,2,0,9,27,5.3,6.9,Green,Economy
CAR_01409,Tesla,Model X,2008,29023,16579,Gasoline,2.5,138,Automatic,5,0,11,33,6.9,6.6,Blue,Economy
CAR_01410,Mazda,CX-9,2012,42339,14211,Diesel,1.6,80,Automatic,3,1,6,184,1.4,6.5,Green,Economy
CAR_01411,BMW,X5,2006,30585,21117,Diesel,2.8,164,Automatic,1,0,15,77,7.8,5.2,Silver,Mid-Range
CAR_01412,Jaguar,XF,2013,78279,21280,Gasoline,2.0,133,Manual,3,0,8,131,5.1,7.3,White,Mid-Range
CAR_01413,Toyota,Highlander,2022,30201,23886,Electric,0.0,624,Automatic,3,0,7,30,8.7,6.4,Red,Mid-Range
CAR_01414,Lexus,RX,2011,110752,16023,Hybrid,3.1,186,Automatic,1,0,7,11,7.1,9.0,Brown,Economy
CAR_01415,Honda,Pilot,2021,28681,26013,Gasoline,1.7,106,Automatic,2,0,6,84,3.9,6.7,Green,Mid-Range
CAR_01416,Mercedes,E-Class,2006,17816,18217,Gasoline,3.5,164,CVT,2,0,11,8,7.5,6.7,Green,Mid-Range
CAR_01417,Volvo,XC90,2004,7308,14225,Gasoline,2.3,153,Automatic,3,0,10,140,3.6,8.5,Brown,Economy
CAR_01418,Chevrolet,Malibu,2022,75680,15284,Gasoline,3.0,181,Automatic,1,0,6,68,6.4,6.1,Blue,Economy
CAR_01419,Hyundai,Kona,2001,15530,9997,Hybrid,2.7,172,Automatic,0,1,9,21,5.6,8.1,Red,Economy
CAR_01420,Tesla,Model X,2010,22525,20551,Gasoline,2.2,142,Automatic,2,0,6,243,3.4,8.5,Blue,Mid-Range
CAR_01421,Lexus,GX,2018,29889,36983,Gasoline,1.9,106,Automatic,2,0,9,5,7.3,7.7,Gray,Premium
CAR_01422,Toyota,Camry,2023,105482,15345,Gasoline,2.5,132,Automatic,1,0,6,183,5.5,6.1,Yellow,Economy
CAR_01423,Honda,Pilot,2019,51047,10227,Gasoline,2.5,126,Manual,2,0,5,5,7.4,7.3,Orange,Economy
CAR_01425,Ford,Escape,2002,2381,7505,Diesel,2.7,126,CVT,3,0,10,44,5.7,6.9,Red,Economy
CAR_01426,Honda,Pilot,2003,40359,2477,Gasoline,3.6,197,Automatic,4,0,9,159,6.9,5.1,Silver,Economy
CAR_01427,Volkswagen,Golf,2008,81910,7372,Hybrid,2.8,131,Manual,0,1,11,128,7.0,7.4,Yellow,Economy
CAR_01428,Chevrolet,Malibu,2018,72838,13040,Gasoline,2.4,113,Automatic,0,1,9,81,2.8,4.5,White,Economy
CAR_01429,Kia,Sorento,2004,33311,4266,Gasoline,2.7,129,Manual,0,0,9,66,9.0,5.5,Gray,Economy
CAR_01430,Jeep,Grand Cherokee,2006,23596,12303,Diesel,3.6,174,Automatic,2,1,7,34,8.2,5.1,Orange,Economy
CAR_01431,Honda,Civic,2016,39877,14211,Electric,0.0,592,CVT,3,0,6,246,7.0,6.0,Green,Economy
CAR_01432,BMW,7 Series,2005,46405,15343,Electric,0.0,375,CVT,1,0,6,181,5.6,6.0,Brown,Economy
CAR_01433,Chevrolet,Camaro,2021,92973,18594,Gasoline,2.8,158,Automatic,1,0,4,429,5.6,8.6,Silver,Mid-Range
CAR_01434,Toyota,Highlander,2012,14601,13845,Gasoline,2.8,200,Automatic,1,0,12,40,9.6,6.1,Red,Economy
CAR_01435,Nissan,Maxima,2021,52948,18078,Gasoline,2.4,104,CVT,1,0,12,18,6.4,8.1,Gray,Mid-Range
CAR_01436,Chevrolet,Silverado,2019,18048,18061,Diesel,2.0,80,Manual,4,0,4,33,4.7,6.0,Black,Mid-Range
CAR_01437,Volvo,XC90,2016,39280,25676,Diesel,3.4,206,Manual,2,0,9,29,5.4,4.1,Brown,Mid-Range
CAR_01438,Land Rover,Velar,2015,42269,30674,Hybrid,2.4,149,Automatic,0,0,8,62,9.5,7.7,Yellow,Mid-Range
CAR_01439,Audi,A6,2004,23632,16031,Diesel,3.9,199,Automatic,1,0,3,40,8.8,6.3,Yellow,Economy
CAR_01440,Ford,Escape,2018,8945,20750,Hybrid,2.9,147,Automatic,1,1,7,106,7.0,6.8,White,Mid-Range
CAR_01441,Volvo,XC40,2019,121160,23155,Gasoline,2.0,114,Automatic,2,1,9,49,3.9,7.4,Black,Mid-Range
CAR_01442,Volkswagen,Tiguan,2006,22949,6083,Diesel,2.6,148,Automatic,0,0,11,3,7.3,6.7,Gray,Economy
CAR_01443,Land Rover,Defender,2017,50162,28934,Diesel,2.0,105,Automatic,1,0,13,114,5.7,2.9,Green,Mid-Range
CAR_01444,Hyundai,Santa Fe,2010,35626,12498,Gasoline,2.7,116,Automatic,4,0,9,118,7.7,8.2,Brown,Economy
CAR_01445,Hyundai,Tucson,2004,13075,8036,Gasoline,2.6,118,Automatic,2,0,5,92,6.1,6.7,Green,Economy
CAR_01446,Land Rover,Discovery,2009,22122,20434,Hybrid,4.0,178,Automatic,1,0,10,270,3.7,8.0,Orange,Mid-Range
CAR_01447,Lexus,RX,2003,75290,12518,Hybrid,3.3,165,Automatic,0,1,9,19,3.7,5.2,Red,Economy
CAR_01448,Audi,A3,2005,24805,11085,Hybrid,2.8,160,Automatic,1,0,3,126,5.0,8.1,Blue,Economy
CAR_01449,Land Rover,Evoque,2001,11230,15477,Gasoline,1.7,99,Manual,0,0,10,99,6.6,8.4,Orange,Economy
CAR_01450,Jeep,Cherokee,2003,48519,4787,Hybrid,1.0,80,Automatic,0,0,9,160,5.0,8.1,Orange,Economy
CAR_01451,Porsche,Taycan,2025,63671,41162,Diesel,2.8,179,Automatic,0,0,6,103,4.1,8.0,White,Premium
CAR_01452,Land Rover,Defender,2022,67415,35726,Gasoline,1.7,114,Automatic,0,1,7,190,9.2,5.3,White,Premium
CAR_01453,Ford,Escape,2014,33100,13588,Gasoline,2.8,142,Automatic,1,0,7,27,7.2,7.9,Green,Economy
CAR_01454,Nissan,Pathfinder,2023,188331,13559,Hybrid,3.2,163,Automatic,3,0,7,25,9.1,8.5,Yellow,Economy
CAR_01455,Land Rover,Velar,2016,44289,29386,Hybrid,1.0,80,Automatic,4,1,5,45,5.1,5.3,White,Mid-Range
CAR_01456,Subaru,Outback,2003,18003,7679,Gasoline,2.9,165,Automatic,3,0,8,99,4.3,7.3,Brown,Economy
CAR_01457,Mercedes,GLC,2000,20300,2000,Gasoline,1.5,90,Manual,1,0,8,35,7.1,6.3,Gray,Economy
CAR_01458,Toyota,Highlander,2017,30941,23496,Electric,0.0,770,Automatic,1,1,8,233,7.7,9.8,Silver,Mid-Range
CAR_01459,Hyundai,Tucson,2019,25371,19649,Gasoline,1.7,81,Automatic,1,0,8,11,6.2,9.4,Black,Mid-Range
CAR_01460,Volvo,XC90,2013,28676,20351,Gasoline,1.0,80,Automatic,2,0,8,39,8.5,7.3,Blue,Mid-Range
CAR_01461,Ford,Explorer,2011,17175,10322,Gasoline,1.4,100,Automatic,1,0,5,107,3.0,5.0,White,Economy
CAR_01462,Porsche,Panamera,2020,59811,34085,Gasoline,4.4,229,Automatic,2,1,6,49,5.4,6.4,White,Mid-Range
CAR_01463,Audi,Q5,2002,15555,10445,Hybrid,3.0,165,Automatic,2,1,9,156,5.4,3.3,White,Economy
CAR_01464,Subaru,Ascent,2022,16437,24466,Gasoline,3.5,176,Automatic,2,0,11,99,7.4,4.5,Orange,Mid-Range
CAR_01465,Audi,Q7,2006,10241,15882,Electric,0.0,325,Automatic,2,1,5,37,5.0,8.5,Orange,Economy
CAR_01466,BMW,X5,2010,34151,26943,Hybrid,2.0,131,CVT,2,1,11,155,4.8,6.2,Black,Mid-Range
CAR_01467,Jaguar,F-TYPE,2011,50333,23939,Gasoline,2.7,175,Automatic,3,0,13,50,7.3,4.7,Black,Mid-Range
CAR_01468,Ford,Focus,2015,24225,14213,Gasoline,1.6,122,Automatic,1,0,10,46,2.4,7.4,Red,Economy
CAR_01469,Lexus,ES,2010,3000,25202,Gasoline,1.6,96,Automatic,2,0,7,43,7.6,6.0,Orange,Mid-Range
CAR_01470,Honda,Accord,2000,44482,7008,Gasoline,2.7,122,Manual,0,0,10,26,5.8,7.4,Black,Economy
CAR_01471,Volkswagen,Tiguan,2024,18492,25832,Electric,0.0,469,Automatic,2,0,7,5,5.5,6.4,Gray,Mid-Range
CAR_01472,Hyundai,Kona,2018,49751,20194,Electric,0.0,691,Manual,2,0,3,43,6.6,8.1,Orange,Mid-Range
CAR_01473,Audi,Q5,2018,59419,33488,Electric,0.0,426,Manual,0,0,6,44,7.4,5.8,Green,Mid-Range
CAR_01474,Hyundai,Elantra,2020,10424,23212,Diesel,1.9,111,Automatic,2,0,9,294,5.9,6.9,Brown,Mid-Range
CAR_01475,Porsche,Macan,2015,43872,26704,Diesel,2.0,110,CVT,2,0,8,27,4.2,4.5,White,Mid-Range
CAR_01476,Land Rover,Range Rover,2000,44371,6105,Gasoline,3.2,199,Manual,1,0,0,61,7.5,6.5,Silver,Economy
CAR_01477,Volvo,XC60,2016,30549,28009,Gasoline,2.7,165,Automatic,0,0,7,173,7.2,8.3,Black,Mid-Range
CAR_01478,Volkswagen,Passat,2024,66862,19565,Gasoline,1.5,95,CVT,4,1,7,50,10.7,8.2,Blue,Mid-Range
CAR_01479,Hyundai,Tucson,2008,41296,10761,Gasoline,2.8,143,Automatic,0,1,8,139,3.4,6.9,Black,Economy
CAR_01480,Jaguar,I-PACE,2022,65033,38438,Electric,0.0,526,Automatic,0,0,8,80,5.7,7.0,Green,Premium
CAR_01481,Ford,Escape,2014,28991,11778,Hybrid,3.9,245,Automatic,0,0,10,122,8.2,4.3,Silver,Economy
CAR_01482,Honda,HR-V,2022,12292,20591,Gasoline,2.1,85,CVT,0,1,9,1,5.6,8.1,Red,Mid-Range
CAR_01483,Ford,Mustang,2006,82173,2000,Electric,0.0,672,Automatic,0,0,6,25,6.2,6.5,Silver,Economy
CAR_01484,Land Rover,Evoque,2023,41657,44293,Gasoline,3.3,181,Automatic,4,0,7,299,7.1,8.5,Black,Premium
CAR_01485,Volvo,XC90,2017,76000,23891,Diesel,4.1,224,CVT,0,0,8,125,3.8,4.7,Green,Mid-Range
CAR_01486,Volkswagen,Tiguan,2018,14055,18194,Diesel,3.6,175,Automatic,2,0,7,31,4.5,8.4,Red,Mid-Range
CAR_01488,Subaru,Ascent,2021,11286,24508,Gasoline,3.3,157,Automatic,3,0,4,73,4.6,9.8,Green,Mid-Range
CAR_01489,Ford,Escape,2005,80810,3472,Electric,0.0,340,Automatic,2,1,7,62,7.2,5.8,Yellow,Economy
CAR_01490,Lexus,IS,2020,37764,32580,Gasoline,2.3,127,CVT,1,0,8,48,6.3,4.9,Red,Mid-Range
CAR_01491,Chevrolet,Camaro,2007,51059,4483,Electric,0.0,308,Automatic,2,0,12,89,6.1,5.4,Green,Economy
CAR_01492,Nissan,Pathfinder,2001,78735,3128,Gasoline,1.0,80,Automatic,2,0,19,7,8.0,7.9,Black,Economy
CAR_01493,Jaguar,XF,2017,6622,38581,Gasoline,3.0,206,Automatic,0,0,7,66,5.1,9.4,Gray,Premium
CAR_01494,Honda,CR-V,2009,58147,9354,Electric,0.0,780,Automatic,2,0,7,119,5.1,8.2,Red,Economy
CAR_01495,Chevrolet,Malibu,2001,67380,6732,Electric,0.0,230,Manual,1,0,6,11,5.1,6.4,Brown,Economy
CAR_01496,Tesla,Model Y,2004,133151,2476,Gasoline,2.8,177,Automatic,0,0,11,306,7.6,7.8,Green,Economy
CAR_01497,Toyota,Tacoma,2024,17721,28812,Gasoline,2.4,122,Automatic,3,0,9,20,5.9,3.3,Blue,Mid-Range
CAR_01498,Lexus,ES,2009,31707,23307,Gasoline,2.4,120,Manual,3,0,6,75,7.1,4.4,Orange,Mid-Range
CAR_01499,Ford,Explorer,2014,23798,15672,Electric,0.0,512,Automatic,3,0,6,79,5.7,6.8,Red,Economy
CAR_01500,Lexus,NX,2009,12335,25356,Gasoline,3.2,160,Automatic,0,0,9,107,6.5,7.3,Yellow,Mid-Range
CAR_01501,Porsche,911,2008,104050,13210,Gasoline,2.2,115,Automatic,3,0,15,20,4.6,6.5,White,Economy
CAR_01502,Ford,Focus,2004,23789,6527,Hybrid,2.3,106,CVT,1,0,8,189,6.6,6.1,Blue,Economy
CAR_01504,Mazda,CX-30,2003,70918,6044,Gasoline,1.8,80,Automatic,4,1,3,30,4.6,6.2,Black,Economy
CAR_01505,Volkswagen,Tiguan,2013,20639,11230,Gasoline,1.7,80,Manual,2,0,10,35,8.3,4.7,Gray,Economy
CAR_01506,Mercedes,C-Class,2008,48372,20036,Gasoline,1.9,107,Automatic,1,0,6,0,9.6,8.1,Silver,Mid-Range
CAR_01507,Volkswagen,Golf,2016,63820,19060,Gasoline,1.9,80,Automatic,1,0,13,80,7.5,9.7,Brown,Mid-Range
CAR_01508,Honda,Pilot,2021,98542,14709,Gasoline,3.5,214,Automatic,2,1,11,4,6.4,7.8,Black,Economy
CAR_01509,Subaru,Ascent,2005,50528,5582,Gasoline,3.0,147,Automatic,0,0,9,21,10.0,4.4,Yellow,Economy
CAR_01510,Toyota,Tacoma,2002,47741,2000,Hybrid,1.9,115,Automatic,2,0,11,81,8.2,7.9,Yellow,Economy
CAR_01511,Porsche,911,2010,41874,25106,Gasoline,2.6,154,Manual,0,0,11,42,5.1,7.5,Yellow,Mid-Range
CAR_01512,Nissan,Rogue,2003,34423,7969,Hybrid,2.2,126,Automatic,2,0,9,19,7.0,7.0,Gray,Economy
CAR_01514,Honda,CR-V,2020,73890,13642,Gasoline,1.8,80,CVT,1,1,2,52,4.6,9.1,Green,Economy
CAR_01515,Volvo,XC40,2024,26287,33034,Diesel,2.7,94,Manual,1,0,7,17,7.6,8.3,Gray,Mid-Range
CAR_01516,Nissan,Sentra,2013,17010,12617,Gasoline,3.4,162,Automatic,0,0,8,70,5.0,9.6,Orange,Economy
CAR_01517,Jaguar,F-PACE,2010,42635,20397,Diesel,1.6,91,Manual,0,1,6,34,4.2,5.8,Black,Mid-Range
CAR_01518,BMW,3 Series,2024,77064,42711,Gasoline,1.3,80,Automatic,1,0,4,69,8.8,6.8,Black,Premium
CAR_01519,Kia,Telluride,2023,14568,26529,Gasoline,2.1,123,Automatic,1,0,11,151,6.7,6.9,Gray,Mid-Range
CAR_01520,Volkswagen,Tiguan,2023,16762,21451,Gasoline,1.8,98,Automatic,1,1,12,33,5.9,6.9,Gray,Mid-Range
CAR_01521,Lexus,RX,2005,97578,14341,Electric,0.0,290,Automatic,1,1,7,65,6.2,8.6,Yellow,Economy
CAR_01522,Lexus,GX,2019,10579,40518,Gasoline,1.4,80,Automatic,2,1,4,561,8.7,6.6,Green,Premium
CAR_01523,Volkswagen,Tiguan,2019,75658,17122,Hybrid,1.8,97,Automatic,2,0,7,60,6.0,6.7,Red,Economy
CAR_01524,Volkswagen,Passat,2012,26657,13421,Diesel,1.0,80,Automatic,1,0,9,9,10.2,8.3,White,Economy
CAR_01525,BMW,X5,2004,61147,11786,Gasoline,4.1,236,CVT,0,0,6,143,7.3,5.4,White,Economy
CAR_01526,Kia,Sportage,2002,46150,3619,Gasoline,2.3,112,Automatic,3,1,4,120,4.2,7.8,Orange,Economy
CAR_01527,Lexus,NX,2001,18521,12010,Gasoline,2.4,132,Automatic,0,0,10,29,6.4,8.6,Silver,Economy
CAR_01528,Porsche,911,2018,70621,33069,Hybrid,2.2,131,Automatic,2,0,7,70,5.0,6.0,Orange,Mid-Range
CAR_01529,Volvo,XC60,2011,2474,18056,Gasoline,3.1,139,Manual,4,0,11,1,5.8,5.6,White,Mid-Range
CAR_01530,Audi,Q7,2019,42177,33884,Gasoline,1.8,143,CVT,2,0,6,164,2.6,7.0,Brown,Mid-Range
CAR_01531,Mercedes,GLE,2013,21445,28295,Gasoline,2.2,118,Automatic,1,0,11,7,8.0,9.5,White,Mid-Range
CAR_01532,Jaguar,XE,2007,88922,19284,Hybrid,1.8,125,Automatic,0,0,9,64,7.3,4.4,White,Mid-Range
CAR_01533,Audi,Q5,2020,40468,33048,Diesel,2.6,148,Automatic,1,0,9,23,4.5,3.8,Green,Mid-Range
CAR_01534,Volkswagen,Jetta,2002,60133,6117,Gasoline,1.0,80,Automatic,1,0,2,121,5.8,6.7,Black,Economy
CAR_01535,Subaru,Impreza,2001,21727,6681,Diesel,1.9,85,Automatic,3,1,11,103,10.7,7.4,Brown,Economy
CAR_01536,Ford,Explorer,2021,22160,18154,Gasoline,2.5,118,Automatic,1,0,7,77,6.5,9.9,Yellow,Mid-Range
CAR_01537,Jeep,Compass,2000,105814,2000,Gasoline,1.7,80,Manual,0,0,14,81,8.9,5.7,Green,Economy
CAR_01538,BMW,5 Series,2005,59702,6526,Gasoline,2.4,120,Automatic,2,1,12,87,5.3,5.9,Black,Economy
CAR_01539,Mazda,Mazda6,2020,25287,22579,Hybrid,2.1,123,Automatic,1,0,6,32,7.1,8.4,Brown,Mid-Range
CAR_01540,Lexus,GX,2019,36556,31753,Gasoline,2.3,122,Automatic,2,0,9,108,6.6,6.8,Gray,Mid-Range
CAR_01541,Lexus,ES,2012,13913,21678,Gasoline,3.5,197,Automatic,1,0,6,119,5.7,7.2,Gray,Mid-Range
CAR_01542,Audi,A6,2000,52329,9331,Gasoline,1.3,80,Automatic,1,1,10,16,9.0,5.7,Red,Economy
CAR_01543,Volkswagen,Golf,2024,78964,22176,Gasoline,2.9,156,Automatic,1,0,6,196,9.7,7.2,Orange,Mid-Range
CAR_01544,Ford,F-150,2001,14649,11732,Electric,0.0,633,Automatic,2,0,4,161,8.4,7.8,Blue,Economy
CAR_01545,Hyundai,Tucson,2015,5940,10785,Gasoline,3.7,209,Automatic,1,0,9,17,9.1,5.4,Orange,Economy
CAR_01546,Jeep,Renegade,2025,97658,21716,Electric,0.0,641,Automatic,3,0,6,191,4.5,5.8,Green,Mid-Range
CAR_01547,Chevrolet,Silverado,2022,22362,20672,Gasoline,1.3,80,Automatic,0,0,10,11,6.4,2.8,Yellow,Mid-Range
CAR_01548,BMW,7 Series,2003,38056,6365,Hybrid,1.4,94,Automatic,5,0,4,15,4.3,7.2,Silver,Economy
CAR_01549,Subaru,Forester,2002,34734,4598,Diesel,3.1,194,CVT,2,0,10,45,8.9,7.9,Gray,Economy
CAR_01550,Jeep,Wrangler,2024,28786,25876,Diesel,3.9,227,Automatic,2,0,12,133,4.1,6.6,White,Mid-Range
CAR_01551,Porsche,Macan,2014,23049,27597,Gasoline,2.8,153,Automatic,1,0,9,64,5.7,8.8,Brown,Mid-Range
CAR_01552,Nissan,Rogue,2011,90564,14887,Gasoline,2.7,165,Automatic,0,0,10,57,4.6,4.4,Brown,Economy
CAR_01553,Jeep,Wrangler,2024,72768,20362,Electric,0.0,696,Automatic,0,0,0,92,7.8,7.1,Black,Mid-Range
CAR_01554,Audi,A6,2004,49049,9925,Gasoline,3.4,189,Automatic,1,1,15,74,6.4,4.4,Brown,Economy
CAR_01555,Volvo,XC60,2019,2239,25861,Gasoline,2.0,94,Automatic,4,0,7,76,6.7,8.0,Yellow,Mid-Range
CAR_01556,Jaguar,F-PACE,2019,7269,37452,Gasoline,2.6,133,Manual,5,0,13,73,8.8,6.8,Brown,Premium
CAR_01557,Toyota,Highlander,2014,81468,12294,Gasoline,2.8,171,Automatic,0,0,6,245,5.0,7.8,White,Economy
CAR_01558,Nissan,Sentra,2002,19130,2000,Gasoline,3.7,214,Automatic,0,0,11,19,10.3,5.3,Gray,Economy
CAR_01559,Lexus,ES,2024,19005,41778,Gasoline,2.4,154,Automatic,2,0,13,206,6.1,8.9,Brown,Premium
CAR_01560,Chevrolet,Camaro,2022,22389,22705,Gasoline,1.7,80,Automatic,2,1,7,26,6.8,6.9,Silver,Mid-Range
CAR_01561,Hyundai,Kona,2020,32376,21370,Gasoline,3.6,180,Automatic,1,0,13,1,6.5,6.2,White,Mid-Range
CAR_01563,Ford,F-150,2021,53163,24541,Gasoline,1.8,107,Automatic,3,1,8,127,5.8,8.2,Orange,Mid-Range
CAR_01564,Jeep,Grand Cherokee,2002,109727,2000,Gasoline,3.0,153,Automatic,0,0,8,148,6.5,9.5,Green,Economy
CAR_01565,Land Rover,Evoque,2005,36574,14874,Gasoline,1.9,103,Automatic,2,1,4,77,12.0,9.3,White,Economy
CAR_01566,Mercedes,GLE,2004,53687,11421,Hybrid,3.5,165,Automatic,1,0,9,139,8.3,8.3,Green,Economy
CAR_01567,Mercedes,E-Class,2006,16771,16059,Gasoline,2.9,143,Automatic,4,1,8,65,10.1,5.8,Blue,Economy
CAR_01568,Tesla,Model X,2017,25362,25151,Diesel,1.0,80,Automatic,1,0,11,116,4.9,7.1,Orange,Mid-Range
CAR_01569,Audi,Q5,2025,84188,45256,Diesel,1.7,113,Automatic,0,1,6,13,6.2,6.4,Red,Premium
CAR_01570,Chevrolet,Silverado,2014,50519,16297,Hybrid,2.1,97,Automatic,1,0,11,68,4.3,6.4,Yellow,Economy
CAR_01571,Jeep,Cherokee,2008,100013,2000,Gasoline,4.2,247,Automatic,0,0,6,201,7.4,5.0,Gray,Economy
CAR_01572,Porsche,911,2013,73451,26241,Gasoline,2.9,172,CVT,1,0,5,9,6.3,7.9,White,Mid-Range
CAR_01573,Hyundai,Santa Fe,2007,19869,2746,Electric,0.0,771,Automatic,2,0,12,92,3.6,7.6,Yellow,Economy
CAR_01574,Lexus,ES,2002,47176,12230,Gasoline,2.1,123,Automatic,0,0,8,49,9.9,8.8,White,Economy
CAR_01575,Jeep,Compass,2017,17401,17913,Gasoline,3.6,183,CVT,1,0,12,203,6.2,8.9,Black,Economy
CAR_01576,Ford,Escape,2025,50599,23208,Gasoline,3.1,191,Automatic,4,0,9,94,4.8,9.0,Silver,Mid-Range
CAR_01577,Jaguar,XE,2013,127721,19247,Electric,0.0,274,Manual,0,1,10,8,6.9,10.0,Green,Mid-Range
CAR_01578,Chevrolet,Tahoe,2006,30033,7743,Gasoline,1.0,80,Manual,1,0,11,13,5.6,6.4,Blue,Economy
CAR_01579,Volkswagen,Golf,2001,71744,12196,Gasoline,2.5,142,CVT,3,0,6,53,6.2,7.5,Gray,Economy
CAR_01580,Honda,Civic,2000,21074,7912,Diesel,2.0,80,Automatic,3,1,11,129,9.0,7.8,Black,Economy
CAR_01581,Toyota,Camry,2007,56371,13061,Gasoline,1.3,80,Automatic,1,0,7,432,4.0,6.4,Green,Economy
CAR_01582,Audi,A3,2007,129540,16452,Diesel,2.3,118,Automatic,0,0,8,5,9.4,9.4,Gray,Economy
CAR_01583,Ford,Escape,2000,64036,7263,Hybrid,2.6,148,Automatic,1,1,5,24,5.3,4.8,Black,Economy
CAR_01584,Lexus,ES,2007,24412,15347,Diesel,2.9,136,Automatic,3,0,9,14,7.0,7.6,Red,Economy
CAR_01585,Jaguar,XF,2003,24876,12632,Gasoline,2.8,159,Manual,3,0,7,199,5.1,8.3,Black,Economy
CAR_01586,Mercedes,E-Class,2007,50235,19266,Diesel,2.0,93,Automatic,2,1,13,142,3.9,7.8,White,Mid-Range
CAR_01587,Volkswagen,Atlas,2025,4631,27052,Gasoline,1.3,80,Manual,3,0,6,181,6.4,5.8,Gray,Mid-Range
CAR_01588,BMW,3 Series,2014,4816,30458,Gasoline,2.4,129,Automatic,1,0,7,376,8.9,7.2,Green,Mid-Range
CAR_01589,Mercedes,S-Class,2005,91447,13515,Gasoline,3.6,196,Automatic,1,0,5,43,8.7,9.3,Orange,Economy
CAR_01590,Subaru,Ascent,2007,56267,9214,Gasoline,2.6,147,Manual,0,0,13,152,7.8,8.6,Brown,Economy
CAR_01592,Toyota,Tacoma,2004,65332,7624,Gasoline,2.0,104,CVT,3,0,9,48,3.6,6.5,Blue,Economy
CAR_01593,Chevrolet,Equinox,2001,113710,2000,Hybrid,3.2,178,Automatic,1,1,10,171,8.6,10.0,Black,Economy
CAR_01594,Land Rover,Velar,2025,52735,42212,Gasoline,2.3,137,Automatic,2,0,8,212,9.3,8.8,Silver,Premium
CAR_01596,Land Rover,Defender,2017,50033,33134,Diesel,1.9,117,Automatic,1,0,8,10,4.3,7.9,Black,Mid-Range
CAR_01597,Volvo,XC90,2010,53171,18080,Diesel,3.4,154,Automatic,3,0,5,89,1.3,9.0,White,Mid-Range
CAR_01598,BMW,X3,2024,14229,36257,Gasoline,2.4,120,Automatic,3,0,7,240,4.1,7.0,Brown,Premium
CAR_01599,Ford,Focus,2000,65817,5778,Electric,0.0,766,Automatic,0,0,11,57,6.5,6.1,White,Economy
CAR_01600,Tesla,Model S,2011,62979,13516,Gasoline,1.6,132,Automatic,3,0,7,347,5.9,8.3,Brown,Economy
CAR_01601,Hyundai,Kona,2010,61010,14371,Electric,0.0,468,Automatic,2,0,7,18,6.8,4.1,Green,Economy
CAR_01602,Volvo,V60,2006,83510,11170,Electric,0.0,427,Automatic,1,0,6,139,9.8,4.5,Green,Economy
CAR_01603,Chevrolet,Tahoe,2022,78874,19667,Gasoline,3.8,189,CVT,5,0,12,77,4.4,5.5,Red,Mid-Range
CAR_01604,Tesla,Model X,2005,42794,4794,Gasoline,1.1,80,Automatic,0,0,10,181,6.8,7.1,Silver,Economy
CAR_01605,Mazda,CX-9,2020,64227,21295,Hybrid,2.0,100,CVT,2,1,5,28,7.5,7.5,Orange,Mid-Range
CAR_01606,Porsche,911,2018,12110,29115,Gasoline,1.5,99,Automatic,3,0,7,13,5.3,4.8,Green,Mid-Range
CAR_01607,Nissan,Rogue,2012,28850,13223,Gasoline,4.3,244,Manual,1,0,10,7,6.1,7.3,Green,Economy
CAR_01608,Honda,Pilot,2018,28301,13387,Diesel,3.0,160,Automatic,2,0,2,25,7.4,7.9,Green,Economy
CAR_01609,Volkswagen,Atlas,2009,218821,2000,Diesel,2.9,177,Automatic,1,0,5,83,9.4,4.8,Red,Economy
CAR_01610,Lexus,IS,2005,64570,19991,Diesel,1.0,80,Automatic,1,0,6,71,7.4,5.9,Gray,Mid-Range
CAR_01611,Land Rover,Defender,2018,21067,29370,Gasoline,1.7,101,Automatic,1,0,8,94,4.6,7.2,Silver,Mid-Range
CAR_01612,Tesla,Model X,2007,58135,13323,Gasoline,2.8,143,Automatic,2,0,8,24,5.4,7.2,White,Economy
CAR_01613,Volkswagen,Passat,2025,67286,19705,Gasoline,1.2,80,Manual,5,0,9,50,8.5,7.6,Green,Mid-Range
CAR_01614,Jaguar,XF,2023,23243,43410,Gasoline,3.3,181,Automatic,2,0,13,83,5.4,8.9,Gray,Premium
CAR_01615,Hyundai,Tucson,2001,9526,5081,Gasoline,3.1,214,CVT,5,0,6,46,5.6,7.0,Yellow,Economy
CAR_01616,Hyundai,Sonata,2023,30433,24400,Gasoline,2.7,145,Automatic,3,0,9,41,8.4,6.9,Black,Mid-Range
CAR_01617,Honda,Pilot,2009,10159,9415,Gasoline,2.8,129,Automatic,1,1,3,9,6.1,7.3,Yellow,Economy
CAR_01618,Nissan,Maxima,2016,16561,15822,Electric,0.0,642,Automatic,2,0,9,102,0.0,7.3,Orange,Economy
CAR_01619,Chevrolet,Equinox,2015,53698,13369,Diesel,1.0,80,Automatic,0,1,4,102,6.4,5.4,White,Economy
CAR_01620,BMW,X5,2001,18594,13314,Gasoline,2.1,124,Manual,0,0,9,0,8.6,10.0,Orange,Economy
CAR_01621,BMW,5 Series,2005,41389,13321,Gasoline,2.9,154,Automatic,2,0,7,28,4.9,4.2,Blue,Economy
CAR_01622,Tesla,Model X,2000,52754,5472,Gasoline,3.2,132,Automatic,1,0,9,15,7.4,6.9,Orange,Economy
CAR_01623,BMW,X5,2013,79676,19070,Hybrid,2.1,123,Automatic,1,0,6,9,6.6,5.9,White,Mid-Range
CAR_01624,Hyundai,Elantra,2018,39452,20180,Hybrid,2.9,168,Automatic,3,0,7,41,9.3,7.1,White,Mid-Range
CAR_01625,Ford,Focus,2011,20858,12567,Electric,0.0,295,Automatic,2,1,3,7,5.3,6.6,Red,Economy
CAR_01626,Kia,Sorento,2005,31186,5861,Gasoline,4.4,243,Automatic,1,0,7,200,4.9,6.5,Brown,Economy
CAR_01627,BMW,X5,2008,5817,20321,Gasoline,1.2,83,Manual,1,0,10,0,6.6,7.7,Yellow,Mid-Range
CAR_01628,Hyundai,Elantra,2003,199283,2000,Gasoline,1.8,81,Automatic,1,0,7,138,8.0,6.7,Brown,Economy
CAR_01630,Toyota,Tacoma,2006,22387,8044,Gasoline,3.0,159,Automatic,3,1,7,61,9.4,4.6,Blue,Economy
CAR_01631,Hyundai,Tucson,2005,62886,7280,Gasoline,1.0,97,Automatic,2,0,6,119,6.7,6.1,Blue,Economy
CAR_01632,Ford,Mustang,2001,19278,6310,Electric,0.0,588,Automatic,3,0,4,235,4.9,6.2,Red,Economy
CAR_01633,Volkswagen,Jetta,2008,95894,7881,Gasoline,2.4,145,Automatic,2,0,6,226,6.5,7.3,Green,Economy
CAR_01634,Jaguar,F-TYPE,2006,145386,15221,Electric,0.0,782,Automatic,1,0,10,62,7.2,8.4,Blue,Economy
CAR_01635,Toyota,Highlander,2002,23531,4828,Gasoline,2.6,150,Automatic,1,0,9,18,9.0,6.7,Gray,Economy
CAR_01636,Audi,Q7,2023,79327,32991,Gasoline,2.0,101,Automatic,3,1,6,3,4.6,6.0,White,Mid-Range
CAR_01638,Porsche,Taycan,2022,63899,32622,Gasoline,3.0,164,Automatic,1,0,8,30,4.7,6.8,Black,Mid-Range
CAR_01639,Volkswagen,Golf,2024,55830,22722,Diesel,1.7,83,Automatic,3,0,7,29,2.1,6.3,Brown,Mid-Range
CAR_01640,Land Rover,Evoque,2007,165762,9435,Gasoline,2.3,133,Manual,3,1,5,200,10.1,6.8,Silver,Economy
CAR_01641,Porsche,Cayenne,2005,3569,15299,Gasoline,2.0,80,Automatic,0,0,0,215,3.4,10.0,Black,Economy
CAR_01642,Land Rover,Range Rover,2011,20441,23297,Gasoline,1.8,80,Automatic,2,0,10,233,7.5,6.2,White,Mid-Range
CAR_01643,Land Rover,Velar,2014,87523,23845,Gasoline,3.1,204,Automatic,0,0,8,3,8.6,7.5,Orange,Mid-Range
CAR_01644,Land Rover,Velar,2011,41703,22893,Gasoline,1.2,80,Manual,5,0,7,14,7.8,7.5,White,Mid-Range
CAR_01645,Kia,Telluride,2001,24072,9620,Gasoline,3.5,226,Automatic,2,0,13,17,6.1,7.3,White,Economy
CAR_01646,Mazda,CX-30,2001,22248,8925,Hybrid,2.0,115,Automatic,1,0,12,39,5.8,6.2,Green,Economy
CAR_01647,Porsche,911,2004,15710,17943,Gasoline,2.5,171,Automatic,1,0,6,42,4.4,4.4,Black,Economy
CAR_01648,Hyundai,Elantra,2004,41612,10339,Gasoline,2.7,173,Automatic,3,1,4,147,10.9,8.1,Yellow,Economy
CAR_01650,Tesla,Model S,2017,15788,21079,Electric,0.0,729,Automatic,2,0,5,28,5.3,6.1,Silver,Mid-Range
CAR_01651,BMW,X3,2015,8188,28507,Gasoline,3.7,171,Automatic,1,1,13,15,7.0,8.6,Red,Mid-Range
CAR_01652,Subaru,Crosstrek,2001,22053,4976,Gasoline,2.5,141,Automatic,5,0,4,61,5.4,6.7,Red,Economy
CAR_01653,Jeep,Compass,2006,36223,11561,Gasoline,3.0,167,Automatic,0,0,13,30,9.8,9.3,Brown,Economy
CAR_01654,Volkswagen,Jetta,2005,48441,6517,Gasoline,2.4,148,Manual,0,0,9,112,7.9,5.6,Blue,Economy
CAR_01655,Toyota,Highlander,2001,56748,5307,Gasoline,1.0,80,Automatic,0,0,6,160,9.3,5.5,Blue,Economy
CAR_01656,Jeep,Cherokee,2005,57208,6734,Gasoline,3.1,190,Automatic,3,1,10,90,9.2,6.6,Yellow,Economy
CAR_01657,Nissan,Maxima,2006,28308,11260,Diesel,2.5,116,Automatic,0,1,6,83,6.0,4.2,Yellow,Economy
CAR_01658,Kia,Sorento,2020,15039,25789,Gasoline,2.6,125,CVT,3,0,8,197,5.0,3.9,Gray,Mid-Range
CAR_01659,Audi,Q7,2013,90084,23637,Electric,0.0,617,Automatic,3,0,7,48,8.0,6.9,White,Mid-Range
CAR_01660,Chevrolet,Silverado,2009,21989,9635,Hybrid,3.1,187,Automatic,2,1,9,193,7.2,7.4,Blue,Economy
CAR_01661,Audi,A4,2025,93982,46048,Gasoline,3.5,167,CVT,2,0,11,4,7.7,6.1,Yellow,Premium
CAR_01662,Jeep,Cherokee,2010,44472,6146,Gasoline,3.5,171,CVT,1,0,9,330,10.6,5.1,Silver,Economy
CAR_01663,Subaru,Forester,2021,36552,15711,Gasoline,2.6,115,CVT,1,0,10,310,1.8,6.1,Yellow,Economy
CAR_01664,Chevrolet,Camaro,2000,20355,2507,Gasoline,4.3,231,Automatic,1,1,5,6,7.9,7.5,Black,Economy
CAR_01665,Land Rover,Range Rover,2014,83620,26429,Gasoline,4.6,268,Automatic,3,0,8,181,8.5,5.9,Brown,Mid-Range
CAR_01666,Jeep,Compass,2012,34912,10555,Gasoline,4.1,157,Automatic,0,0,10,100,2.2,8.7,White,Economy
CAR_01667,Mercedes,E-Class,2012,40016,25619,Gasoline,1.0,80,Automatic,3,1,14,223,5.6,8.7,Gray,Mid-Range
CAR_01668,Ford,Mustang,2013,88525,10006,Gasoline,2.2,111,Automatic,1,0,4,50,4.6,2.8,Black,Economy
CAR_01669,Nissan,Pathfinder,2025,26573,26853,Electric,0.0,217,Automatic,2,0,7,48,7.5,4.5,Yellow,Mid-Range
CAR_01670,Mazda,CX-9,2014,11072,16811,Gasoline,3.4,205,Automatic,2,0,16,27,6.3,6.3,Red,Economy
CAR_01671,Porsche,Taycan,2011,34304,22046,Gasoline,1.6,88,Automatic,1,0,11,73,6.8,7.6,Orange,Mid-Range
CAR_01672,Porsche,Cayenne,2011,17084,22026,Electric,0.0,246,Automatic,1,0,5,90,6.6,9.1,Orange,Mid-Range
CAR_01673,Porsche,Macan,2003,32656,10034,Gasoline,3.4,168,Automatic,3,0,11,5,8.2,4.4,Blue,Economy
CAR_01674,Jaguar,XE,2008,44296,18282,Electric,0.0,434,CVT,0,0,13,22,2.6,8.0,Black,Mid-Range
CAR_01675,Volvo,XC40,2010,41824,14951,Gasoline,1.9,130,Automatic,1,1,6,68,7.0,9.3,Black,Economy
CAR_01676,Nissan,Pathfinder,2012,63392,10725,Electric,0.0,351,Automatic,2,0,7,0,8.8,10.0,Black,Economy
CAR_01677,BMW,7 Series,2009,76299,18097,Gasoline,1.6,80,Manual,2,0,8,3,5.3,7.6,Orange,Mid-Range
CAR_01678,Audi,A4,2011,56660,19109,Electric,0.0,231,Manual,1,0,11,44,4.6,8.3,Blue,Mid-Range
CAR_01679,Tesla,Model X,2015,95154,17889,Gasoline,2.1,97,Automatic,2,0,7,142,9.2,3.3,Orange,Economy
CAR_01680,Mercedes,C-Class,2003,37664,14830,Hybrid,2.1,141,Automatic,3,0,5,60,6.1,7.3,Green,Economy
CAR_01681,Kia,Telluride,2014,103166,12752,Electric,0.0,786,Automatic,3,0,14,80,4.1,10.0,Red,Economy
CAR_01682,Kia,Sportage,2022,8758,27251,Electric,0.0,354,Automatic,0,0,6,102,5.1,7.0,Silver,Mid-Range
CAR_01683,Volkswagen,Passat,2012,47110,18229,Gasoline,3.0,211,Automatic,4,0,6,43,1.8,4.3,Black,Mid-Range
CAR_01684,Nissan,Pathfinder,2009,66135,11950,Hybrid,3.5,215,CVT,3,0,6,69,7.4,4.1,Orange,Economy
CAR_01685,Mercedes,E-Class,2019,104185,29658,Gasoline,3.7,189,Automatic,0,1,3,10,8.1,8.6,White,Mid-Range
CAR_01686,Kia,Optima,2021,70354,20625,Diesel,2.2,105,Manual,1,1,5,11,4.3,6.1,Orange,Mid-Range
CAR_01687,Volkswagen,Jetta,2007,71720,9136,Gasoline,1.9,80,Automatic,1,0,7,37,8.7,9.6,Red,Economy
CAR_01688,Kia,Telluride,2020,68592,20165,Gasoline,2.6,155,Automatic,2,0,4,99,12.0,6.8,Black,Mid-Range
CAR_01690,Ford,Mustang,2017,8970,17349,Diesel,1.9,98,Automatic,1,0,8,20,3.1,7.4,Blue,Economy
CAR_01691,Honda,Accord,2000,69668,2000,Diesel,3.8,215,Automatic,2,1,12,40,0.0,5.3,Brown,Economy
CAR_01692,Mazda,CX-9,2011,70694,12843,Gasoline,1.6,100,CVT,2,0,8,27,4.1,4.3,White,Economy
CAR_01693,Lexus,GX,2023,92208,43190,Gasoline,3.3,165,Automatic,0,1,8,91,5.5,6.2,Gray,Premium
CAR_01694,Ford,Explorer,2001,102864,7480,Gasoline,2.0,82,Automatic,2,1,8,61,3.5,8.5,Green,Economy
CAR_01695,Jaguar,F-TYPE,2013,41475,24473,Gasoline,1.9,96,Automatic,0,0,6,83,6.7,6.8,White,Mid-Range
CAR_01696,Tesla,Model Y,2022,22163,29261,Gasoline,2.9,126,Automatic,2,0,12,255,7.5,9.0,Red,Mid-Range
CAR_01698,Jeep,Renegade,2019,96501,12677,Gasoline,2.1,108,Automatic,3,0,6,410,8.3,6.9,Gray,Economy
CAR_01699,Mazda,CX-9,2012,60742,15554,Gasoline,3.1,169,Automatic,1,0,9,18,3.8,6.9,Orange,Economy
CAR_01700,Subaru,Outback,2012,6465,14112,Hybrid,3.2,156,Automatic,0,0,9,64,3.2,7.1,Silver,Economy
CAR_01701,Subaru,Forester,2019,106149,13684,Electric,0.0,553,Manual,2,0,7,50,7.1,5.2,Green,Economy
CAR_01702,Audi,Q5,2021,39110,38511,Diesel,2.6,102,Automatic,2,0,9,90,7.5,5.8,Silver,Premium
CAR_01703,Chevrolet,Silverado,2015,173814,15539,Electric,0.0,544,Automatic,1,0,3,94,8.3,5.7,Green,Economy
CAR_01704,Audi,A6,2002,55471,16882,Gasoline,3.6,202,Manual,2,1,10,75,11.4,7.0,Green,Economy
CAR_01705,Toyota,Tacoma,2019,26742,18036,Diesel,3.0,171,Automatic,0,0,7,62,7.1,4.3,Silver,Mid-Range
CAR_01706,BMW,7 Series,2000,56383,15559,Electric,0.0,251,Automatic,0,1,11,200,7.8,7.2,Blue,Economy
CAR_01707,Porsche,911,2007,67138,12765,Gasoline,1.5,93,Automatic,2,0,7,223,7.1,8.2,Silver,Economy
CAR_01708,Chevrolet,Silverado,2002,132671,2000,Diesel,3.1,215,Automatic,2,0,8,69,4.7,8.0,Green,Economy
CAR_01709,Volvo,XC90,2003,80957,5709,Electric,0.0,564,Automatic,2,0,11,60,6.7,6.0,Black,Economy
CAR_01710,Subaru,Ascent,2023,9524,23146,Electric,0.0,290,CVT,3,0,7,44,6.5,7.6,Gray,Mid-Range
CAR_01711,Subaru,Ascent,2019,44814,13534,Gasoline,2.5,136,Manual,4,1,6,30,3.8,9.2,Black,Economy
CAR_01712,Chevrolet,Malibu,2018,10260,17205,Hybrid,1.4,98,Automatic,0,1,4,98,8.4,9.5,Orange,Economy
CAR_01713,Audi,Q5,2021,17324,31545,Hybrid,2.0,80,Manual,1,0,4,104,5.7,7.6,Red,Mid-Range
CAR_01714,Chevrolet,Tahoe,2000,21953,10797,Gasoline,3.1,165,Automatic,2,0,9,6,8.1,9.1,Yellow,Economy
CAR_01715,BMW,7 Series,2001,159171,4016,Hybrid,2.7,135,Automatic,1,0,9,210,3.8,9.1,Red,Economy
CAR_01716,BMW,3 Series,2008,43267,18623,Gasoline,1.9,109,Automatic,1,0,10,281,4.5,5.1,Yellow,Mid-Range
CAR_01717,Nissan,Rogue,2002,72141,2000,Gasoline,1.6,94,CVT,0,0,11,190,6.0,8.7,Green,Economy
CAR_01718,BMW,3 Series,2015,17611,27607,Electric,0.0,318,Manual,1,0,13,16,6.6,6.8,Red,Mid-Range
CAR_01719,Volvo,XC60,2005,47154,7071,Gasoline,2.3,173,Manual,2,0,7,22,10.0,7.2,Blue,Economy
CAR_01720,Hyundai,Santa Fe,2025,148689,16218,Gasoline,2.2,136,Automatic,2,0,3,137,5.6,5.7,Gray,Economy
CAR_01721,BMW,7 Series,2011,44980,23959,Gasoline,3.6,239,Automatic,1,0,8,35,8.3,8.7,Yellow,Mid-Range
CAR_01722,Kia,Optima,2023,91799,18028,Gasoline,2.7,120,Automatic,3,0,10,98,5.6,8.3,Orange,Mid-Range
CAR_01723,Audi,Q7,2021,21374,35484,Diesel,3.9,236,Automatic,4,0,7,143,4.6,7.7,Yellow,Premium
CAR_01724,Audi,Q7,2019,56484,30416,Gasoline,2.3,120,Automatic,0,0,8,52,5.3,5.8,Silver,Mid-Range
CAR_01725,BMW,5 Series,2025,46826,45901,Electric,0.0,799,Automatic,0,0,5,51,6.3,7.2,Blue,Premium
CAR_01726,Porsche,Cayenne,2022,2484,38874,Diesel,2.2,145,Automatic,0,0,2,24,6.7,7.8,Blue,Premium
CAR_01727,Jeep,Compass,2011,6378,20527,Gasoline,3.1,179,Automatic,2,0,7,52,6.4,6.8,Blue,Mid-Range
CAR_01728,Ford,F-150,2005,75260,2600,Electric,0.0,251,Automatic,5,0,8,44,7.6,7.1,Gray,Economy
CAR_01729,Land Rover,Defender,2023,30482,43201,Electric,0.0,422,Automatic,0,0,6,73,4.8,6.9,Red,Premium
CAR_01730,Volkswagen,Atlas,2001,23042,4092,Gasoline,2.0,121,Manual,0,0,7,85,2.4,8.1,Black,Economy
CAR_01732,Nissan,Pathfinder,2016,33213,13422,Gasoline,2.1,121,Automatic,0,0,11,308,8.5,8.2,Gray,Economy
CAR_01734,Porsche,Macan,2005,84606,13399,Gasoline,2.3,143,Automatic,1,1,9,75,3.5,7.9,Green,Economy
CAR_01735,Toyota,Tacoma,2020,115345,14742,Electric,0.0,245,Manual,1,0,11,1,5.4,8.4,Yellow,Economy
CAR_01736,Mercedes,GLC,2004,38958,13946,Electric,0.0,203,Automatic,4,0,5,41,7.9,7.1,Black,Economy
CAR_01737,Mazda,CX-5,2020,62084,21625,Gasoline,2.8,153,Automatic,2,0,7,170,7.2,9.7,Gray,Mid-Range
CAR_01738,Subaru,Forester,2016,32468,17335,Gasoline,3.4,173,Automatic,4,0,3,90,7.0,6.9,White,Economy
CAR_01740,Porsche,Cayenne,2006,30457,13447,Electric,0.0,667,Automatic,0,0,3,28,8.1,9.4,Green,Economy
CAR_01741,Toyota,Tacoma,2003,11372,7119,Gasoline,1.8,121,CVT,1,0,5,57,6.3,9.3,Red,Economy
CAR_01742,Honda,HR-V,2007,9722,4908,Gasoline,2.5,117,Automatic,0,0,9,57,6.0,5.9,Green,Economy
CAR_01743,Ford,F-150,2015,43068,12253,Diesel,3.2,164,Automatic,1,0,14,49,6.4,4.6,Red,Economy
CAR_01744,Volvo,S60,2016,37651,21989,Diesel,1.2,80,Automatic,1,0,8,102,5.5,5.1,Silver,Mid-Range
CAR_01745,Hyundai,Elantra,2013,23406,9128,Gasoline,2.1,127,CVT,1,0,5,300,0.0,8.4,Blue,Economy
CAR_01746,Kia,Sportage,2000,38974,2000,Hybrid,3.2,159,Automatic,0,0,11,62,6.4,7.3,Green,Economy
CAR_01747,Hyundai,Elantra,2017,25333,15806,Gasoline,1.3,80,Automatic,1,0,5,64,5.2,4.9,Red,Economy
CAR_01748,Land Rover,Discovery,2014,39456,28162,Gasoline,1.5,80,Automatic,0,0,8,85,7.5,8.5,Brown,Mid-Range
CAR_01749,Porsche,Macan,2018,81783,24885,Gasoline,1.7,93,Automatic,4,0,7,143,4.6,8.6,Blue,Mid-Range
CAR_01750,Lexus,NX,2014,57898,23824,Gasoline,3.1,194,Automatic,0,1,12,148,7.6,7.9,Black,Mid-Range
CAR_01751,Porsche,Macan,2001,31908,12814,Electric,0.0,147,Automatic,1,1,6,107,4.7,5.4,Blue,Economy
CAR_01752,Audi,A3,2008,47554,20635,Gasoline,3.4,133,Automatic,1,0,7,418,8.9,7.6,Blue,Mid-Range
CAR_01753,Audi,A3,2019,51673,33606,Electric,0.0,500,Automatic,4,1,6,139,8.1,5.4,Orange,Mid-Range
CAR_01756,Tesla,Model S,2016,19447,19677,Gasoline,2.0,92,Automatic,1,1,8,48,6.7,7.7,Yellow,Mid-Range
CAR_01757,Subaru,Forester,2019,47161,19873,Gasoline,1.0,81,CVT,2,0,14,66,2.5,5.9,Orange,Mid-Range
CAR_01758,BMW,X5,2006,34762,18744,Electric,0.0,560,Automatic,2,0,14,1,6.7,7.6,Silver,Mid-Range
CAR_01759,Lexus,IS,2012,24391,23875,Gasoline,2.4,122,Manual,0,0,9,6,5.2,7.7,Brown,Mid-Range
CAR_01760,Ford,Mustang,2000,3082,2796,Electric,0.0,487,Automatic,1,0,2,117,6.6,8.1,Orange,Economy
CAR_01761,Nissan,Sentra,2020,7963,22094,Hybrid,1.9,106,Manual,0,0,9,19,11.5,4.5,Blue,Mid-Range
CAR_01762,Mazda,Mazda3,2023,51347,20052,Gasoline,3.6,201,Automatic,2,1,5,54,3.3,6.1,Gray,Mid-Range
CAR_01764,Jaguar,F-PACE,2007,21398,18346,Hybrid,3.1,144,Automatic,1,0,8,231,3.1,8.2,Green,Mid-Range
CAR_01765,Audi,A6,2005,97191,15018,Hybrid,2.8,111,Automatic,1,0,5,121,7.3,9.3,Orange,Economy
CAR_01766,Ford,Mustang,2018,69255,15820,Diesel,3.3,157,Automatic,1,0,7,19,6.7,6.2,Blue,Economy
CAR_01767,Porsche,Cayenne,2022,116724,32573,Hybrid,1.9,95,Automatic,2,1,9,30,9.0,8.9,Orange,Mid-Range
CAR_01768,Hyundai,Santa Fe,2013,126365,7523,Gasoline,3.9,240,Automatic,4,0,11,47,7.6,5.8,Silver,Economy
CAR_01769,Porsche,Taycan,2003,63393,10298,Gasoline,2.5,118,CVT,1,0,6,66,5.8,7.0,Silver,Economy
CAR_01770,Hyundai,Sonata,2020,78101,18319,Gasoline,3.3,144,Automatic,3,0,9,232,3.1,6.5,Silver,Mid-Range
CAR_01771,BMW,X5,2006,69322,7762,Gasoline,2.7,158,Automatic,1,0,3,214,6.4,6.7,Silver,Economy
CAR_01772,Porsche,Panamera,2005,38863,13570,Gasoline,1.9,137,Automatic,2,0,17,45,5.2,7.4,Silver,Economy
CAR_01773,Jaguar,F-TYPE,2013,26146,25465,Hybrid,1.9,112,Automatic,2,0,9,75,7.4,6.2,Black,Mid-Range
CAR_01774,Lexus,RX,2007,77692,14142,Electric,0.0,346,Manual,5,0,20,193,9.6,5.7,Red,Economy
CAR_01775,Audi,A6,2021,80158,35426,Hybrid,2.2,102,Manual,1,1,8,94,6.0,7.4,Gray,Premium
CAR_01777,Mazda,CX-30,2003,116481,2000,Hybrid,2.6,139,Automatic,4,1,8,17,6.8,8.2,Blue,Economy
CAR_01778,Volkswagen,Jetta,2004,30074,4381,Diesel,2.0,113,Automatic,0,0,5,246,4.7,5.1,Blue,Economy
CAR_01779,Mercedes,E-Class,2008,56885,12702,Electric,0.0,710,Automatic,2,0,11,389,7.0,7.3,Orange,Economy
CAR_01780,Volvo,V60,2020,15991,25972,Gasoline,1.4,133,CVT,2,0,7,95,0.0,6.5,Blue,Mid-Range
CAR_01781,Lexus,GX,2013,101245,24864,Gasoline,2.6,140,Automatic,1,0,10,200,5.5,7.6,Red,Mid-Range
CAR_01782,Tesla,Model 3,2002,50890,7690,Gasoline,2.1,128,Automatic,1,0,8,52,4.7,7.3,Brown,Economy
CAR_01783,Kia,Sportage,2018,9368,20437,Electric,0.0,793,Automatic,1,1,11,85,4.2,8.1,Red,Mid-Range
CAR_01784,Mazda,Mazda6,2012,43833,15334,Gasoline,3.2,194,Automatic,3,0,8,168,9.7,8.0,Brown,Economy
CAR_01785,Land Rover,Defender,2024,56315,39201,Gasoline,2.7,117,Automatic,4,0,6,274,9.9,8.8,Gray,Premium
CAR_01786,Chevrolet,Tahoe,2002,21807,5638,Electric,0.0,757,Automatic,3,0,10,57,7.9,8.2,Yellow,Economy
CAR_01788,Chevrolet,Equinox,2013,31312,14266,Gasoline,3.3,219,CVT,2,1,8,218,9.2,8.1,Green,Economy
CAR_01789,Mazda,Mazda3,2005,135927,9597,Electric,0.0,455,Automatic,0,0,9,546,6.1,5.7,Gray,Economy
CAR_01790,Nissan,Sentra,2001,54638,2000,Hybrid,2.8,182,Automatic,1,0,9,62,3.7,6.6,Green,Economy
CAR_01791,Jaguar,I-PACE,2018,102764,26873,Diesel,2.6,202,CVT,1,0,5,14,7.1,8.0,Gray,Mid-Range
CAR_01792,Mercedes,GLC,2022,98089,35407,Diesel,2.6,115,Automatic,0,0,11,116,5.4,6.3,Silver,Premium
CAR_01793,Chevrolet,Equinox,2025,27356,25063,Hybrid,2.0,80,Automatic,2,0,7,130,8.4,5.0,Red,Mid-Range
CAR_01794,Chevrolet,Silverado,2011,90995,10998,Gasoline,2.4,151,Automatic,1,0,10,42,7.3,6.8,Silver,Economy
CAR_01795,BMW,3 Series,2006,39198,13099,Electric,0.0,288,CVT,1,0,7,1,4.7,5.5,Gray,Economy
CAR_01796,Land Rover,Velar,2015,76804,25755,Diesel,2.5,143,Automatic,2,0,5,218,6.7,7.8,Green,Mid-Range
CAR_01797,Land Rover,Defender,2025,66914,41665,Hybrid,2.0,134,CVT,4,0,5,56,6.7,6.9,Orange,Premium
CAR_01798,Subaru,Crosstrek,2018,15789,19579,Diesel,2.2,122,Automatic,2,0,7,13,6.6,6.9,White,Mid-Range
CAR_01799,Audi,A4,2009,100700,15808,Gasoline,1.6,111,Automatic,1,0,8,24,6.3,7.1,White,Economy
CAR_01800,Jeep,Wrangler,2004,29101,9813,Gasoline,3.0,153,Automatic,2,1,4,63,5.7,6.0,Orange,Economy
CAR_01801,Toyota,Highlander,2016,26907,15207,Gasoline,2.3,117,Automatic,2,1,7,49,7.4,8.4,Brown,Economy
CAR_01802,Toyota,Highlander,2011,48680,14573,Gasoline,2.2,144,Automatic,1,0,10,28,8.1,6.9,Brown,Economy
CAR_01803,BMW,3 Series,2009,39165,24669,Gasoline,2.9,130,Manual,1,0,9,75,9.4,6.3,White,Mid-Range
CAR_01804,Porsche,Macan,2023,77140,38047,Electric,0.0,315,Automatic,1,0,5,100,4.3,8.4,Yellow,Premium
CAR_01805,Jaguar,XE,2013,48284,22550,Diesel,2.3,114,Automatic,2,0,9,44,4.8,7.7,Gray,Mid-Range
CAR_01808,Subaru,Impreza,2003,46855,13550,Gasoline,3.0,157,Automatic,2,0,10,39,4.2,4.8,Red,Economy
CAR_01810,Tesla,Model S,2008,14314,16594,Gasoline,2.0,95,Manual,1,0,5,57,4.9,7.5,Gray,Economy
CAR_01811,Toyota,Corolla,2012,56412,5134,Electric,0.0,632,Automatic,2,0,11,44,5.1,7.0,Green,Economy
CAR_01812,Subaru,Ascent,2024,114060,22867,Diesel,2.6,140,CVT,2,0,5,16,6.8,7.5,Yellow,Mid-Range
CAR_01813,Jeep,Cherokee,2012,75658,8893,Diesel,2.6,164,Automatic,2,0,7,167,5.9,3.1,Black,Economy
CAR_01814,Porsche,Taycan,2013,8748,30445,Electric,0.0,729,Automatic,1,1,10,31,6.4,7.2,Green,Mid-Range
CAR_01815,Jaguar,I-PACE,2016,55753,27805,Gasoline,4.1,251,Automatic,1,0,5,86,3.3,5.8,Brown,Mid-Range
CAR_01816,Hyundai,Santa Fe,2009,73317,5031,Gasoline,2.4,139,Automatic,0,0,11,178,5.2,8.3,Green,Economy
CAR_01817,Hyundai,Elantra,2018,69927,18382,Hybrid,1.6,106,Automatic,3,0,8,115,8.8,5.7,Black,Mid-Range
CAR_01818,Land Rover,Range Rover,2018,35742,30555,Electric,0.0,567,Automatic,0,0,8,53,6.2,8.4,Brown,Mid-Range
CAR_01819,Kia,Optima,2002,83066,2000,Electric,0.0,243,CVT,1,1,6,60,9.2,7.1,Gray,Economy
CAR_01820,Kia,Sorento,2025,39760,25909,Diesel,2.7,148,Automatic,4,1,8,34,8.1,4.9,Red,Mid-Range
CAR_01821,Porsche,911,2019,69364,38039,Gasoline,1.5,80,Automatic,1,0,5,97,5.5,7.7,Gray,Premium
CAR_01822,Hyundai,Tucson,2019,34849,19297,Gasoline,2.7,126,CVT,1,0,10,39,6.5,6.3,Gray,Mid-Range
CAR_01823,Jaguar,XF,2003,122634,7680,Gasoline,2.5,94,Automatic,0,0,8,22,5.0,8.0,Orange,Economy
CAR_01825,Volkswagen,Tiguan,2019,33419,21588,Diesel,2.7,174,CVT,3,0,6,169,6.9,8.4,Silver,Mid-Range
CAR_01826,Hyundai,Tucson,2009,21819,10555,Hybrid,3.8,209,Manual,3,0,5,290,7.8,6.4,Blue,Economy
CAR_01827,Mercedes,GLC,2000,41865,5202,Diesel,3.2,172,Automatic,1,0,6,30,4.6,7.5,Brown,Economy
CAR_01828,Audi,Q5,2025,59413,38518,Gasoline,2.9,173,Automatic,2,0,7,46,8.8,7.9,Blue,Premium
CAR_01829,BMW,X3,2010,74555,15339,Electric,0.0,745,Automatic,0,0,9,219,7.4,7.5,Gray,Economy
CAR_01830,Mazda,Mazda6,2011,22177,13438,Gasoline,1.4,80,Manual,0,0,8,250,9.2,6.7,Brown,Economy
CAR_01831,Chevrolet,Equinox,2021,18761,18528,Gasoline,2.9,140,Manual,3,1,4,64,8.4,7.5,Black,Mid-Range
CAR_01832,BMW,X3,2014,99596,25915,Hybrid,2.2,88,Automatic,3,0,3,57,8.0,10.0,Silver,Mid-Range
CAR_01833,Mercedes,E-Class,2013,26910,25100,Diesel,2.7,133,Automatic,2,0,6,14,8.0,5.6,Black,Mid-Range
CAR_01834,Mazda,Mazda6,2013,44552,14912,Gasoline,2.5,123,Automatic,1,0,11,14,6.1,4.7,Green,Economy
CAR_01835,Subaru,Ascent,2025,167464,16377,Gasoline,2.5,137,Automatic,1,0,7,102,9.5,7.1,Gray,Economy
CAR_01836,Volvo,XC40,2001,59781,4012,Gasoline,3.8,209,Automatic,0,0,7,8,7.1,1.5,Black,Economy
CAR_01837,Nissan,Sentra,2009,57493,10348,Gasoline,3.2,149,Automatic,2,1,4,134,8.3,8.4,Red,Economy
CAR_01838,Volvo,XC40,2007,100107,6813,Hybrid,1.8,104,Automatic,3,1,5,9,6.3,4.7,Orange,Economy
CAR_01839,Audi,Q5,2014,61996,18147,Gasoline,2.7,140,Automatic,2,1,13,114,6.3,7.0,Blue,Mid-Range
CAR_01840,Porsche,Macan,2023,51265,37606,Gasoline,1.7,98,Automatic,2,1,9,4,5.9,7.7,Orange,Premium
CAR_01841,Mercedes,GLE,2012,147567,22277,Gasoline,2.2,102,Automatic,2,0,10,57,7.6,9.2,White,Mid-Range
CAR_01842,Subaru,Outback,2018,61193,13670,Diesel,2.5,115,Automatic,3,0,11,56,5.8,8.4,Silver,Economy
CAR_01843,Jaguar,XE,2010,24351,19325,Electric,0.0,467,Manual,2,0,12,74,8.2,6.7,Brown,Mid-Range
CAR_01844,Tesla,Model S,2020,76676,23618,Electric,0.0,444,Automatic,1,1,7,89,6.9,6.8,Silver,Mid-Range
CAR_01845,Jaguar,XE,2000,128788,2000,Diesel,3.7,199,Automatic,0,1,11,245,3.9,6.2,Blue,Economy
CAR_01846,Audi,A4,2004,3641,16442,Gasoline,1.0,80,Manual,0,1,8,28,6.8,4.8,Black,Economy
CAR_01847,Honda,CR-V,2002,32379,6485,Electric,0.0,580,Manual,1,0,4,86,6.2,9.3,Gray,Economy
CAR_01848,Honda,Civic,2018,31412,18539,Diesel,2.1,118,Automatic,2,0,10,223,7.6,6.6,Yellow,Mid-Range
CAR_01849,Volkswagen,Jetta,2015,9997,21206,Electric,0.0,518,Automatic,1,0,10,6,7.0,6.6,Gray,Mid-Range
CAR_01850,Lexus,GX,2025,54057,42182,Electric,0.0,314,Automatic,2,0,10,108,1.9,7.0,Black,Premium
CAR_01851,BMW,5 Series,2009,212490,16522,Hybrid,2.1,117,Manual,0,0,0,90,3.1,8.2,Silver,Economy
CAR_01852,Mercedes,S-Class,2002,86562,5119,Gasoline,2.2,109,Automatic,1,0,6,166,6.4,8.0,Orange,Economy
CAR_01853,Kia,Optima,2020,137221,14969,Diesel,2.5,150,Automatic,1,0,5,1,4.8,6.3,Black,Economy
CAR_01854,Porsche,Taycan,2016,21093,33217,Diesel,1.0,80,Manual,2,0,13,47,5.5,8.6,Green,Mid-Range
CAR_01855,Volkswagen,Tiguan,2009,61219,5595,Gasoline,1.8,98,Automatic,1,0,9,98,10.0,8.8,Blue,Economy
CAR_01856,Kia,Telluride,2009,20495,8906,Hybrid,2.5,154,Automatic,0,0,6,245,4.8,10.0,Silver,Economy
CAR_01857,Volvo,S60,2002,42784,8846,Gasoline,3.7,193,Automatic,1,0,3,49,9.0,8.1,Black,Economy
CAR_01859,Volvo,XC40,2003,63133,7143,Gasoline,2.2,142,Automatic,3,0,7,295,7.8,5.3,White,Economy
CAR_01860,Audi,A6,2002,107728,5457,Diesel,2.5,97,Automatic,1,0,13,172,6.7,5.3,Gray,Economy
CAR_01861,BMW,5 Series,2024,112331,41905,Gasoline,2.7,169,Automatic,1,0,6,22,8.7,7.8,Silver,Premium
CAR_01862,Tesla,Model X,2001,77149,6864,Gasoline,2.1,123,Automatic,0,0,11,167,7.2,9.2,Gray,Economy
CAR_01863,Toyota,Corolla,2011,49872,13320,Hybrid,2.3,105,Automatic,1,0,10,35,5.3,8.3,Blue,Economy
CAR_01864,Volkswagen,Passat,2014,79119,12341,Electric,0.0,747,Automatic,2,0,6,134,5.5,8.0,Blue,Economy
CAR_01865,Land Rover,Range Rover,2016,31401,31039,Electric,0.0,558,Automatic,1,0,12,90,5.9,6.4,Silver,Mid-Range
CAR_01866,Lexus,GX,2022,6476,37389,Diesel,1.8,88,Automatic,2,0,14,5,9.5,6.9,Green,Premium
CAR_01867,BMW,7 Series,2000,29276,2000,Diesel,3.1,171,Automatic,1,0,8,55,5.1,8.1,Red,Economy
CAR_01868,Volkswagen,Passat,2025,48563,20096,Gasoline,2.9,202,Automatic,2,0,10,188,4.8,7.1,Yellow,Mid-Range
CAR_01869,Volvo,XC90,2018,98693,22870,Diesel,1.0,80,Automatic,3,0,9,7,7.7,9.5,Black,Mid-Range
CAR_01870,Mercedes,GLE,2014,51242,23439,Gasoline,2.1,148,Automatic,0,1,4,2,8.4,5.4,Red,Mid-Range
CAR_01871,Subaru,Crosstrek,2009,75948,17308,Electric,0.0,577,Automatic,1,0,5,123,11.5,4.8,Green,Economy
CAR_01872,Hyundai,Santa Fe,2016,44348,9970,Electric,0.0,144,Automatic,2,0,16,197,7.8,8.8,Orange,Economy
CAR_01873,Kia,Telluride,2017,16199,15483,Gasoline,2.1,108,Automatic,1,1,5,34,8.7,6.3,Brown,Economy
CAR_01874,Lexus,ES,2014,99293,25186,Gasoline,1.9,80,Automatic,2,0,4,0,6.3,7.8,Red,Mid-Range
CAR_01875,Tesla,Model 3,2015,32819,16833,Gasoline,3.0,163,Manual,2,0,12,23,8.3,6.2,Red,Economy
CAR_01876,Nissan,Maxima,2002,36222,2000,Gasoline,3.2,166,Automatic,0,0,11,0,8.4,8.6,Orange,Economy
CAR_01877,Hyundai,Tucson,2012,87447,9720,Diesel,2.8,161,Automatic,2,0,8,37,3.7,7.4,Brown,Economy
CAR_01878,Kia,Optima,2021,77986,17887,Gasoline,2.2,124,CVT,3,0,7,83,3.0,7.3,Green,Economy
CAR_01879,Mercedes,GLE,2011,52301,19409,Electric,0.0,219,Automatic,1,1,10,40,5.2,8.7,Brown,Mid-Range
CAR_01880,Volvo,XC40,2020,137703,28215,Hybrid,3.4,168,Automatic,1,0,12,7,8.9,7.9,Green,Mid-Range
CAR_01881,Mercedes,GLE,2005,67710,14214,Gasoline,2.4,123,Automatic,5,0,9,29,7.8,7.2,Gray,Economy
CAR_01882,Kia,Telluride,2006,46030,5874,Gasoline,2.3,117,Automatic,3,0,10,2,9.3,8.0,Brown,Economy
CAR_01883,Mazda,CX-5,2008,64924,9533,Gasoline,1.5,131,Manual,3,0,5,175,7.6,6.9,Orange,Economy
CAR_01884,Toyota,Tacoma,2003,37048,6918,Hybrid,1.8,90,Manual,0,0,9,35,6.2,4.4,White,Economy
CAR_01885,Mercedes,E-Class,2015,29606,24898,Gasoline,2.2,125,Automatic,2,1,7,483,7.2,8.0,Orange,Mid-Range
CAR_01886,Audi,A4,2016,22946,36593,Gasoline,1.4,80,Automatic,0,0,11,114,7.1,7.8,Silver,Premium
CAR_01888,Ford,Focus,2007,39165,8224,Gasoline,3.6,147,Manual,3,0,5,190,3.5,5.6,Yellow,Economy
CAR_01889,Volvo,XC60,2012,81400,19298,Gasoline,1.7,80,Automatic,1,0,7,208,5.8,6.8,Orange,Mid-Range
CAR_01890,Honda,Civic,2023,106695,22460,Gasoline,1.7,103,CVT,2,0,10,12,4.8,9.7,White,Mid-Range
CAR_01891,Land Rover,Velar,2004,67143,10292,Gasoline,3.2,177,Automatic,0,0,9,111,4.8,5.4,Orange,Economy
CAR_01892,Honda,Civic,2001,21716,2000,Gasoline,1.8,97,Automatic,2,0,12,120,6.2,7.0,Gray,Economy
CAR_01893,Porsche,Macan,2007,20745,17718,Gasoline,1.9,108,Automatic,2,0,15,54,10.1,5.3,Yellow,Economy
CAR_01894,Kia,Sportage,2014,26794,14059,Gasoline,2.9,182,Automatic,2,0,9,108,0.0,6.6,Red,Economy
CAR_01895,Subaru,Ascent,2007,39538,10426,Hybrid,1.8,89,CVT,2,0,7,96,7.3,7.3,Blue,Economy
CAR_01896,Honda,Civic,2003,7982,9809,Gasoline,3.2,178,Automatic,0,0,15,54,5.3,7.0,Black,Economy
CAR_01897,Mercedes,C-Class,2007,19483,25543,Electric,0.0,228,CVT,0,1,7,117,8.2,7.2,Black,Mid-Range
CAR_01898,Lexus,ES,2023,15270,41957,Gasoline,3.0,144,CVT,0,0,14,47,6.3,8.7,Gray,Premium
CAR_01899,Volkswagen,Tiguan,2013,128907,15504,Gasoline,3.8,223,Automatic,2,0,7,34,7.6,1.0,Orange,Economy
CAR_01900,Jaguar,F-TYPE,2025,77047,40497,Electric,0.0,222,Automatic,1,1,10,171,5.0,6.9,Silver,Premium
CAR_01901,Mazda,CX-5,2015,49227,16840,Diesel,2.1,89,Manual,1,0,4,60,4.6,7.2,Silver,Economy
CAR_01902,Volvo,XC60,2000,26079,3552,Gasoline,1.5,80,Automatic,1,0,4,77,7.5,8.0,Orange,Economy
CAR_01903,Lexus,ES,2011,13617,18340,Hybrid,2.7,144,Automatic,0,1,6,11,3.8,6.8,Silver,Mid-Range
CAR_01904,Jaguar,XE,2000,22876,4156,Diesel,3.1,199,CVT,2,0,9,15,7.2,8.0,Green,Economy
CAR_01905,Tesla,Model S,2002,110319,3173,Gasoline,3.2,167,Automatic,0,1,12,88,5.6,6.7,Orange,Economy
CAR_01906,Volvo,XC90,2013,28754,26775,Gasoline,4.3,227,Manual,1,0,7,98,4.0,7.5,Blue,Mid-Range
CAR_01907,Lexus,ES,2002,56235,3475,Diesel,1.7,118,Automatic,1,1,7,29,7.0,5.7,Blue,Economy
CAR_01908,Land Rover,Discovery,2006,18117,13560,Gasoline,1.1,80,Manual,0,0,15,2,0.0,7.8,Yellow,Economy
CAR_01909,Lexus,IS,2022,35808,38333,Gasoline,2.3,135,Automatic,0,0,11,9,7.9,8.9,Brown,Premium
CAR_01912,Audi,A6,2008,27554,19305,Gasoline,2.1,136,Automatic,3,1,15,208,4.4,8.6,Brown,Mid-Range
CAR_01913,Subaru,Ascent,2016,34144,19249,Diesel,3.5,206,Automatic,1,0,10,38,1.7,7.0,Yellow,Mid-Range
CAR_01914,Jeep,Wrangler,2016,44888,14915,Hybrid,4.1,237,Automatic,1,0,8,197,10.8,9.6,Black,Economy
CAR_01915,Volkswagen,Atlas,2005,34662,12149,Gasoline,3.6,221,Automatic,0,0,6,29,11.2,7.5,Silver,Economy
CAR_01917,Audi,A3,2017,18971,32380,Hybrid,2.2,93,Manual,0,0,4,7,9.2,9.3,Brown,Mid-Range
CAR_01918,Ford,Mustang,2007,93121,5138,Electric,3.5,193,Automatic,1,0,8,131,8.8,7.5,Brown,Economy
CAR_01919,Jeep,Renegade,2013,46279,13375,Gasoline,1.3,88,Automatic,1,0,9,141,6.0,6.1,Black,Economy
CAR_01920,Porsche,Macan,2001,30527,7982,Gasoline,2.2,89,Automatic,0,0,7,65,7.0,6.4,Green,Economy
CAR_01921,Subaru,Outback,2023,107754,15248,Diesel,1.8,135,Automatic,3,0,4,120,5.3,8.1,Gray,Economy
CAR_01922,Volvo,XC90,2000,96619,2000,Gasoline,2.1,120,Automatic,0,0,5,216,6.7,4.2,Orange,Economy
CAR_01923,BMW,X3,2019,56039,38734,Electric,2.4,463,Automatic,4,0,11,240,5.2,6.9,Green,Premium
CAR_01924,Porsche,Taycan,2020,131069,34509,Gasoline,1.0,80,Automatic,1,1,6,20,9.4,7.1,Orange,Mid-Range
CAR_01925,Jeep,Compass,2017,71578,19945,Diesel,1.6,119,Automatic,0,0,17,34,4.1,4.5,Orange,Mid-Range
CAR_01926,Lexus,GX,2016,26619,27215,Gasoline,2.5,95,CVT,1,0,6,33,6.6,7.9,Brown,Mid-Range
CAR_01927,Ford,Focus,2024,10804,22670,Gasoline,2.7,138,Automatic,1,0,11,98,7.7,5.9,Silver,Mid-Range
CAR_01928,Jeep,Renegade,2024,29800,23971,Electric,0.0,667,Automatic,0,0,8,160,4.2,4.3,Blue,Mid-Range
CAR_01929,Mercedes,E-Class,2025,22488,40384,Diesel,1.0,80,Manual,1,0,8,183,5.0,5.9,Blue,Premium
CAR_01930,Audi,A4,2005,15533,11314,Hybrid,2.0,144,Automatic,1,0,10,109,3.7,6.0,Green,Economy
CAR_01931,Chevrolet,Silverado,2000,41568,2000,Gasoline,2.5,127,Automatic,1,0,8,127,5.7,7.2,Orange,Economy
CAR_01932,Nissan,Altima,2002,37626,2000,Electric,0.0,362,Automatic,1,0,9,41,5.8,6.8,Red,Economy
CAR_01933,Volkswagen,Passat,2014,82782,11848,Gasoline,3.3,162,CVT,0,0,7,44,7.2,9.2,Blue,Economy
CAR_01934,Volvo,XC60,2016,1577,19863,Diesel,1.3,80,Manual,4,0,9,151,7.7,8.1,Brown,Mid-Range
CAR_01935,Volkswagen,Jetta,2023,12996,20244,Electric,0.0,216,Automatic,3,0,6,128,7.4,6.9,Blue,Mid-Range
CAR_01936,Volvo,XC40,2024,43964,30039,Electric,0.0,559,Automatic,1,0,7,102,5.1,7.8,Brown,Mid-Range
CAR_01937,Mercedes,GLC,2025,14480,44523,Gasoline,2.5,124,Automatic,3,0,7,69,6.0,7.8,Green,Premium
CAR_01938,Kia,Sportage,2019,5556,18212,Gasoline,1.8,92,Automatic,2,0,3,32,5.9,7.7,Blue,Mid-Range
CAR_01939,Porsche,Taycan,2016,58075,32388,Electric,0.0,525,Automatic,0,0,9,133,8.8,8.1,Red,Mid-Range
CAR_01940,Land Rover,Discovery,2005,68034,16417,Diesel,2.4,135,Automatic,1,0,9,109,7.4,5.4,Black,Economy
CAR_01941,Volvo,XC40,2004,52112,6396,Hybrid,2.8,170,Automatic,1,1,6,149,9.9,7.3,Yellow,Economy
CAR_01942,Kia,Sportage,2000,44512,4406,Gasoline,1.6,89,Manual,0,0,9,214,6.4,7.0,White,Economy
CAR_01943,Subaru,Forester,2005,15680,9807,Gasoline,2.6,130,Automatic,2,0,5,16,1.5,5.1,Red,Economy
CAR_01944,Subaru,Outback,2018,67744,19350,Gasoline,3.1,157,Manual,1,1,10,14,7.9,6.6,Brown,Mid-Range
CAR_01945,Honda,HR-V,2009,161760,8223,Diesel,3.5,208,Automatic,1,0,9,275,8.0,5.4,Red,Economy
CAR_01946,Chevrolet,Tahoe,2023,106493,19776,Diesel,2.7,130,Automatic,0,1,8,78,10.6,7.9,Gray,Mid-Range
CAR_01947,Hyundai,Tucson,2007,47213,9149,Electric,0.0,375,Automatic,1,0,7,26,4.3,6.0,Green,Economy
CAR_01948,Hyundai,Elantra,2010,30383,14198,Gasoline,1.0,80,Automatic,2,0,5,153,7.1,8.0,Brown,Economy
CAR_01949,Jeep,Renegade,2022,69254,24146,Diesel,3.2,180,Automatic,4,0,5,96,5.7,9.5,Yellow,Mid-Range
CAR_01950,Porsche,Macan,2019,57937,31151,Hybrid,2.4,103,Automatic,2,0,3,59,10.0,2.8,Black,Mid-Range
CAR_01951,Hyundai,Kona,2021,36421,18537,Electric,0.0,521,CVT,2,0,10,130,6.2,5.3,Orange,Mid-Range
CAR_01952,Volkswagen,Jetta,2023,59903,22808,Diesel,2.7,149,Automatic,0,0,5,57,5.2,5.5,Green,Mid-Range
CAR_01953,Jeep,Grand Cherokee,2000,2967,7304,Hybrid,2.3,112,Automatic,4,0,12,88,12.0,8.0,Orange,Economy
CAR_01954,Subaru,Impreza,2008,63433,7075,Gasoline,3.0,174,Automatic,3,0,10,0,7.3,6.7,White,Economy
CAR_01955,Volkswagen,Atlas,2004,83336,3826,Hybrid,2.8,163,Automatic,0,0,7,207,5.7,4.9,Blue,Economy
CAR_01956,Chevrolet,Camaro,2019,39197,23121,Gasoline,3.7,201,Automatic,1,0,10,147,4.9,5.2,Silver,Mid-Range
CAR_01957,Kia,Sportage,2015,41707,14078,Gasoline,3.2,201,Automatic,2,0,10,108,4.6,6.6,Brown,Economy
CAR_01958,Audi,Q7,2015,145536,18829,Electric,0.0,398,Automatic,1,0,11,19,5.6,5.9,Blue,Mid-Range
CAR_01959,BMW,X5,2017,37036,36572,Electric,0.0,153,CVT,3,1,7,72,7.4,9.3,White,Premium
CAR_01960,Volkswagen,Golf,2015,5599,13295,Diesel,1.6,80,Automatic,1,0,9,170,5.4,6.7,Brown,Economy
CAR_01961,Audi,A3,2023,31131,38861,Gasoline,1.5,80,Automatic,0,0,9,4,9.4,6.6,Black,Premium
CAR_01962,Volvo,V60,2025,77389,28846,Gasoline,1.6,105,CVT,1,0,7,1,8.2,7.3,Red,Mid-Range
CAR_01963,Hyundai,Kona,2012,8022,9417,Gasoline,3.0,162,Automatic,3,0,7,346,6.3,9.4,Brown,Economy
CAR_01964,Toyota,Tacoma,2010,141138,2308,Gasoline,2.6,126,Automatic,2,0,5,109,7.5,6.7,Blue,Economy
CAR_01965,Volkswagen,Tiguan,2024,31954,24592,Diesel,3.3,173,Manual,1,0,8,47,7.9,3.7,Orange,Mid-Range
CAR_01966,Mercedes,E-Class,2002,35454,4132,Gasoline,1.0,80,Automatic,2,0,9,36,9.2,7.4,Yellow,Economy
CAR_01967,Jaguar,XF,2010,48670,21922,Gasoline,3.2,143,Automatic,1,0,13,20,6.5,4.4,Yellow,Mid-Range
CAR_01968,Mercedes,GLE,2000,30743,10354,Gasoline,2.0,112,Automatic,2,0,5,64,1.1,4.6,Blue,Economy
CAR_01969,Porsche,911,2015,42247,32598,Electric,0.0,309,CVT,2,0,5,15,9.1,6.1,Red,Mid-Range
CAR_01970,Jeep,Compass,2004,71228,10387,Gasoline,1.2,80,Automatic,1,1,10,170,6.7,6.0,Blue,Economy
CAR_01971,Ford,Explorer,2003,41770,2000,Hybrid,3.3,187,Automatic,3,0,7,76,8.2,8.6,Silver,Economy
CAR_01972,Mazda,CX-30,2009,78972,13436,Gasoline,2.7,173,Manual,0,0,5,66,7.1,7.0,Brown,Economy
CAR_01973,Honda,Civic,2022,31747,20331,Diesel,2.1,120,Automatic,1,0,10,235,8.1,6.5,Brown,Mid-Range
CAR_01974,Tesla,Model S,2011,103812,18839,Hybrid,2.6,168,Automatic,5,1,11,72,6.0,6.9,White,Mid-Range
CAR_01975,Tesla,Model Y,2002,37970,9181,Hybrid,1.5,80,Automatic,1,0,3,20,6.4,5.7,Orange,Economy
CAR_01976,Jeep,Grand Cherokee,2006,31944,5770,Diesel,4.0,240,Automatic,2,0,6,182,6.8,7.9,Silver,Economy
CAR_01977,Ford,Escape,2021,41375,20934,Electric,0.0,788,Manual,2,1,9,133,5.8,8.4,Orange,Mid-Range
CAR_01978,Lexus,GX,2011,31600,20588,Gasoline,2.0,111,Automatic,2,1,8,458,5.7,6.7,Silver,Mid-Range
CAR_01979,Honda,Pilot,2016,59598,13171,Gasoline,2.2,117,Automatic,1,0,13,60,6.6,6.3,Orange,Economy
CAR_01980,Hyundai,Tucson,2001,25975,2792,Gasoline,2.1,107,CVT,1,1,16,179,8.2,7.8,Green,Economy
CAR_01981,Subaru,Impreza,2004,47026,10180,Gasoline,2.4,128,Automatic,2,0,6,255,7.3,10.0,Blue,Economy
CAR_01982,Volvo,V60,2010,54145,18049,Electric,0.0,486,Automatic,0,0,12,37,9.1,8.4,Green,Mid-Range
CAR_01983,Nissan,Rogue,2005,59842,4320,Gasoline,2.1,96,CVT,3,1,4,77,6.2,3.6,Blue,Economy
CAR_01984,Volkswagen,Tiguan,2017,14181,14795,Gasoline,3.2,197,Automatic,0,0,7,10,6.5,6.3,Blue,Economy
CAR_01985,Nissan,Rogue,2001,70710,2000,Gasoline,3.4,211,Automatic,0,0,11,23,4.6,9.2,Blue,Economy
CAR_01986,Toyota,RAV4,2002,8643,6157,Gasoline,2.4,100,Automatic,0,1,7,91,5.7,10.0,Yellow,Economy
CAR_01987,Jaguar,XE,2002,13890,8193,Electric,0.0,382,Automatic,0,1,4,158,10.9,6.5,Black,Economy
CAR_01988,BMW,7 Series,2024,15296,43853,Gasoline,3.1,171,Automatic,3,1,10,264,6.8,5.5,Gray,Premium
CAR_01989,Land Rover,Discovery,2017,37774,32195,Electric,0.0,486,Automatic,1,0,5,88,9.8,5.4,Orange,Mid-Range
CAR_01990,Jeep,Cherokee,2005,4940,9205,Electric,0.0,524,Automatic,1,0,8,99,3.1,9.2,Silver,Economy
CAR_01991,Mazda,CX-5,2013,36309,13006,Gasoline,2.1,116,Automatic,0,0,7,47,4.8,5.5,Silver,Economy
CAR_01992,Porsche,Panamera,2000,29909,9847,Gasoline,4.3,261,Automatic,2,0,7,0,3.9,8.2,Red,Economy
CAR_01993,Mercedes,GLE,2011,46979,18811,Hybrid,3.3,217,Manual,2,0,10,19,8.1,7.8,Blue,Mid-Range
CAR_01994,Subaru,Outback,2009,53965,15375,Diesel,3.5,200,Automatic,2,1,5,33,8.1,5.9,Green,Economy
CAR_01995,Tesla,Model X,2018,19959,22414,Gasoline,1.0,80,Manual,4,1,6,248,6.6,7.1,White,Mid-Range
CAR_01996,Porsche,Taycan,2006,52009,14782,Gasoline,1.4,82,Manual,0,0,7,91,3.3,6.1,Black,Economy
CAR_01997,Toyota,Corolla,2010,72942,8883,Diesel,2.4,135,CVT,3,1,15,3,7.8,8.6,Red,Economy
CAR_01998,Land Rover,Defender,2021,46955,34757,Diesel,3.4,209,Automatic,3,0,8,202,8.4,7.9,Orange,Mid-Range
CAR_01999,Lexus,IS,2021,98365,30420,Electric,0.0,350,Automatic,1,0,9,7,8.0,7.6,Orange,Mid-Range
CAR_02000,Toyota,Corolla,2023,49465,17100,Gasoline,1.3,80,Automatic,3,1,9,6,7.2,5.2,Black,Economy
CAR_02001,Land Rover,Evoque,2021,49761,33178,Gasoline,2.5,176,Automatic,0,0,10,62,7.9,5.8,Green,Mid-Range
CAR_02002,BMW,X3,2013,51550,24060,Gasoline,2.5,85,Automatic,0,0,9,1,7.8,5.9,Blue,Mid-Range
CAR_02003,Porsche,Macan,2017,57554,28690,Gasoline,3.4,184,Automatic,3,0,8,13,8.9,7.4,Yellow,Mid-Range
CAR_02004,Chevrolet,Malibu,2001,94698,8832,Diesel,3.0,163,Manual,0,0,9,53,3.7,8.2,Green,Economy
CAR_02005,Tesla,Cybertruck,2020,82995,21033,Gasoline,3.1,171,Manual,4,0,8,112,8.6,7.0,Blue,Mid-Range
CAR_02006,Porsche,911,2002,7558,13157,Hybrid,2.0,117,CVT,2,0,4,109,4.0,6.2,Gray,Economy
CAR_02007,Toyota,Corolla,2004,30699,7003,Gasoline,2.6,160,CVT,5,0,9,12,6.2,9.3,Gray,Economy
CAR_02008,BMW,X3,2015,36184,25260,Diesel,2.9,160,Automatic,0,1,11,442,6.9,6.6,Blue,Mid-Range
CAR_02009,Porsche,911,2004,28815,9211,Gasoline,1.2,147,Automatic,1,0,11,3,6.2,6.5,Red,Economy
CAR_02010,Honda,Accord,2004,40965,5471,Diesel,3.1,139,Automatic,1,1,8,46,8.5,8.0,Yellow,Economy
CAR_02011,Volkswagen,Passat,2000,81511,2000,Gasoline,1.0,80,Automatic,0,0,9,254,6.7,7.5,Gray,Economy
CAR_02012,Mercedes,S-Class,2011,15815,21625,Diesel,3.2,167,CVT,3,0,4,51,1.5,4.2,Green,Mid-Range
CAR_02013,Volkswagen,Passat,2020,27516,22028,Gasoline,3.0,153,Automatic,1,0,10,92,7.7,10.0,Red,Mid-Range
CAR_02014,Audi,Q5,2003,33895,9834,Gasoline,2.2,85,Automatic,2,0,9,77,5.7,10.0,White,Economy
CAR_02015,Honda,Pilot,2010,56250,11262,Gasoline,2.4,126,CVT,2,0,7,87,5.9,6.9,White,Economy
CAR_02016,Toyota,Camry,2011,41977,12001,Gasoline,1.6,82,Automatic,1,1,7,54,4.4,3.7,Red,Economy
CAR_02017,Subaru,Forester,2000,31683,2000,Gasoline,3.0,146,Manual,0,1,8,6,8.5,6.7,Brown,Economy
CAR_02018,Honda,Pilot,2022,131019,14031,Gasoline,3.1,158,Manual,1,0,7,22,6.9,7.1,White,Economy
CAR_02019,Hyundai,Tucson,2011,15933,15765,Gasoline,1.4,80,Automatic,0,0,6,34,5.6,7.6,Gray,Economy
CAR_02020,Volkswagen,Tiguan,2014,34110,18788,Gasoline,1.1,80,Automatic,1,0,5,55,12.0,5.7,Black,Mid-Range
CAR_02021,Kia,Sorento,2001,15206,6560,Gasoline,1.8,106,Automatic,2,0,7,175,6.1,6.5,Brown,Economy
CAR_02022,Audi,A3,2016,24218,24353,Hybrid,2.9,163,Manual,0,0,6,9,6.5,7.4,Orange,Mid-Range
CAR_02023,Land Rover,Evoque,2007,58994,21606,Gasoline,1.3,80,Automatic,3,0,7,47,4.7,8.8,Blue,Mid-Range
CAR_02025,Mercedes,C-Class,2010,121494,17877,Hybrid,1.7,108,Manual,3,0,7,121,7.7,8.8,Green,Economy
CAR_02026,Volkswagen,Passat,2013,7499,20580,Gasoline,2.3,130,Automatic,2,0,6,368,10.1,6.5,Black,Mid-Range
CAR_02027,Honda,Accord,2011,84778,11483,Electric,0.0,554,Automatic,2,0,4,15,6.2,7.8,White,Economy
CAR_02028,Chevrolet,Camaro,2008,20383,12859,Hybrid,1.9,107,Automatic,0,0,10,19,5.4,5.7,White,Economy
CAR_02029,Jaguar,I-PACE,2015,16564,36486,Gasoline,3.2,187,Automatic,2,0,7,49,5.4,6.8,Orange,Premium
CAR_02030,Lexus,NX,2013,47530,24142,Gasoline,2.6,143,Manual,1,0,5,1,3.1,9.9,Orange,Mid-Range
CAR_02031,Honda,Pilot,2002,37908,6977,Electric,0.0,290,CVT,3,0,7,8,6.1,7.4,Black,Economy
CAR_02032,Volvo,XC90,2012,41176,21598,Gasoline,3.0,164,Automatic,0,1,11,44,7.2,9.7,Silver,Mid-Range
CAR_02033,Volkswagen,Atlas,2008,45341,11663,Hybrid,2.5,129,Automatic,3,0,10,35,5.7,7.4,Green,Economy
CAR_02034,Ford,Escape,2020,98202,16018,Diesel,2.7,159,CVT,2,0,3,24,7.3,7.6,Blue,Economy
CAR_02035,Lexus,ES,2008,59821,15123,Gasoline,2.3,117,Automatic,0,0,9,65,10.4,9.2,Black,Economy
CAR_02036,Tesla,Model S,2023,37099,27397,Gasoline,2.2,163,Automatic,1,0,8,52,4.4,6.1,Blue,Mid-Range
CAR_02037,Chevrolet,Camaro,2002,27766,8550,Hybrid,2.0,132,Automatic,1,0,9,77,7.8,7.7,Silver,Economy
CAR_02038,Volkswagen,Jetta,2019,28791,16267,Diesel,2.5,112,Manual,1,0,10,256,4.8,5.1,Green,Economy
CAR_02039,BMW,X5,2010,59095,25251,Electric,0.0,626,Automatic,0,0,9,68,7.1,5.9,Silver,Mid-Range
CAR_02041,Subaru,Outback,2007,5947,14826,Gasoline,2.1,122,Automatic,3,0,8,70,7.7,6.0,Blue,Economy
CAR_02042,Lexus,GX,2008,63931,19324,Diesel,3.0,158,Automatic,0,0,8,4,8.8,5.3,Green,Mid-Range
CAR_02043,Chevrolet,Camaro,2020,38482,14311,Electric,0.0,321,Automatic,3,0,9,52,6.3,9.7,Yellow,Economy
CAR_02044,Jeep,Grand Cherokee,2013,55491,17706,Diesel,2.0,97,Automatic,4,0,5,32,8.6,5.0,Orange,Economy
CAR_02045,Porsche,Panamera,2013,17875,25763,Diesel,2.7,156,Automatic,1,0,10,44,7.1,7.1,Black,Mid-Range
CAR_02046,Ford,Focus,2019,35089,15698,Electric,0.0,339,Automatic,0,0,8,189,8.0,6.5,Silver,Economy
CAR_02047,Lexus,RX,2003,51263,13423,Gasoline,2.4,131,Automatic,2,0,4,68,7.4,7.3,Black,Economy
CAR_02048,Audi,A3,2025,54537,41179,Gasoline,2.1,96,Automatic,2,0,11,50,3.5,4.8,Blue,Premium
CAR_02049,Porsche,Cayenne,2003,12891,12673,Electric,0.0,247,Automatic,2,0,4,100,8.4,7.5,Green,Economy
CAR_02050,Toyota,Camry,2011,63722,15870,Gasoline,1.7,116,Manual,1,0,8,267,9.2,8.6,White,Economy
CAR_02051,Ford,Mustang,2008,41398,5206,Hybrid,1.6,80,Automatic,0,1,5,87,4.2,7.0,Red,Economy
CAR_02052,Ford,Focus,2021,51631,19276,Gasoline,2.6,122,Automatic,2,1,12,35,5.3,5.8,Green,Mid-Range
CAR_02053,Honda,Accord,2006,18155,8107,Diesel,3.4,226,Automatic,0,0,5,66,3.7,6.5,Silver,Economy
CAR_02054,Chevrolet,Tahoe,2007,8695,13277,Gasoline,3.4,184,Automatic,1,0,7,0,5.5,4.4,Green,Economy
CAR_02055,Hyundai,Kona,2002,26206,4389,Hybrid,2.6,120,Automatic,1,0,12,134,4.7,5.8,Red,Economy
CAR_02056,Volkswagen,Golf,2011,78096,10982,Diesel,2.4,156,Automatic,1,0,6,237,5.1,6.9,Brown,Economy
CAR_02057,Nissan,Maxima,2010,43258,4612,Diesel,3.1,137,Automatic,3,1,17,16,7.5,7.8,Blue,Economy
CAR_02058,Volkswagen,Tiguan,2025,27143,25515,Electric,0.0,220,Automatic,0,0,8,83,5.9,8.9,Green,Mid-Range
CAR_02059,Lexus,NX,2017,45182,32518,Gasoline,2.5,143,Automatic,2,0,4,317,3.6,7.5,Black,Mid-Range
CAR_02060,Kia,Sportage,2015,20356,14875,Electric,0.0,746,Automatic,2,0,9,1,6.1,5.0,Silver,Economy
CAR_02061,Toyota,RAV4,2021,47679,17008,Diesel,1.4,80,Automatic,1,0,9,126,6.4,10.0,Brown,Economy
CAR_02062,Hyundai,Kona,2009,16131,14252,Electric,0.0,532,Automatic,0,1,8,64,7.7,9.5,Silver,Economy
CAR_02063,Porsche,Taycan,2016,26774,34538,Hybrid,2.4,102,Automatic,0,0,7,28,9.5,7.5,Red,Mid-Range
CAR_02064,Jaguar,XF,2006,22378,18430,Hybrid,3.2,143,CVT,1,0,7,2,4.3,8.0,Orange,Mid-Range
CAR_02065,Tesla,Cybertruck,2002,80701,3771,Gasoline,2.0,135,Automatic,4,0,13,9,2.1,8.5,Green,Economy
CAR_02066,Subaru,Outback,2007,82674,2000,Gasoline,1.0,80,Automatic,2,1,4,17,11.7,5.9,White,Economy
CAR_02067,Kia,Forte,2019,30875,17243,Gasoline,3.6,192,Automatic,1,1,7,42,4.7,7.6,Orange,Economy
CAR_02068,Nissan,Rogue,2009,81945,8376,Gasoline,1.7,107,Automatic,2,0,7,10,7.4,6.6,Yellow,Economy
CAR_02069,Mercedes,E-Class,2014,65176,27999,Hybrid,2.1,113,Automatic,1,0,7,298,4.8,5.0,Blue,Mid-Range
CAR_02070,Mazda,CX-9,2021,37576,22143,Hybrid,2.1,128,CVT,1,0,11,178,4.8,3.9,Yellow,Mid-Range
CAR_02071,Volkswagen,Jetta,2016,104701,10821,Gasoline,3.3,182,Automatic,1,0,11,31,5.3,8.8,Gray,Economy
CAR_02072,Jaguar,I-PACE,2007,90182,14452,Gasoline,1.7,80,CVT,0,0,5,19,3.7,7.8,Blue,Economy
CAR_02073,Toyota,Tacoma,2007,24309,10072,Gasoline,2.5,141,Automatic,2,0,7,104,10.2,6.4,Yellow,Economy
CAR_02074,Toyota,Highlander,2014,84218,15149,Electric,0.0,657,CVT,1,0,10,75,4.5,7.4,Gray,Economy
CAR_02075,Jaguar,F-TYPE,2002,59924,11467,Gasoline,3.0,140,Automatic,2,0,3,71,8.3,6.9,White,Economy
CAR_02076,Subaru,Impreza,2016,108286,8004,Electric,3.2,188,Automatic,2,0,5,20,5.5,6.8,Yellow,Economy
CAR_02077,Toyota,Highlander,2013,75945,7736,Diesel,1.9,101,Manual,0,1,4,111,5.6,7.4,Yellow,Economy
CAR_02078,Nissan,Altima,2025,149688,21547,Diesel,2.9,152,Automatic,4,0,9,109,5.8,5.7,Red,Mid-Range
CAR_02079,Mazda,CX-9,2015,17422,19410,Gasoline,3.0,167,CVT,0,0,10,73,4.8,9.4,Green,Mid-Range
CAR_02080,Tesla,Model X,2024,37252,29650,Electric,0.0,637,Manual,5,1,9,27,8.0,8.2,Orange,Mid-Range
CAR_02081,Toyota,Highlander,2019,188192,9840,Hybrid,2.3,152,Automatic,2,0,3,1,7.9,6.1,Red,Economy
CAR_02082,Tesla,Model X,2009,39522,15706,Gasoline,1.2,80,Automatic,0,0,4,190,8.8,6.1,Silver,Economy
CAR_02083,Subaru,Impreza,2018,29647,16010,Gasoline,3.7,227,Automatic,1,0,8,17,7.7,9.6,Brown,Economy
CAR_02084,Porsche,Cayenne,2008,58265,19672,Gasoline,3.3,223,Automatic,2,0,10,15,5.8,4.6,Blue,Mid-Range
CAR_02085,Volkswagen,Tiguan,2000,39556,2000,Hybrid,3.3,170,Automatic,1,0,9,389,8.2,8.5,Black,Economy
CAR_02086,Volvo,XC40,2014,27411,22743,Diesel,1.9,124,Automatic,0,0,6,44,6.8,7.5,Gray,Mid-Range
CAR_02088,Volkswagen,Tiguan,2023,14706,20545,Gasoline,2.4,101,Automatic,2,0,5,0,8.0,8.6,Black,Mid-Range
CAR_02089,Ford,Focus,2011,19322,8953,Diesel,1.5,83,Automatic,0,0,6,26,8.7,8.3,Green,Economy
CAR_02090,Jeep,Compass,2007,79494,9068,Gasoline,3.4,171,Manual,3,0,9,83,7.1,4.9,White,Economy
CAR_02091,Jaguar,I-PACE,2009,92846,19395,Hybrid,3.1,190,Automatic,2,0,7,8,9.1,5.1,Orange,Mid-Range
CAR_02092,Mercedes,C-Class,2005,11326,21379,Gasoline,2.1,80,Automatic,0,0,7,8,7.4,7.1,Orange,Mid-Range
CAR_02093,Subaru,Ascent,2024,63169,23032,Gasoline,2.8,147,Automatic,0,0,7,204,5.9,5.0,Black,Mid-Range
CAR_02094,Nissan,Maxima,2025,11919,25585,Electric,0.0,641,Automatic,0,0,9,127,7.4,9.0,White,Mid-Range
CAR_02095,Mazda,CX-5,2008,90057,8432,Gasoline,2.8,127,Automatic,5,0,11,321,4.9,7.3,Green,Economy
CAR_02096,Land Rover,Defender,2004,78731,13105,Gasoline,2.3,112,Automatic,0,0,6,136,9.9,6.6,Blue,Economy
CAR_02097,Jeep,Cherokee,2018,80600,17625,Gasoline,1.5,83,Manual,2,0,3,14,8.9,4.7,Blue,Economy
CAR_02098,Hyundai,Sonata,2015,122530,8907,Gasoline,3.0,140,Automatic,1,0,7,8,5.9,7.2,Red,Economy
CAR_02099,Volvo,S60,2008,44850,9006,Gasoline,1.7,80,Automatic,2,0,9,0,5.3,6.8,Yellow,Economy
CAR_02100,Lexus,RX,2001,16399,5713,Diesel,2.2,115,Automatic,4,0,5,12,7.8,9.3,Red,Economy
CAR_02101,Toyota,RAV4,2007,22556,12167,Diesel,2.2,156,Automatic,3,0,8,213,5.1,7.5,Brown,Economy
CAR_02102,Audi,A4,2025,40836,44675,Gasoline,3.2,194,Automatic,1,0,4,26,2.8,8.0,Orange,Premium
CAR_02103,Land Rover,Range Rover,2002,13862,14942,Gasoline,3.1,150,Automatic,2,0,7,268,4.9,7.6,Orange,Economy
CAR_02104,Jeep,Compass,2012,26669,15675,Diesel,2.4,129,Automatic,1,0,4,74,8.1,7.5,Yellow,Economy
CAR_02105,BMW,3 Series,2020,59852,34924,Gasoline,2.8,137,Automatic,0,1,12,203,5.1,8.6,Yellow,Mid-Range
CAR_02107,Jeep,Wrangler,2023,54642,24356,Gasoline,2.6,140,Automatic,2,0,10,160,5.0,7.2,Silver,Mid-Range
CAR_02108,Toyota,RAV4,2009,89092,7545,Electric,0.0,643,Automatic,2,0,4,75,4.0,7.1,Red,Economy
CAR_02109,Jeep,Compass,2015,25331,13443,Gasoline,2.8,143,CVT,3,0,4,45,9.3,6.5,Silver,Economy
CAR_02110,Land Rover,Defender,2007,15316,19920,Diesel,2.6,163,Automatic,2,0,8,56,6.4,7.6,Black,Mid-Range
CAR_02111,Toyota,Highlander,2000,129406,2000,Diesel,3.0,135,Automatic,0,1,6,1,6.2,8.4,Red,Economy
CAR_02112,Porsche,911,2014,40683,30878,Electric,0.0,391,Manual,4,0,9,251,9.5,9.7,Gray,Mid-Range
CAR_02113,Chevrolet,Equinox,2006,17763,11279,Diesel,1.7,130,Automatic,0,0,17,44,5.4,8.1,Green,Economy
CAR_02114,Kia,Sportage,2023,32389,22101,Hybrid,2.2,107,Automatic,0,0,7,356,5.9,6.4,Black,Mid-Range
CAR_02116,Honda,CR-V,2008,63632,10792,Hybrid,3.3,172,Automatic,2,0,10,23,7.0,8.3,Gray,Economy
CAR_02117,Tesla,Cybertruck,2017,79006,30389,Gasoline,1.0,101,CVT,3,0,9,15,1.7,6.5,Red,Mid-Range
CAR_02118,Jeep,Renegade,2000,85326,2000,Gasoline,3.7,202,Automatic,4,0,5,14,9.5,7.5,Blue,Economy
CAR_02119,BMW,7 Series,2025,117296,39886,Gasoline,3.0,147,CVT,0,1,8,77,7.1,5.2,Green,Premium
CAR_02120,BMW,5 Series,2002,57153,5267,Diesel,3.1,204,CVT,0,1,8,58,4.7,7.4,Black,Economy
CAR_02121,Volkswagen,Atlas,2017,98957,10905,Diesel,1.7,114,Automatic,3,1,6,62,5.4,5.1,Red,Economy
CAR_02122,Subaru,Crosstrek,2007,24668,9482,Electric,0.0,352,Automatic,1,0,15,303,5.5,6.2,Brown,Economy
CAR_02123,Jaguar,XE,2014,45590,27130,Gasoline,2.8,147,Automatic,2,0,14,120,7.8,6.3,Gray,Mid-Range
CAR_02124,Ford,Escape,2024,9361,25776,Gasoline,3.8,217,Automatic,1,0,12,42,5.1,6.1,Brown,Mid-Range
CAR_02125,Mazda,CX-5,2016,36739,8563,Diesel,2.7,152,Automatic,2,1,4,51,6.6,7.4,Silver,Economy
CAR_02126,Subaru,Impreza,2014,32704,17558,Gasoline,3.4,158,Automatic,2,0,5,26,6.3,5.2,Gray,Economy
CAR_02127,Audi,Q5,2003,3082,10994,Gasoline,3.3,158,Automatic,0,0,9,9,6.3,7.2,Red,Economy
CAR_02128,Kia,Optima,2024,55852,23562,Hybrid,2.4,112,Automatic,3,0,9,15,4.4,9.0,Blue,Mid-Range
CAR_02129,Ford,Mustang,2002,157522,2000,Gasoline,3.1,163,Automatic,1,0,6,15,6.2,6.7,Black,Economy
CAR_02130,Chevrolet,Camaro,2008,51407,11183,Gasoline,2.1,132,Automatic,0,0,7,161,6.4,8.5,Black,Economy
CAR_02131,Jaguar,F-TYPE,2012,75388,24975,Gasoline,3.2,192,Manual,2,0,7,3,8.8,7.8,Silver,Mid-Range
CAR_02132,Land Rover,Evoque,2000,87232,2000,Diesel,3.4,183,CVT,2,0,11,435,5.3,6.1,Brown,Economy
CAR_02133,Tesla,Model X,2021,45894,26752,Electric,0.0,487,Automatic,3,1,9,78,9.8,7.6,Silver,Mid-Range
CAR_02134,Chevrolet,Camaro,2016,5554,20357,Gasoline,3.9,227,Manual,3,0,7,217,5.7,4.0,Orange,Mid-Range
CAR_02135,Ford,Focus,2019,102671,10099,Gasoline,1.9,83,Automatic,2,0,8,4,7.7,9.8,White,Economy
CAR_02136,Nissan,Maxima,2014,41415,15600,Hybrid,2.8,146,Automatic,0,0,8,192,7.5,7.2,Red,Economy
CAR_02137,Lexus,GX,2002,15044,8585,Gasoline,2.5,135,Manual,1,0,6,111,7.6,4.7,Silver,Economy
CAR_02138,Nissan,Altima,2014,102998,7474,Gasoline,2.9,163,Automatic,1,0,7,52,6.5,10.0,Red,Economy
CAR_02139,BMW,3 Series,2007,102248,15584,Hybrid,2.6,158,Automatic,0,0,6,108,8.1,6.9,Orange,Economy
CAR_02140,Chevrolet,Tahoe,2014,5307,15795,Gasoline,1.5,141,Automatic,1,0,9,39,4.0,5.9,White,Economy
CAR_02141,Jeep,Compass,2002,14751,3708,Gasoline,2.7,182,Automatic,0,0,7,17,4.5,6.7,Black,Economy
CAR_02142,Mazda,CX-9,2022,42159,16403,Hybrid,2.6,112,Automatic,4,0,10,0,8.6,5.8,Gray,Economy
CAR_02143,Jaguar,F-PACE,2000,11331,7363,Gasoline,1.8,80,Automatic,0,0,6,166,7.7,7.6,Silver,Economy
CAR_02144,Mercedes,S-Class,2000,6651,15222,Diesel,2.2,186,Automatic,0,1,8,76,6.1,7.1,Silver,Economy
CAR_02145,Jeep,Compass,2025,83579,17457,Gasoline,2.3,136,Automatic,1,0,9,82,4.9,7.2,Green,Economy
CAR_02146,Subaru,Crosstrek,2008,13903,3470,Gasoline,2.9,158,Automatic,2,0,10,68,4.1,4.8,Red,Economy
CAR_02147,BMW,X5,2005,36690,10104,Diesel,2.0,103,Automatic,2,0,7,8,6.7,5.5,Orange,Economy
CAR_02148,Jeep,Compass,2008,21710,6127,Gasoline,1.2,87,Automatic,0,0,10,346,8.1,6.0,Orange,Economy
CAR_02149,Jaguar,F-PACE,2014,42393,25256,Gasoline,3.7,185,Automatic,1,0,9,130,5.3,9.4,Red,Mid-Range
CAR_02150,Jeep,Renegade,2000,183656,2000,Gasoline,2.2,157,Automatic,1,0,13,165,7.8,7.4,Yellow,Economy
CAR_02151,Volkswagen,Atlas,2005,40623,11408,Diesel,3.4,170,Automatic,1,0,7,112,6.4,8.0,Silver,Economy
CAR_02152,Porsche,911,2025,91858,34491,Gasoline,1.4,84,Automatic,1,0,9,260,6.5,7.3,Yellow,Mid-Range
CAR_02153,Kia,Optima,2001,94978,2000,Electric,0.0,209,CVT,0,1,7,53,9.8,5.2,Blue,Economy
CAR_02154,Tesla,Model S,2008,48803,11220,Gasoline,2.9,136,Automatic,1,0,3,68,5.3,8.4,Red,Economy
CAR_02155,Jeep,Renegade,2012,13783,18219,Hybrid,2.3,135,Automatic,1,1,9,138,5.5,7.6,Green,Mid-Range
CAR_02156,Chevrolet,Equinox,2019,8754,20797,Diesel,3.1,167,Automatic,3,0,9,109,5.9,7.6,Gray,Mid-Range
CAR_02157,Toyota,Highlander,2025,51078,19764,Gasoline,1.6,80,Automatic,4,0,7,133,7.0,5.3,Red,Mid-Range
CAR_02158,Nissan,Sentra,2008,77082,6696,Gasoline,2.2,92,Automatic,3,0,7,27,3.7,7.2,Blue,Economy
CAR_02159,Kia,Sorento,2015,76482,17452,Gasoline,2.4,146,Manual,4,0,6,23,7.0,8.3,Red,Economy
CAR_02160,Chevrolet,Silverado,2009,5434,10764,Gasoline,2.0,97,Automatic,0,0,11,92,5.2,5.7,Black,Economy
CAR_02161,Volkswagen,Jetta,2005,68450,5842,Gasoline,2.1,90,Automatic,1,0,4,138,8.2,7.5,Black,Economy
CAR_02162,Volkswagen,Jetta,2005,54037,5665,Gasoline,2.5,126,CVT,1,0,3,62,7.6,6.2,Silver,Economy
CAR_02163,Porsche,Cayenne,2005,69718,10329,Gasoline,2.3,91,Automatic,0,0,11,4,5.9,6.2,White,Economy
CAR_02164,Porsche,Taycan,2016,120502,24148,Diesel,4.3,240,CVT,1,0,7,258,2.8,7.9,White,Mid-Range
CAR_02165,Land Rover,Defender,2008,72523,19270,Diesel,2.0,102,Automatic,1,0,10,210,6.2,9.4,Orange,Mid-Range
CAR_02166,Ford,Mustang,2006,20875,8692,Gasoline,2.8,152,Automatic,3,1,7,12,5.5,9.2,Yellow,Economy
CAR_02167,Porsche,Macan,2013,2702,27787,Diesel,2.0,118,Automatic,2,0,8,109,7.8,9.7,Black,Mid-Range
CAR_02168,Ford,Explorer,2022,128656,10620,Diesel,3.4,190,Automatic,3,0,12,42,7.4,9.6,Blue,Economy
CAR_02169,Lexus,RX,2006,21911,14117,Hybrid,2.7,131,Automatic,1,0,10,140,8.2,6.9,White,Economy
CAR_02170,Ford,F-150,2002,17806,2000,Hybrid,1.9,84,Automatic,1,0,10,88,8.0,5.7,Orange,Economy
CAR_02171,Jeep,Grand Cherokee,2015,28334,22662,Gasoline,2.1,121,Automatic,2,0,6,36,10.4,4.9,Silver,Mid-Range
CAR_02172,Subaru,Ascent,2018,18507,15838,Gasoline,1.2,80,Automatic,1,1,5,18,4.1,7.9,Silver,Economy
CAR_02173,Volvo,XC60,2020,70814,23510,Electric,0.0,702,Automatic,5,1,7,5,7.9,6.7,Green,Mid-Range
CAR_02174,Hyundai,Santa Fe,2005,43061,2825,Gasoline,3.0,148,Automatic,2,0,11,1,7.5,7.1,Red,Economy
CAR_02175,Volkswagen,Jetta,2015,86094,6427,Electric,0.0,478,Automatic,1,0,5,125,5.6,8.4,Yellow,Economy
CAR_02176,Chevrolet,Malibu,2019,18787,22378,Diesel,1.9,101,Manual,1,1,8,21,8.9,4.9,Green,Mid-Range
CAR_02177,Subaru,Forester,2002,15185,15925,Gasoline,4.2,192,Automatic,1,1,7,49,6.5,9.1,Red,Economy
CAR_02178,Audi,A4,2016,150788,24530,Electric,0.0,218,Automatic,1,0,5,69,8.3,8.4,Brown,Mid-Range
CAR_02179,Mercedes,GLE,2001,40977,7864,Gasoline,1.9,124,Automatic,1,0,14,243,4.4,5.4,Silver,Economy
CAR_02180,Jaguar,F-TYPE,2005,68696,15021,Gasoline,2.9,176,Automatic,4,1,8,243,2.3,3.9,Orange,Economy
CAR_02181,Hyundai,Kona,2021,4547,21821,Diesel,1.1,144,Automatic,1,0,9,41,7.5,8.8,Blue,Mid-Range
CAR_02182,Tesla,Model X,2007,73476,15518,Electric,0.0,664,CVT,2,0,5,56,9.1,3.0,Black,Economy
CAR_02183,Mercedes,E-Class,2019,21969,32652,Electric,0.0,586,Automatic,1,0,5,167,7.8,5.5,White,Mid-Range
CAR_02184,Jaguar,XE,2003,22995,16346,Diesel,2.9,136,Automatic,3,0,10,128,10.8,6.8,Red,Economy
CAR_02185,Subaru,Crosstrek,2003,142611,2000,Diesel,3.7,210,Automatic,3,0,0,205,3.7,4.3,Blue,Economy
CAR_02186,Hyundai,Elantra,2023,73518,18799,Hybrid,1.1,80,Manual,1,0,2,125,6.0,5.8,Yellow,Mid-Range
CAR_02187,Volkswagen,Golf,2014,27012,18872,Electric,0.0,615,Automatic,1,0,12,10,4.4,8.2,Gray,Mid-Range
CAR_02188,Mazda,CX-9,2016,10443,18434,Hybrid,3.0,174,Automatic,0,0,11,50,9.5,6.9,Silver,Mid-Range
CAR_02189,Lexus,ES,2023,37697,40699,Gasoline,4.4,231,Automatic,1,0,13,27,7.8,5.1,Black,Premium
CAR_02190,Honda,HR-V,2006,19965,8202,Gasoline,3.0,144,Automatic,1,0,7,65,6.3,6.2,Brown,Economy
CAR_02191,Jeep,Compass,2011,44316,15205,Diesel,4.0,242,Automatic,0,0,7,7,6.1,8.6,Black,Economy
CAR_02192,Land Rover,Defender,2018,40879,36189,Gasoline,1.0,80,Automatic,3,0,6,188,3.7,5.7,White,Premium
CAR_02193,Volkswagen,Jetta,2014,41813,19957,Gasoline,1.9,105,Automatic,1,0,8,17,11.2,6.3,White,Mid-Range
CAR_02194,Tesla,Model X,2020,14105,33154,Hybrid,3.4,180,Automatic,3,1,4,77,6.9,8.5,Blue,Mid-Range
CAR_02195,Ford,Escape,2005,21346,4258,Hybrid,2.0,89,Automatic,1,0,3,327,7.2,4.3,Silver,Economy
CAR_02196,Lexus,RX,2009,42441,19109,Diesel,2.7,125,Automatic,4,0,9,20,5.9,6.5,Silver,Mid-Range
CAR_02197,Land Rover,Defender,2018,45310,31992,Electric,0.0,739,Automatic,2,0,8,273,7.9,9.1,White,Mid-Range
CAR_02198,Tesla,Model 3,2018,35559,31775,Gasoline,2.1,115,Automatic,5,0,9,22,10.8,6.1,Orange,Mid-Range
CAR_02199,Volvo,V60,2002,41847,2915,Gasoline,1.6,111,Automatic,0,0,8,4,8.3,7.3,Silver,Economy
CAR_02200,Subaru,Forester,2006,15936,7371,Gasoline,3.3,204,Automatic,1,0,5,194,5.2,6.6,Yellow,Economy
CAR_02201,Mercedes,GLC,2013,36202,27322,Diesel,3.1,161,Automatic,1,1,8,10,6.2,7.9,Blue,Mid-Range
CAR_02202,BMW,7 Series,2020,15723,43034,Electric,0.0,639,Automatic,0,0,7,5,4.5,4.3,Black,Premium
CAR_02203,Nissan,Pathfinder,2001,78096,3173,Gasoline,2.1,148,Automatic,3,0,4,52,9.5,9.8,Silver,Economy
CAR_02204,Lexus,NX,2019,7225,32847,Gasoline,1.7,80,Automatic,3,0,4,12,3.5,7.5,Silver,Mid-Range
CAR_02205,Land Rover,Range Rover,2018,38422,34501,Hybrid,1.8,80,Automatic,2,0,14,41,3.4,6.4,Black,Mid-Range
CAR_02206,Jaguar,F-PACE,2021,70592,34309,Hybrid,1.6,87,Automatic,1,0,4,2,7.5,10.0,Yellow,Mid-Range
CAR_02207,Lexus,GX,2003,7163,15869,Hybrid,3.2,166,Manual,0,1,10,153,1.9,4.2,Silver,Economy
CAR_02208,Ford,F-150,2005,59436,7605,Electric,0.0,333,Automatic,4,0,3,105,8.0,8.7,Orange,Economy
CAR_02210,BMW,5 Series,2001,47303,4380,Gasoline,2.3,122,Automatic,2,1,8,32,9.8,10.0,Yellow,Economy
CAR_02211,Mazda,CX-9,2014,108857,8127,Hybrid,2.0,135,CVT,4,0,1,219,7.0,6.0,Brown,Economy
CAR_02212,Jaguar,F-PACE,2000,34140,9626,Gasoline,1.2,103,Automatic,1,0,12,103,6.4,4.4,Red,Economy
CAR_02213,Volvo,XC60,2024,148902,23481,Gasoline,2.4,118,Manual,0,1,10,4,6.2,5.9,Yellow,Mid-Range
CAR_02214,Kia,Sportage,2012,38191,15133,Hybrid,3.5,194,CVT,0,1,9,41,8.1,4.3,Red,Economy
CAR_02215,Jaguar,XE,2002,26797,9523,Diesel,3.7,160,CVT,2,0,10,80,8.4,6.9,Red,Economy
CAR_02216,Mazda,Mazda3,2000,47432,3305,Gasoline,2.2,130,Automatic,1,0,11,331,7.3,4.5,Black,Economy
CAR_02217,Subaru,Outback,2000,51620,6207,Electric,0.0,222,Automatic,0,0,6,394,6.2,10.0,Red,Economy
CAR_02218,Ford,Escape,2010,55123,11622,Gasoline,1.0,80,Automatic,1,0,9,37,5.5,7.8,Yellow,Economy
CAR_02219,Jaguar,I-PACE,2015,81367,22704,Gasoline,2.8,156,Automatic,0,0,5,232,9.5,7.3,Yellow,Mid-Range
CAR_02220,Porsche,911,2016,82491,20256,Gasoline,1.9,121,CVT,2,0,13,30,4.4,5.0,Red,Mid-Range
CAR_02221,Volkswagen,Jetta,2015,28805,9890,Hybrid,2.8,159,Automatic,3,0,8,53,7.0,4.8,Black,Economy
CAR_02222,Porsche,Cayenne,2020,88229,34748,Electric,0.0,396,Automatic,1,0,8,88,4.6,5.3,Brown,Mid-Range
CAR_02223,Audi,Q5,2011,11265,26278,Gasoline,4.4,243,CVT,2,0,11,66,8.2,8.2,Silver,Mid-Range
CAR_02224,Lexus,ES,2000,16211,14765,Hybrid,2.3,111,CVT,3,0,10,106,9.3,6.7,Gray,Economy
CAR_02225,Land Rover,Defender,2025,90694,40060,Electric,0.0,278,Automatic,4,0,9,50,7.3,4.9,Green,Premium
CAR_02226,Mazda,CX-5,2019,24754,22838,Electric,0.0,749,Automatic,1,0,6,120,8.4,7.4,Brown,Mid-Range
CAR_02227,Honda,CR-V,2019,55819,17765,Gasoline,3.6,150,Automatic,2,0,9,100,7.9,5.6,Blue,Economy
CAR_02228,Subaru,Outback,2002,25785,13823,Hybrid,1.5,80,CVT,3,0,11,35,6.6,6.6,Green,Economy
CAR_02229,Chevrolet,Malibu,2017,80914,20757,Gasoline,2.3,123,Automatic,0,0,12,128,7.6,7.2,Green,Mid-Range
CAR_02230,Porsche,Panamera,2008,38908,19294,Gasoline,2.7,131,Automatic,1,1,10,100,3.4,8.5,White,Mid-Range
CAR_02232,BMW,7 Series,2012,22533,24995,Gasoline,2.5,137,Automatic,2,0,9,62,7.2,5.9,Silver,Mid-Range
CAR_02233,Audi,A3,2023,13386,43548,Electric,0.0,149,Automatic,1,0,10,79,3.7,8.6,Brown,Premium
CAR_02234,Volkswagen,Tiguan,2003,53743,2000,Electric,0.0,712,Manual,2,0,9,7,8.1,6.8,Yellow,Economy
CAR_02235,Hyundai,Tucson,2023,16984,20716,Electric,0.0,724,CVT,1,0,9,47,1.2,9.9,Blue,Mid-Range
CAR_02236,Tesla,Model S,2005,58318,12697,Gasoline,1.2,89,Manual,3,0,10,69,9.2,5.2,Silver,Economy
CAR_02237,Volkswagen,Jetta,2013,81574,6822,Gasoline,2.9,146,Automatic,1,0,5,95,6.7,7.3,Blue,Economy
CAR_02238,Mercedes,S-Class,2021,20447,32130,Gasoline,3.4,212,Automatic,1,1,5,79,3.8,6.5,Green,Mid-Range
CAR_02239,Volvo,XC40,2010,58199,13326,Electric,0.0,273,Automatic,0,1,7,84,7.1,7.8,Yellow,Economy
CAR_02240,Honda,Accord,2008,13581,8578,Gasoline,2.1,111,Automatic,4,0,4,10,3.6,7.9,Gray,Economy
CAR_02241,Chevrolet,Equinox,2014,102559,14347,Gasoline,1.8,92,Automatic,1,0,4,42,8.5,6.5,Silver,Economy
CAR_02242,Jaguar,F-PACE,2020,24662,34946,Gasoline,2.5,145,Automatic,2,0,9,86,8.3,8.8,Red,Mid-Range
CAR_02243,Jeep,Wrangler,2003,45560,6085,Gasoline,2.6,156,Automatic,0,1,8,19,12.0,8.2,Blue,Economy
CAR_02244,Jaguar,I-PACE,2014,81775,23943,Hybrid,2.1,124,CVT,1,0,4,26,7.7,4.8,Black,Mid-Range
CAR_02245,Chevrolet,Equinox,2024,70648,21465,Hybrid,2.3,165,CVT,0,0,6,55,7.0,3.2,Orange,Mid-Range
CAR_02246,Lexus,RX,2004,22499,11772,Hybrid,2.3,147,Manual,1,1,3,6,3.8,6.1,Orange,Economy
CAR_02247,Mazda,CX-9,2006,8666,11789,Gasoline,3.9,226,Automatic,4,0,5,186,6.4,9.5,Silver,Economy
CAR_02248,Audi,A6,2025,64469,43255,Diesel,4.3,235,Automatic,3,0,1,22,8.7,6.9,Orange,Premium
CAR_02249,Audi,A6,2007,33575,23940,Gasoline,3.0,191,Automatic,1,0,8,53,5.8,6.5,Gray,Mid-Range
CAR_02250,Jeep,Wrangler,2002,28745,10185,Gasoline,2.5,107,Automatic,2,1,9,78,7.3,9.0,Red,Economy
CAR_02251,Volkswagen,Jetta,2014,16360,11901,Hybrid,2.5,143,Automatic,1,0,6,56,6.9,9.5,Green,Economy
CAR_02252,Toyota,Highlander,2016,77941,16816,Hybrid,2.8,149,Automatic,2,0,9,221,2.5,7.6,Green,Economy
CAR_02253,Land Rover,Defender,2010,8613,23091,Gasoline,2.8,132,Manual,1,0,12,89,3.5,7.3,Gray,Mid-Range
CAR_02254,Subaru,Impreza,2025,128705,14501,Electric,0.0,479,Automatic,1,1,10,36,12.0,6.9,Yellow,Economy
CAR_02255,Chevrolet,Equinox,2021,18509,22361,Gasoline,1.6,87,Automatic,0,0,10,129,8.6,8.1,Silver,Mid-Range
CAR_02256,Porsche,Cayenne,2016,33895,33462,Gasoline,2.8,153,Automatic,0,0,13,77,6.3,8.3,Black,Mid-Range
CAR_02257,Land Rover,Discovery,2023,22185,39405,Electric,0.0,360,Automatic,3,0,7,96,6.2,4.9,Gray,Premium
CAR_02258,Hyundai,Tucson,2002,133642,2000,Diesel,2.9,155,CVT,2,0,5,110,10.1,5.7,Orange,Economy
CAR_02259,Ford,Mustang,2012,70065,16778,Gasoline,1.0,80,Automatic,2,0,6,107,6.8,7.9,Black,Economy
CAR_02260,Jeep,Cherokee,2007,114384,2000,Diesel,1.7,92,Manual,0,0,7,52,4.9,8.7,Blue,Economy
CAR_02261,Mazda,Mazda3,2000,55094,2000,Gasoline,2.2,144,Automatic,2,0,13,202,1.2,5.8,Orange,Economy
CAR_02262,Kia,Sorento,2017,41580,15565,Gasoline,3.5,208,Automatic,2,0,10,172,8.2,6.2,Blue,Economy
CAR_02263,Ford,Mustang,2022,120931,15744,Electric,0.0,605,Automatic,1,1,13,91,5.7,9.8,Green,Economy
CAR_02264,Toyota,Camry,2011,13888,13402,Diesel,2.2,136,Automatic,0,0,5,101,7.8,7.8,Red,Economy
CAR_02265,Kia,Telluride,2004,52619,8578,Gasoline,3.1,170,Automatic,0,0,6,13,5.7,6.7,Black,Economy
CAR_02266,Kia,Optima,2025,43058,23630,Gasoline,2.7,173,Automatic,0,0,9,109,11.1,6.5,Gray,Mid-Range
CAR_02267,Subaru,Impreza,2004,25222,7847,Gasoline,2.3,162,Automatic,3,0,6,25,7.8,6.5,Orange,Economy
CAR_02268,Honda,CR-V,2024,48830,20920,Electric,0.0,727,Automatic,1,0,9,12,8.3,7.1,Green,Mid-Range
CAR_02269,Hyundai,Santa Fe,2009,132975,5878,Hybrid,3.1,187,Automatic,1,0,7,70,4.8,6.5,Red,Economy
CAR_02270,BMW,7 Series,2020,17410,41370,Gasoline,3.8,252,Automatic,2,1,4,64,7.9,7.4,Silver,Premium
CAR_02271,Nissan,Sentra,2013,94726,5825,Gasoline,3.2,189,Automatic,1,1,9,61,5.6,6.9,Blue,Economy
CAR_02272,Chevrolet,Malibu,2008,43230,11788,Gasoline,2.4,135,Automatic,4,0,10,71,3.8,5.6,White,Economy
CAR_02273,Jeep,Wrangler,2016,106888,14636,Gasoline,3.1,178,Automatic,2,1,10,10,6.4,7.6,Brown,Economy
CAR_02274,Lexus,NX,2011,71676,23169,Gasoline,2.3,96,Automatic,0,0,9,110,12.0,6.8,Red,Mid-Range
CAR_02275,Honda,CR-V,2000,33043,7117,Diesel,4.0,220,Automatic,0,1,3,10,7.0,5.5,Gray,Economy
CAR_02276,Tesla,Model X,2001,8157,10158,Gasoline,1.5,114,Automatic,1,0,10,487,7.5,7.4,Yellow,Economy
CAR_02277,Subaru,Outback,2008,1836,9290,Gasoline,3.2,196,Automatic,0,0,7,123,6.8,9.4,Silver,Economy
CAR_02278,Hyundai,Kona,2005,38400,7250,Gasoline,5.8,319,Manual,0,0,8,183,9.0,7.9,Yellow,Economy
CAR_02279,Chevrolet,Camaro,2022,77337,18377,Gasoline,2.9,145,CVT,0,0,4,86,10.0,5.2,Black,Mid-Range
CAR_02280,Volkswagen,Jetta,2000,42527,3802,Hybrid,3.4,197,Automatic,0,0,12,1,7.7,10.0,Gray,Economy
CAR_02281,Audi,A4,2023,161180,29935,Electric,0.0,597,Automatic,1,0,9,3,6.4,9.6,Blue,Mid-Range
CAR_02282,Lexus,ES,2002,19269,10040,Gasoline,2.1,112,Manual,0,1,7,62,4.2,5.5,Black,Economy
CAR_02283,Mazda,CX-5,2007,68646,8778,Diesel,3.7,177,Automatic,1,0,12,42,11.9,6.4,Orange,Economy
CAR_02284,Hyundai,Sonata,2012,39590,10371,Electric,0.0,211,Automatic,1,1,7,39,2.0,8.4,Orange,Economy
CAR_02285,Toyota,Tacoma,2011,3461,12092,Gasoline,2.6,107,Automatic,2,1,5,8,2.9,5.7,Yellow,Economy
CAR_02286,Jaguar,I-PACE,2003,27020,13832,Hybrid,2.4,151,Automatic,1,0,9,55,7.5,4.4,Orange,Economy
CAR_02287,Lexus,NX,2005,29939,13417,Diesel,4.2,232,Automatic,4,0,9,125,8.6,6.7,Blue,Economy
CAR_02288,Subaru,Outback,2017,47906,12527,Electric,0.0,517,Automatic,1,0,8,12,2.2,8.6,Gray,Economy
CAR_02289,Mazda,CX-5,2006,44958,8283,Electric,0.0,696,Automatic,1,0,10,28,6.2,8.9,Brown,Economy
CAR_02290,Porsche,Cayenne,2019,19048,33827,Electric,0.0,703,Automatic,2,0,4,11,6.4,7.4,Red,Mid-Range
CAR_02291,Ford,F-150,2021,75915,18621,Hybrid,3.7,211,Automatic,1,0,9,76,6.0,7.3,Gray,Mid-Range
CAR_02292,Hyundai,Sonata,2020,36414,20572,Gasoline,3.3,156,Automatic,1,0,5,30,6.5,6.3,Orange,Mid-Range
CAR_02293,Subaru,Impreza,2015,5690,15215,Gasoline,3.9,193,CVT,4,0,8,94,10.3,7.3,White,Economy
CAR_02294,Volkswagen,Atlas,2021,25209,21613,Gasoline,2.8,170,Automatic,0,0,9,1,2.3,6.6,Yellow,Mid-Range
CAR_02295,Mercedes,GLE,2025,161210,37673,Gasoline,2.2,205,Manual,2,1,11,17,5.5,8.2,Orange,Premium
CAR_02296,Nissan,Rogue,2009,35574,10764,Diesel,2.5,107,Automatic,2,1,6,132,6.5,4.9,Black,Economy
CAR_02297,Toyota,Corolla,2023,61222,23744,Gasoline,2.2,112,Automatic,1,0,11,158,2.6,7.1,Green,Mid-Range
CAR_02298,Hyundai,Sonata,2023,42735,22069,Gasoline,1.6,80,Manual,2,0,9,38,4.7,7.0,White,Mid-Range
CAR_02299,Mazda,Mazda3,2016,83598,8851,Gasoline,2.0,101,Automatic,0,0,9,136,4.4,6.4,Silver,Economy
CAR_02300,Hyundai,Santa Fe,2010,3280,11402,Gasoline,1.0,80,Automatic,0,1,4,132,6.5,6.5,Blue,Economy
CAR_02301,Kia,Optima,2015,34717,11865,Gasoline,2.6,128,Automatic,3,0,11,53,1.6,7.0,Gray,Economy
CAR_02302,BMW,7 Series,2006,19926,21762,Gasoline,1.6,87,Automatic,1,1,4,226,7.0,8.9,Red,Mid-Range
CAR_02303,Hyundai,Sonata,2016,49909,14920,Diesel,1.7,80,Manual,0,1,7,85,7.0,7.7,Orange,Economy
CAR_02304,Lexus,ES,2011,26488,23143,Gasoline,3.0,199,Automatic,1,0,5,23,5.5,4.1,Red,Mid-Range
CAR_02305,Tesla,Cybertruck,2014,38393,21022,Gasoline,3.0,144,Automatic,4,1,3,110,5.6,8.7,Green,Mid-Range
CAR_02306,Volkswagen,Tiguan,2014,38062,19208,Gasoline,1.0,80,Automatic,2,0,8,78,3.0,8.7,Black,Mid-Range
CAR_02307,Land Rover,Evoque,2019,56131,31870,Gasoline,3.0,159,Automatic,1,0,9,4,4.8,5.9,Gray,Mid-Range
CAR_02308,Toyota,Tacoma,2015,67845,11025,Electric,0.0,762,Automatic,2,0,0,63,5.3,6.1,Gray,Economy
CAR_02309,Lexus,ES,2009,13979,27088,Electric,0.0,235,Automatic,0,0,7,71,7.4,6.8,Black,Mid-Range
CAR_02310,Volkswagen,Passat,2022,43120,26159,Gasoline,1.5,81,Automatic,0,0,12,100,7.2,5.4,Black,Mid-Range
CAR_02311,Mercedes,GLC,2000,26014,6237,Gasoline,3.7,191,Automatic,2,0,6,175,7.0,8.2,Blue,Economy
CAR_02312,Lexus,RX,2015,54036,27264,Hybrid,1.9,97,Automatic,1,0,5,82,7.3,5.5,Yellow,Mid-Range
CAR_02313,Porsche,Taycan,2008,54237,18628,Electric,0.0,393,Automatic,4,0,14,13,9.1,7.6,Red,Mid-Range
CAR_02314,Mercedes,GLC,2000,43414,9986,Hybrid,2.1,106,Automatic,2,0,4,62,7.2,3.6,Brown,Economy
CAR_02315,Tesla,Model S,2011,26828,17035,Diesel,1.2,80,Automatic,2,0,5,15,7.2,5.7,White,Economy
CAR_02316,Lexus,NX,2001,54932,13612,Hybrid,1.7,110,Automatic,2,0,7,186,6.1,9.0,Silver,Economy
CAR_02317,Volvo,XC40,2017,62372,21675,Gasoline,2.1,141,Automatic,4,0,7,133,3.2,9.7,Yellow,Mid-Range
CAR_02318,Mercedes,GLC,2014,8350,29942,Hybrid,2.3,102,CVT,1,0,8,42,5.6,4.7,Green,Mid-Range
CAR_02319,Lexus,IS,2012,48788,29530,Hybrid,3.3,196,Manual,3,0,10,210,3.4,9.9,Green,Mid-Range
CAR_02320,Ford,Escape,2021,14660,20898,Gasoline,2.2,128,Automatic,1,0,5,65,8.0,3.7,Orange,Mid-Range
CAR_02322,Volkswagen,Passat,2001,8881,3422,Gasoline,3.6,225,Manual,0,0,14,21,7.8,7.8,Yellow,Economy
CAR_02323,BMW,X5,2003,41199,8239,Gasoline,2.5,141,Automatic,0,1,6,5,6.9,6.4,Brown,Economy
CAR_02324,Nissan,Maxima,2019,9793,18973,Gasoline,2.3,131,CVT,1,0,8,27,6.3,4.4,Gray,Mid-Range
CAR_02325,Jaguar,XE,2013,149640,20772,Gasoline,1.8,94,Automatic,0,1,10,107,4.2,7.8,Blue,Mid-Range
CAR_02326,Mercedes,S-Class,2018,70713,31345,Gasoline,2.2,129,CVT,3,0,9,245,6.9,7.5,Gray,Mid-Range
CAR_02327,Lexus,ES,2000,110928,2000,Gasoline,3.9,224,Automatic,1,0,9,245,7.7,6.9,Gray,Economy
CAR_02328,Mazda,CX-30,2014,93533,10582,Electric,0.0,238,Manual,0,0,3,179,6.7,9.8,Blue,Economy
CAR_02329,Honda,HR-V,2000,50208,2000,Gasoline,1.4,87,CVT,2,0,11,23,7.5,8.1,Black,Economy
CAR_02330,Land Rover,Evoque,2009,89424,9891,Diesel,2.8,107,Manual,0,0,10,163,7.4,8.8,Red,Economy
CAR_02331,Audi,Q5,2010,91144,18559,Gasoline,1.5,80,CVT,3,1,11,42,4.2,5.0,Silver,Mid-Range
CAR_02332,Mazda,Mazda3,2024,72395,24726,Electric,0.0,567,Manual,3,0,9,33,5.3,8.7,Orange,Mid-Range
CAR_02333,Audi,A4,2017,88543,30868,Gasoline,2.3,80,CVT,0,0,7,4,6.2,5.7,Brown,Mid-Range
CAR_02334,Subaru,Crosstrek,2010,67986,6696,Gasoline,2.3,130,Manual,1,0,6,93,8.8,8.1,Silver,Economy
CAR_02335,Jeep,Cherokee,2017,59032,16818,Diesel,4.0,237,Automatic,1,1,5,14,7.8,6.1,Blue,Economy
CAR_02336,Tesla,Cybertruck,2009,69574,11190,Diesel,3.9,208,Automatic,1,0,5,84,6.9,9.7,Red,Economy
CAR_02337,Lexus,ES,2007,39898,14166,Gasoline,3.7,194,Manual,0,0,15,191,6.2,6.2,Gray,Economy
CAR_02338,Honda,Civic,2017,25197,14083,Gasoline,1.7,146,CVT,0,1,5,189,6.7,5.1,Green,Economy
CAR_02339,Nissan,Pathfinder,2001,69135,5839,Gasoline,2.0,126,Automatic,1,0,8,94,8.2,6.5,Silver,Economy
CAR_02340,Mercedes,S-Class,2001,80348,4373,Hybrid,1.6,105,Automatic,3,0,15,62,8.0,7.2,Green,Economy
CAR_02341,Jeep,Renegade,2003,30908,7528,Diesel,3.1,165,Manual,1,0,7,8,8.6,6.7,Orange,Economy
CAR_02342,Land Rover,Velar,2020,43124,33474,Hybrid,1.8,112,Manual,1,0,2,123,4.6,7.1,Silver,Mid-Range
CAR_02343,Subaru,Crosstrek,2003,82638,2705,Electric,0.0,236,Automatic,0,0,10,77,7.1,6.4,Yellow,Economy
CAR_02344,Tesla,Model 3,2025,44913,31453,Gasoline,2.1,134,Automatic,3,1,8,261,8.6,7.8,Silver,Mid-Range
CAR_02345,Tesla,Model 3,2014,55270,17171,Hybrid,3.5,192,Automatic,1,0,9,90,7.0,6.8,White,Economy
CAR_02346,Land Rover,Evoque,2025,19138,49136,Electric,0.0,741,Automatic,1,0,8,71,6.4,5.0,Red,Premium
CAR_02347,Audi,A6,2001,43844,7244,Hybrid,2.9,164,Automatic,2,0,3,47,5.6,8.6,Black,Economy
CAR_02348,Hyundai,Sonata,2013,132506,14853,Gasoline,3.9,232,Manual,1,0,8,29,6.7,4.6,Black,Economy
CAR_02349,Ford,Focus,2020,32461,22625,Electric,0.0,399,Automatic,1,0,11,6,4.5,4.2,White,Mid-Range
CAR_02350,Land Rover,Evoque,2015,52349,25725,Gasoline,1.0,80,Automatic,2,0,12,97,0.0,7.2,White,Mid-Range
CAR_02351,Tesla,Model X,2020,59855,27271,Gasoline,1.3,80,CVT,0,0,12,95,10.7,8.7,Orange,Mid-Range
CAR_02352,Toyota,Highlander,2006,22667,7862,Diesel,3.0,171,Automatic,1,0,10,13,4.6,6.2,Green,Economy
CAR_02354,Volvo,XC60,2005,47184,15316,Gasoline,3.1,187,Automatic,1,0,10,279,7.3,6.8,Silver,Economy
CAR_02355,Tesla,Model S,2003,4534,6898,Hybrid,1.9,120,Manual,2,0,9,69,7.7,4.8,Green,Economy
CAR_02356,Hyundai,Elantra,2003,6036,5735,Gasoline,1.5,80,Manual,1,0,7,22,5.6,3.7,Gray,Economy
CAR_02357,Volvo,V60,2010,32473,16611,Hybrid,2.2,153,Automatic,1,0,8,224,4.9,5.2,White,Economy
CAR_02358,Jeep,Grand Cherokee,2013,11752,23933,Hybrid,1.7,121,CVT,0,0,6,19,5.1,6.3,Red,Mid-Range
CAR_02359,Jaguar,F-PACE,2017,49543,31294,Gasoline,2.3,150,Automatic,2,0,5,82,9.2,6.1,Green,Mid-Range
CAR_02360,Mazda,Mazda6,2013,146090,10360,Electric,0.0,624,Automatic,2,0,7,404,6.7,8.0,Red,Economy
CAR_02361,Porsche,Panamera,2024,13217,47191,Gasoline,2.3,115,CVT,2,0,7,66,11.2,10.0,Blue,Premium
CAR_02362,Subaru,Outback,2013,20791,13729,Electric,0.0,745,CVT,2,0,6,196,1.6,7.7,White,Economy
CAR_02363,Subaru,Impreza,2020,138042,9136,Hybrid,3.0,125,Automatic,1,0,9,98,8.2,7.1,Brown,Economy
CAR_02364,Volkswagen,Tiguan,2001,31225,5329,Gasoline,3.3,180,Automatic,0,1,8,26,6.7,5.7,Red,Economy
CAR_02365,Nissan,Rogue,2019,51201,18551,Hybrid,3.4,156,Automatic,0,0,10,3,8.4,8.4,Red,Mid-Range
CAR_02366,Hyundai,Santa Fe,2010,80720,8599,Gasoline,2.1,95,CVT,1,0,6,18,3.9,6.1,Black,Economy
CAR_02367,Kia,Sorento,2012,9874,14358,Gasoline,2.4,119,Automatic,2,0,12,160,10.0,5.1,Brown,Economy
CAR_02368,Volkswagen,Tiguan,2018,122932,12896,Gasoline,2.0,101,Automatic,0,0,10,34,7.9,6.1,Red,Economy
CAR_02369,Toyota,RAV4,2003,49231,2000,Gasoline,1.7,132,Automatic,2,0,11,53,6.4,6.9,Orange,Economy
CAR_02370,Porsche,Macan,2001,130226,2000,Gasoline,2.3,169,Automatic,2,0,6,3,7.0,8.2,Brown,Economy
CAR_02371,Mazda,Mazda3,2014,115535,15234,Electric,0.0,427,CVT,3,0,3,3,8.8,5.2,Black,Economy
CAR_02372,Mercedes,S-Class,2006,79627,13273,Diesel,2.2,80,Automatic,1,0,7,9,4.6,6.8,Brown,Economy
CAR_02373,Volvo,XC90,2018,91779,26373,Diesel,3.1,141,Automatic,1,0,8,11,7.0,3.6,Black,Mid-Range
CAR_02374,BMW,5 Series,2002,17114,13135,Electric,0.0,387,Automatic,1,0,11,199,3.7,6.9,Red,Economy
CAR_02375,Land Rover,Range Rover,2010,27655,21921,Diesel,2.4,143,Automatic,3,1,9,48,10.2,5.0,Red,Mid-Range
CAR_02376,BMW,X5,2024,74081,38451,Gasoline,2.6,153,Automatic,1,0,7,10,6.0,6.4,Black,Premium
CAR_02377,Tesla,Model Y,2015,11997,22510,Gasoline,1.2,80,Automatic,1,0,9,24,6.5,6.8,Gray,Mid-Range
CAR_02378,Chevrolet,Tahoe,2014,80927,7559,Gasoline,3.4,196,Automatic,4,0,5,63,2.7,10.0,Orange,Economy
CAR_02379,Land Rover,Evoque,2021,42906,40268,Diesel,2.9,127,Automatic,0,0,13,27,8.0,10.0,Blue,Premium
CAR_02380,Lexus,ES,2006,39472,16252,Diesel,2.2,91,Automatic,1,0,14,145,6.8,8.2,Red,Economy
CAR_02381,Ford,Escape,2020,72212,19444,Diesel,2.8,142,Automatic,1,0,16,32,5.8,6.4,Blue,Mid-Range
CAR_02382,Honda,Pilot,2008,81480,7213,Hybrid,2.9,152,Automatic,2,0,5,39,7.2,5.7,Brown,Economy
CAR_02383,Kia,Sorento,2022,18571,16323,Electric,0.0,596,Automatic,0,0,7,66,6.0,7.5,Yellow,Economy
CAR_02384,Mercedes,GLE,2009,9128,20650,Gasoline,2.1,80,Automatic,3,0,8,60,4.6,7.1,Blue,Mid-Range
CAR_02385,Volvo,XC90,2004,40736,5683,Hybrid,3.6,211,Automatic,0,0,4,91,5.0,7.1,Silver,Economy
CAR_02386,Subaru,Crosstrek,2007,27684,5900,Gasoline,3.0,139,CVT,1,0,8,20,7.5,7.8,Gray,Economy
CAR_02387,Mazda,CX-30,2025,45012,23349,Gasoline,3.1,167,Automatic,0,1,8,87,7.8,7.3,White,Mid-Range
CAR_02388,Volkswagen,Tiguan,2019,6046,19538,Gasoline,2.5,171,Automatic,0,0,14,255,8.2,7.4,Black,Mid-Range
CAR_02389,Porsche,Macan,2017,37651,32565,Diesel,1.8,96,Automatic,1,0,7,4,8.3,5.9,Red,Mid-Range
CAR_02390,Ford,Escape,2006,54219,6574,Diesel,1.8,82,Manual,2,0,9,94,7.5,6.8,White,Economy
CAR_02391,Honda,Pilot,2005,23151,14266,Gasoline,3.3,184,Automatic,2,0,8,26,5.7,6.3,Blue,Economy
CAR_02392,Mercedes,GLC,2014,103119,24050,Gasoline,2.2,121,Automatic,0,0,10,34,2.9,7.3,Gray,Mid-Range
CAR_02393,Tesla,Model S,2023,102261,29918,Electric,0.0,280,Automatic,1,0,7,53,8.4,8.7,White,Mid-Range
CAR_02394,Porsche,Taycan,2018,15476,35536,Hybrid,1.6,102,Automatic,3,0,9,91,3.3,8.1,Orange,Premium
CAR_02395,Tesla,Model 3,2019,80741,17569,Gasoline,3.8,201,Automatic,1,0,10,57,6.9,9.4,White,Economy
CAR_02396,Subaru,Crosstrek,2014,13514,12137,Electric,0.0,204,Automatic,0,0,12,164,6.2,5.4,Orange,Economy
CAR_02397,Mercedes,C-Class,2024,63167,37768,Gasoline,2.6,116,Automatic,2,0,6,23,2.7,6.3,Red,Premium
CAR_02398,Subaru,Ascent,2001,117111,2746,Gasoline,2.6,157,Automatic,0,0,8,176,7.2,7.9,Black,Economy
CAR_02399,Volvo,XC90,2015,6828,24714,Gasoline,3.4,185,Automatic,1,0,11,157,4.6,6.9,Brown,Mid-Range
CAR_02400,Honda,CR-V,2017,28662,16947,Gasoline,2.9,144,Automatic,1,0,4,126,7.5,6.3,Green,Economy
CAR_02401,Volkswagen,Atlas,2005,15362,7199,Hybrid,3.7,201,Automatic,1,1,10,215,1.6,7.2,Red,Economy
CAR_02402,Ford,Mustang,2001,62394,2000,Hybrid,1.4,80,CVT,1,0,8,35,9.0,6.6,Brown,Economy
CAR_02403,Lexus,IS,2008,189761,9825,Gasoline,1.8,109,Automatic,0,0,8,6,4.8,9.1,Orange,Economy
CAR_02404,Toyota,Highlander,2012,21059,18566,Hybrid,2.8,141,Automatic,2,0,8,55,5.9,8.1,Red,Mid-Range
CAR_02406,Subaru,Crosstrek,2009,12623,13985,Electric,0.0,306,Manual,0,0,6,49,5.4,7.8,White,Economy
CAR_02407,Land Rover,Discovery,2005,58458,7701,Diesel,2.3,146,Automatic,2,0,5,28,7.3,6.3,Orange,Economy
CAR_02408,Mazda,Mazda3,2004,55218,4282,Gasoline,2.2,180,Automatic,0,0,2,93,2.8,6.7,Yellow,Economy
CAR_02409,Audi,Q7,2025,68679,37533,Hybrid,2.6,130,Manual,1,0,5,175,8.0,4.2,Gray,Premium
CAR_02410,Mercedes,C-Class,2015,59315,24393,Diesel,3.0,174,Automatic,1,1,11,244,7.3,6.5,Brown,Mid-Range
CAR_02411,Jeep,Renegade,2003,72226,2961,Diesel,2.5,118,CVT,1,0,7,112,5.2,6.0,Yellow,Economy
CAR_02412,Toyota,Camry,2016,47158,13259,Gasoline,2.0,83,Automatic,1,0,12,28,7.2,7.5,Yellow,Economy
CAR_02413,Land Rover,Defender,2008,39644,15851,Gasoline,3.3,141,Automatic,1,0,9,10,5.7,3.4,Green,Economy
CAR_02414,Tesla,Model X,2018,52059,24801,Hybrid,2.7,132,Automatic,2,0,5,26,4.2,6.1,Blue,Mid-Range
CAR_02415,Subaru,Outback,2012,55076,10858,Gasoline,2.9,128,Automatic,1,0,8,207,5.3,10.0,Yellow,Economy
CAR_02416,Audi,Q5,2004,78485,10735,Diesel,1.9,105,Automatic,3,0,10,4,6.3,7.6,Black,Economy
CAR_02417,Jaguar,XF,2016,98259,26468,Hybrid,3.7,191,Manual,0,0,4,37,5.6,9.5,Black,Mid-Range
CAR_02418,BMW,X3,2016,47248,27327,Gasoline,2.7,169,Manual,1,0,3,15,7.8,6.2,Silver,Mid-Range
CAR_02419,Land Rover,Discovery,2002,23867,14180,Electric,0.0,276,Manual,2,0,4,35,6.3,6.6,Black,Economy
CAR_02420,Mercedes,GLC,2007,8994,17107,Electric,0.0,797,Automatic,0,1,7,117,10.1,8.1,Orange,Economy
CAR_02421,Volkswagen,Jetta,2004,40080,5428,Diesel,2.6,157,Automatic,0,0,11,87,8.1,5.4,White,Economy
CAR_02422,Nissan,Sentra,2019,28728,21618,Diesel,1.4,80,Automatic,1,1,2,26,8.5,6.7,Brown,Mid-Range
CAR_02423,Porsche,Panamera,2000,46561,7134,Gasoline,3.0,183,Automatic,3,0,9,8,10.5,7.5,Orange,Economy
CAR_02424,Hyundai,Santa Fe,2015,24492,19527,Hybrid,2.0,155,Manual,4,0,6,112,6.3,8.8,Blue,Mid-Range
CAR_02425,Honda,Accord,2007,84681,7200,Gasoline,1.7,98,CVT,0,1,2,44,5.0,6.4,Green,Economy
CAR_02426,Chevrolet,Tahoe,2001,65091,2000,Gasoline,3.7,172,Automatic,3,0,12,8,7.9,7.9,Silver,Economy
CAR_02427,Volvo,XC90,2000,13915,6791,Hybrid,2.3,138,Automatic,1,0,12,56,7.1,7.2,White,Economy
CAR_02428,Volvo,XC60,2020,39155,33444,Hybrid,1.5,86,Automatic,0,1,9,31,9.6,8.0,Brown,Mid-Range
CAR_02429,Jeep,Wrangler,2020,60637,19157,Diesel,3.3,177,Automatic,1,1,14,25,3.4,4.9,Blue,Mid-Range
CAR_02430,Volvo,XC90,2023,43728,28194,Hybrid,3.1,174,Automatic,3,0,8,22,4.7,8.1,Green,Mid-Range
CAR_02431,BMW,5 Series,2022,84354,38050,Gasoline,3.1,165,Automatic,2,0,8,52,7.0,9.8,Silver,Premium
CAR_02432,Mercedes,GLE,2020,62693,33851,Electric,0.0,353,Automatic,0,0,7,38,6.9,6.0,Blue,Mid-Range
CAR_02433,Hyundai,Sonata,2008,108418,7234,Gasoline,2.3,127,Automatic,1,0,5,53,7.5,7.5,Orange,Economy
CAR_02434,BMW,7 Series,2013,67813,24006,Gasoline,2.3,89,Automatic,4,0,4,115,6.8,4.8,Brown,Mid-Range
CAR_02435,Volkswagen,Golf,2014,167232,13187,Gasoline,1.8,107,Automatic,0,0,11,27,5.9,6.3,Black,Economy
CAR_02436,Chevrolet,Malibu,2012,23381,17960,Gasoline,2.7,132,Automatic,1,1,8,5,8.1,7.4,Green,Economy
CAR_02437,Honda,Pilot,2018,73803,11992,Diesel,1.5,80,Manual,1,0,6,76,4.7,9.8,Green,Economy
CAR_02438,Honda,CR-V,2001,29460,2396,Gasoline,2.9,127,Automatic,1,0,7,3,5.2,5.0,Red,Economy
CAR_02439,Hyundai,Elantra,2004,31572,12401,Hybrid,3.2,175,Automatic,0,0,7,130,5.0,7.1,White,Economy
CAR_02440,Subaru,Impreza,2021,54577,20648,Gasoline,3.1,184,Automatic,2,0,4,4,5.5,9.5,Brown,Mid-Range
CAR_02441,Subaru,Crosstrek,2006,43434,2000,Gasoline,2.5,119,Automatic,2,1,6,0,5.0,10.0,Silver,Economy
CAR_02442,Kia,Sorento,2015,58693,11018,Electric,0.0,361,CVT,1,0,8,43,6.3,5.6,Green,Economy
CAR_02443,BMW,5 Series,2018,4329,32684,Diesel,2.8,145,Automatic,5,0,10,4,7.9,9.5,Gray,Mid-Range
CAR_02444,BMW,7 Series,2006,30633,11666,Gasoline,2.0,133,Automatic,2,0,9,14,8.9,6.4,Black,Economy
CAR_02445,Land Rover,Range Rover,2018,23248,32518,Electric,0.0,581,Automatic,3,0,10,49,5.0,4.5,Orange,Mid-Range
CAR_02446,Chevrolet,Equinox,2025,61089,26039,Gasoline,2.1,156,Automatic,2,0,8,87,8.5,6.8,Brown,Mid-Range
CAR_02447,Mercedes,GLC,2013,69935,23455,Gasoline,2.0,111,Automatic,1,0,7,18,0.7,7.2,Yellow,Mid-Range
CAR_02448,Volvo,XC60,2025,35656,26559,Gasoline,3.0,181,Automatic,2,0,3,38,4.2,7.2,Gray,Mid-Range
CAR_02449,Lexus,NX,2020,50589,35316,Electric,0.0,461,Automatic,1,0,9,221,6.6,8.5,Black,Premium
CAR_02450,Mazda,CX-9,2012,46653,12463,Electric,0.0,382,Automatic,1,0,12,69,2.9,5.7,Silver,Economy
CAR_02451,Porsche,911,2012,22397,24002,Gasoline,2.2,114,Automatic,1,0,6,313,4.2,8.1,Gray,Mid-Range
CAR_02452,Mazda,CX-30,2001,156952,2000,Gasoline,2.9,165,Automatic,2,0,7,14,4.4,10.0,Orange,Economy
CAR_02453,Jeep,Compass,2002,40436,2354,Hybrid,2.7,119,Manual,0,0,3,387,6.3,8.4,Brown,Economy
CAR_02455,Nissan,Sentra,2021,14603,19751,Hybrid,2.2,105,Manual,1,0,2,23,6.7,5.8,Red,Mid-Range
CAR_02456,Volvo,S60,2023,32813,30882,Gasoline,1.6,106,Automatic,0,0,14,104,5.0,9.3,Black,Mid-Range
CAR_02457,Porsche,Panamera,2013,44796,25151,Diesel,2.1,111,CVT,1,0,9,24,5.9,8.9,Silver,Mid-Range
CAR_02458,Lexus,NX,2019,109605,30959,Gasoline,3.2,162,CVT,0,0,5,41,7.1,5.1,Blue,Mid-Range
CAR_02459,Mercedes,C-Class,2025,91345,43139,Gasoline,2.1,136,Automatic,0,0,5,14,4.7,9.2,Silver,Premium
CAR_02460,Honda,CR-V,2022,75881,24775,Diesel,1.7,80,Automatic,0,0,7,80,7.8,8.5,Orange,Mid-Range
CAR_02461,Honda,Pilot,2009,60739,14439,Hybrid,4.7,242,CVT,2,0,5,116,5.7,6.7,Silver,Economy
CAR_02462,Hyundai,Tucson,2022,76972,18717,Diesel,1.7,88,Automatic,1,0,11,146,6.8,8.0,Brown,Mid-Range
CAR_02463,Chevrolet,Malibu,2010,5715,14463,Gasoline,2.7,147,Automatic,2,0,7,110,5.9,7.1,Green,Economy
CAR_02464,Jeep,Compass,2001,63440,4860,Diesel,2.2,117,Automatic,1,0,4,9,5.6,8.7,Black,Economy
CAR_02465,Tesla,Cybertruck,2010,32098,18858,Gasoline,2.1,113,Automatic,3,1,16,20,12.0,8.0,Black,Mid-Range
CAR_02466,Chevrolet,Tahoe,2014,75760,16791,Gasoline,2.5,131,Automatic,1,0,8,9,9.2,5.1,Orange,Economy
CAR_02467,Nissan,Maxima,2004,51915,8385,Gasoline,1.5,105,Automatic,1,0,6,71,7.6,9.7,Blue,Economy
CAR_02468,Mazda,Mazda3,2019,77315,21450,Diesel,3.4,153,Automatic,1,0,12,67,8.0,9.4,Black,Mid-Range
CAR_02469,Honda,CR-V,2018,77156,16291,Gasoline,5.0,276,Automatic,5,0,6,13,9.0,8.4,Silver,Economy
CAR_02470,Ford,F-150,2009,14723,10476,Gasoline,1.9,90,CVT,5,0,6,38,3.7,5.0,Green,Economy
CAR_02471,Lexus,GX,2010,29386,24444,Gasoline,2.9,170,Automatic,2,1,3,261,4.9,6.4,Red,Mid-Range
CAR_02472,Mazda,Mazda3,2005,67436,8961,Gasoline,1.6,97,Manual,0,1,5,324,7.1,6.8,Yellow,Economy
CAR_02473,Jeep,Grand Cherokee,2005,29551,5219,Hybrid,3.7,210,Automatic,3,0,6,11,6.0,10.0,White,Economy
CAR_02474,Porsche,Macan,2002,78538,2568,Gasoline,2.7,164,Manual,3,0,12,184,11.3,8.0,Silver,Economy
CAR_02475,Lexus,RX,2000,75823,8839,Hybrid,1.9,95,Automatic,1,0,5,20,7.7,6.5,White,Economy
CAR_02476,Volvo,XC60,2015,50820,21376,Gasoline,3.9,233,Automatic,3,0,9,14,6.6,5.4,Silver,Mid-Range
CAR_02477,Honda,Accord,2000,4416,6541,Electric,0.0,443,Automatic,2,0,7,163,7.0,8.7,Green,Economy
CAR_02478,Tesla,Cybertruck,2011,21976,16270,Gasoline,1.8,80,Automatic,1,0,12,72,5.5,6.5,Green,Economy
CAR_02479,Ford,Focus,2022,22220,17109,Gasoline,2.9,159,Automatic,0,0,10,58,5.2,6.2,Brown,Economy
CAR_02480,Subaru,Forester,2007,65973,8942,Gasoline,1.5,88,Automatic,2,1,7,44,2.6,7.2,Red,Economy
CAR_02481,Volvo,V60,2023,27182,36114,Gasoline,3.5,219,Automatic,2,1,16,155,9.5,4.7,Green,Premium
CAR_02482,Tesla,Model S,2015,40468,18322,Gasoline,1.0,80,Automatic,1,0,12,256,6.7,6.6,Red,Mid-Range
CAR_02483,Ford,Focus,2015,18111,16041,Electric,0.0,321,CVT,2,0,7,29,9.6,6.2,Yellow,Economy
CAR_02484,Volvo,XC90,2001,52908,8040,Gasoline,3.7,169,Automatic,0,0,6,279,6.8,8.5,White,Economy
CAR_02485,Toyota,Tacoma,2018,76186,11303,Hybrid,2.4,152,Automatic,0,0,13,110,6.3,5.6,Black,Economy
CAR_02487,Toyota,Corolla,2013,46876,14757,Gasoline,4.3,230,Automatic,3,1,6,18,6.6,6.1,Black,Economy
CAR_02488,Tesla,Model Y,2005,123900,6228,Gasoline,1.5,80,CVT,1,0,6,18,5.0,7.7,Green,Economy
CAR_02489,Volvo,XC40,2000,36089,6332,Electric,0.0,630,CVT,2,1,10,134,3.7,5.3,Gray,Economy
CAR_02490,Subaru,Outback,2008,30194,7169,Hybrid,1.5,80,Manual,1,0,8,25,8.5,8.0,Black,Economy
CAR_02491,Hyundai,Tucson,2007,65053,11827,Hybrid,1.4,80,Automatic,0,0,10,164,5.5,6.9,Silver,Economy
CAR_02492,Hyundai,Sonata,2023,8474,21991,Hybrid,3.7,222,Automatic,0,0,8,54,5.0,6.8,Silver,Mid-Range
CAR_02493,Volkswagen,Tiguan,2019,32754,19509,Gasoline,2.4,113,Automatic,2,0,7,140,5.2,4.2,Brown,Mid-Range
CAR_02494,Porsche,Panamera,2016,38889,27966,Gasoline,3.4,128,Automatic,1,0,6,61,7.2,8.9,Green,Mid-Range
CAR_02495,Tesla,Model 3,2012,24071,19456,Diesel,1.3,80,Automatic,3,1,9,126,7.5,7.9,Blue,Mid-Range
CAR_02496,Volvo,XC90,2022,49832,33711,Gasoline,2.3,104,Automatic,3,1,7,114,4.8,5.8,Black,Mid-Range
CAR_02497,Porsche,911,2008,39470,11351,Electric,0.0,567,Automatic,1,0,10,62,7.3,7.4,Gray,Economy
CAR_02498,Jeep,Compass,2004,18281,7762,Gasoline,1.5,98,Automatic,2,1,11,131,5.1,7.2,Orange,Economy
CAR_02499,Mercedes,GLC,2004,34572,13810,Gasoline,1.7,99,Automatic,0,0,10,107,7.9,7.0,Blue,Economy
CAR_02500,Lexus,GX,2015,71622,26630,Gasoline,2.9,155,Automatic,2,0,13,40,4.6,5.3,Blue,Mid-Range
