car_id,make,model,year,mileage,price,transmission,fuel_type,condition,seller_rating,num_photos,description_length,days_listed,sold_fast
1001,Nissan,Altima,2013,81162,1813.86,Manual,Gas,Good,4.2,14,450,5,0
1002,Chevrolet,Malibu,2013,57847,2646.43,Automatic,Gas,Fair,3.2,16,327,104,0
1003,BMW,X5,2008,25918,1500.0,Automatic,Gas,Fair,3.0,29,576,28,0
1004,Nissan,Altima,2007,39153,1500.0,Automatic,Gas,Excellent,4.6,25,281,76,1
1005,Honda,Civic,2021,51141,14246.64,Automatic,Diesel,Excellent,3.1,16,481,100,1
1006,Hyundai,Elantra,2006,22981,1500.0,Automatic,Gas,Fair,4.1,34,417,60,0
1007,BMW,X5,2005,38429,1500.0,Automatic,Gas,Good,4.8,13,298,77,1
1008,BMW,X5,2012,88556,1500.0,Manual,Gas,Excellent,4.6,24,436,21,1
1009,Nissan,Altima,2017,140981,4272.95,Manual,Hybrid,Good,3.8,12,531,96,0
1010,Ford,F-150,2019,46552,9913.48,Automatic,Gas,Fair,3.2,12,413,49,0
1011,Honda,Civic,2012,94267,1500.0,Automatic,Gas,Excellent,4.5,31,414,56,0
1012,Nissan,Altima,2016,18988,3612.1,Automatic,Gas,Fair,5.0,30,269,57,1
1013,Honda,Civic,2016,88935,6161.21,Automatic,Gas,Excellent,3.8,32,571,85,1
1014,Honda,Civic,2018,36961,7667.49,Automatic,Gas,Fair,3.7,34,556,61,1
1015,Hyundai,Elantra,2019,71998,6300.3,Manual,Diesel,Good,3.9,29,338,101,0
1016,BMW,X5,2019,51603,17890.71,Automatic,Diesel,Good,4.5,11,381,38,1
1017,Chevrolet,Malibu,2013,132223,1788.64,Automatic,Gas,Good,4.9,28,612,73,1
1018,Hyundai,Elantra,2023,35430,11189.48,Manual,Gas,Fair,3.5,4,229,101,0
1019,Hyundai,Elantra,2012,87252,1500.0,Automatic,Gas,Fair,3.3,16,490,2,0
1020,Honda,Civic,2023,50629,13867.16,Automatic,Hybrid,Good,5.0,9,316,3,1
1021,Mercedes,C-Class,2010,54448,1500.0,Automatic,Gas,Good,4.1,19,666,43,1
1022,BMW,X5,2023,53620,27016.36,Automatic,Gas,Good,,26,409,74,0
1023,Ford,F-150,2008,36047,1500.0,Automatic,Gas,Good,3.8,34,589,35,0
1024,Hyundai,Elantra,2011,59369,1500.0,Automatic,Gas,Fair,4.5,22,285,73,1
1025,Chevrolet,Malibu,2008,57665,1500.0,Automatic,Gas,Excellent,4.8,10,212,40,1
1026,Mercedes,C-Class,2016,69199,12970.29,Manual,Gas,Excellent,4.4,26,364,112,1
1027,Mercedes,C-Class,2017,62988,12881.77,Manual,Gas,Good,5.0,22,439,118,0
1028,Ford,F-150,2007,96644,1500.0,Automatic,Gas,Excellent,4.0,6,323,96,1
1029,Hyundai,Elantra,2016,104203,3977.62,Automatic,Gas,Fair,4.0,7,513,85,0
1030,Chevrolet,Malibu,2006,31876,1500.0,Automatic,Gas,Good,4.3,15,368,58,1
1031,BMW,X5,2006,100837,1500.0,Automatic,Gas,Good,4.5,9,87,34,1
1032,Toyota,Camry,2013,29383,3227.31,Automatic,Gas,Fair,4.3,8,482,25,0
1033,Chevrolet,Malibu,2005,85196,1500.0,Manual,Gas,Good,3.4,19,267,106,0
1034,Ford,F-150,2012,86841,1500.0,Manual,Hybrid,Good,4.4,8,345,56,0
1035,Mercedes,C-Class,2010,19019,1500.0,Automatic,Gas,,,21,632,32,1
1036,BMW,X5,2010,63309,1500.0,Automatic,Gas,Good,3.9,27,665,110,0
1037,Chevrolet,Malibu,2022,45202,13590.61,Automatic,Gas,Excellent,4.2,5,313,101,1
1038,Toyota,Camry,2021,37977,14335.05,Automatic,Gas,Good,3.6,11,486,22,0
1039,Toyota,Camry,2016,134660,4308.61,Automatic,Gas,Good,3.5,23,317,89,0
1040,Honda,Civic,2010,40448,1500.0,Automatic,Gas,Good,2.6,30,356,65,0
1041,Honda,Civic,2012,36907,2210.11,Automatic,Gas,Good,5.0,28,309,109,1
1042,Nissan,Altima,2023,62656,15808.83,Automatic,Gas,Excellent,4.5,17,141,100,1
1043,Ford,F-150,2014,90341,5024.72,Manual,Diesel,Fair,4.1,10,414,21,0
1044,Hyundai,Elantra,2005,54995,1500.0,Automatic,Hybrid,Excellent,3.8,27,443,105,0
1045,Chevrolet,Malibu,2017,120550,4865.64,Automatic,Hybrid,Fair,2.5,27,299,80,0
1046,Chevrolet,Malibu,2021,82337,11622.88,Automatic,Gas,Good,3.8,25,563,96,1
1047,Hyundai,Elantra,2007,16204,1500.0,Automatic,Hybrid,Good,4.6,28,334,21,1
1048,Nissan,Altima,2012,43578,1500.0,Automatic,Gas,Good,4.8,17,304,117,1
1049,Mercedes,C-Class,2018,42740,11055.83,Automatic,Gas,Poor,4.6,3,478,28,0
1050,Mercedes,C-Class,2007,79826,1500.0,Manual,Gas,Excellent,4.3,10,168,19,0
1051,Nissan,Altima,2020,12395,10843.36,Automatic,Gas,Good,5.0,25,536,14,1
1052,Mercedes,C-Class,2017,276345,4113.32,Automatic,Hybrid,Poor,4.0,6,339,87,0
1053,Honda,Civic,2021,82340,10259.75,Automatic,Gas,Fair,4.9,24,548,24,1
1054,Chevrolet,Malibu,2017,65468,7276.9,Automatic,Gas,Good,4.0,12,593,20,1
1055,Nissan,Altima,2010,121654,1500.0,Automatic,Gas,Poor,3.7,18,496,32,0
1056,Chevrolet,Malibu,2021,244309,8757.59,Manual,Hybrid,Good,3.6,20,278,104,0
1057,Hyundai,Elantra,2018,100956,7032.91,Automatic,Gas,Excellent,3.6,6,212,74,1
1058,Toyota,Camry,2021,105798,9931.89,Automatic,Hybrid,Good,4.6,10,184,52,0
1059,Honda,Civic,2012,64758,1500.0,Automatic,Gas,Good,3.8,6,565,65,0
1060,BMW,X5,2015,54999,7793.81,Automatic,Gas,Good,3.6,12,379,95,0
1061,Honda,Civic,2005,45004,1500.0,Automatic,Gas,Fair,4.6,22,310,52,1
1062,Nissan,Altima,2011,36473,1500.0,Automatic,Gas,Good,4.4,32,380,101,0
1063,BMW,X5,2021,39647,27349.77,Automatic,Gas,Excellent,4.8,6,562,58,1
1064,Toyota,Camry,2014,26626,1500.0,Automatic,Gas,Fair,4.5,18,516,79,1
1065,Nissan,Altima,2015,57209,2869.56,Manual,Gas,Excellent,3.7,32,465,104,1
1066,Ford,F-150,2013,21789,2493.21,Automatic,Gas,Poor,,34,495,95,0
1067,Chevrolet,Malibu,2013,67140,1500.0,Manual,Gas,Poor,4.3,14,427,92,0
1068,Toyota,Camry,2009,58583,1500.0,Automatic,Gas,Fair,3.6,12,445,10,0
1069,Chevrolet,Malibu,2021,65392,9958.32,Manual,Gas,Fair,3.5,27,433,70,0
1070,Mercedes,C-Class,2013,43770,6311.25,Automatic,Gas,Excellent,3.8,13,399,15,1
1071,Ford,F-150,2021,379312,4239.71,Automatic,Gas,Good,5.0,4,513,47,0
1072,Ford,F-150,2023,135410,14700.22,Manual,Gas,Excellent,4.0,18,454,91,0
1073,Toyota,Camry,2011,28375,1500.0,Automatic,Gas,Excellent,4.9,25,267,10,1
1074,Ford,F-150,2013,68852,1500.0,Manual,Gas,Good,3.9,21,479,21,1
1075,BMW,X5,2011,41572,1500.0,Manual,Gas,Excellent,4.7,14,437,19,1
1076,Ford,F-150,2017,32575,6619.8,Automatic,Hybrid,Poor,,6,491,68,0
1077,Chevrolet,Malibu,2015,26794,4472.3,Automatic,Gas,Fair,4.8,19,384,22,1
1078,Chevrolet,Malibu,2018,77600,9479.13,Automatic,Hybrid,Good,4.4,14,521,63,1
1079,Nissan,Altima,2023,39782,15308.92,Automatic,Gas,Good,5.0,33,390,38,1
1080,Chevrolet,Malibu,2015,107011,4140.5,Automatic,Gas,Good,4.4,18,508,15,0
1081,Nissan,Altima,2017,108691,4663.75,Automatic,Gas,Fair,5.0,5,331,70,0
1082,Chevrolet,Malibu,2018,136536,7545.41,Automatic,Diesel,Good,3.2,4,341,114,0
1083,BMW,X5,2017,35902,14624.39,Manual,Gas,Excellent,4.4,28,490,75,0
1084,Hyundai,Elantra,2005,79635,1500.0,Automatic,Gas,Good,4.4,9,350,44,1
1085,Nissan,Altima,2012,87506,1500.0,Automatic,Diesel,Good,3.6,8,730,30,0
1086,Honda,Civic,2016,45048,3332.2,Manual,Gas,Poor,4.5,3,484,104,0
1087,Mercedes,C-Class,2023,37681,31260.57,Automatic,Gas,Excellent,3.3,17,403,24,1
1088,Toyota,Camry,2016,157268,4145.69,Automatic,Gas,Excellent,3.8,29,522,86,1
1089,Chevrolet,Malibu,2012,68630,1500.0,Automatic,Gas,Fair,3.0,14,327,94,1
1090,Ford,F-150,2012,87691,2785.47,Automatic,Gas,Fair,5.0,15,538,46,0
1091,Hyundai,Elantra,2017,36561,2803.73,Automatic,Gas,Fair,4.1,10,534,4,0
1092,Chevrolet,Malibu,2016,28808,7666.33,Automatic,Gas,Good,5.0,11,588,114,1
1093,Ford,F-150,2020,42545,13230.86,Manual,Gas,Good,4.7,3,333,6,0
1094,Mercedes,C-Class,2005,55580,1500.0,Automatic,Gas,Good,4.5,7,216,38,0
1095,Mercedes,C-Class,2017,31617,15955.72,Automatic,Gas,Excellent,3.8,9,308,26,0
1096,Mercedes,C-Class,2011,59521,1500.0,Automatic,Gas,Good,3.6,20,357,19,1
1097,Ford,F-150,2009,21739,1500.0,Automatic,Gas,Excellent,4.5,24,650,2,1
1098,Chevrolet,Malibu,2012,30576,2213.53,Manual,Gas,Good,4.2,10,729,68,1
1099,Mercedes,C-Class,2018,89549,12272.33,Automatic,Gas,Fair,3.4,26,451,69,0
1100,BMW,X5,2017,86014,12858.95,Automatic,Gas,Good,3.3,28,401,47,0
1101,Nissan,Altima,2019,47328,8190.42,Automatic,Gas,Fair,3.6,12,347,99,1
1102,Ford,F-150,2021,32511,17688.35,Manual,Hybrid,Excellent,5.0,31,523,29,0
1103,Ford,F-150,2019,32323,12264.42,Automatic,Gas,Good,5.0,10,728,64,0
1104,Chevrolet,Malibu,2022,47860,14131.46,Automatic,Gas,Good,4.3,14,667,80,0
1105,Ford,F-150,2022,88142,8952.97,Automatic,Gas,Fair,4.3,18,570,109,0
1106,Ford,F-150,2006,104500,1500.0,Automatic,Gas,Good,4.0,14,568,12,0
1107,Mercedes,C-Class,2008,44448,1500.0,Automatic,Diesel,Fair,3.6,24,524,85,1
1108,Chevrolet,Malibu,2005,29968,1500.0,Automatic,Gas,Excellent,5.0,24,392,73,1
1109,Mercedes,C-Class,2008,70312,1500.0,Automatic,Gas,Fair,5.0,29,289,11,0
1110,Nissan,Altima,2022,36529,11112.1,Automatic,Gas,Excellent,3.7,5,396,8,1
1111,Hyundai,Elantra,2009,43872,1500.0,Automatic,Gas,Fair,4.2,20,463,60,1
1112,Nissan,Altima,2023,132609,10141.79,Automatic,Gas,Good,3.9,7,181,26,0
1113,Hyundai,Elantra,2019,98348,7851.22,Automatic,Gas,Fair,3.9,16,377,32,0
1114,Mercedes,C-Class,2012,65826,1500.0,Automatic,Gas,Good,4.9,27,276,39,0
1115,Nissan,Altima,2021,27913,11384.45,Automatic,Gas,Excellent,3.4,22,552,4,1
1116,Chevrolet,Malibu,2005,67971,1500.0,Automatic,Gas,,4.5,33,317,98,1
1117,Toyota,Camry,2016,113277,6697.83,Automatic,Gas,Excellent,4.6,23,449,92,0
1118,Mercedes,C-Class,2023,47792,30522.61,Automatic,Gas,Excellent,4.1,18,294,89,1
1119,Hyundai,Elantra,2019,134681,6381.13,Automatic,Gas,Fair,,24,639,115,1
1120,BMW,X5,2013,130046,1746.32,Manual,Hybrid,Excellent,4.3,29,144,118,1
1121,Hyundai,Elantra,2011,162468,1500.0,Automatic,Gas,Excellent,4.9,8,471,119,0
1122,BMW,X5,2006,71908,1500.0,Automatic,Hybrid,Good,3.3,18,208,44,0
1123,Ford,F-150,2013,85172,4354.58,Automatic,Gas,Fair,4.0,22,323,99,1
1124,Nissan,Altima,2014,139876,3350.76,Manual,Gas,Excellent,4.2,16,430,83,1
1125,BMW,X5,2006,78310,1500.0,Automatic,Gas,Good,2.6,22,438,35,0
1126,Hyundai,Elantra,2023,44323,12903.56,Automatic,Gas,Good,3.5,26,434,51,0
1127,Ford,F-150,2015,45746,5370.93,Automatic,Diesel,Fair,3.7,7,422,51,0
1128,Toyota,Camry,2017,69087,3421.3,Automatic,Diesel,Fair,4.8,16,303,103,0
1129,Chevrolet,Malibu,2014,27602,2489.55,Automatic,Gas,Fair,3.8,32,375,29,1
1130,Chevrolet,Malibu,2018,54942,8523.39,Automatic,Gas,Good,3.7,13,404,78,0
1131,Chevrolet,Malibu,2022,115604,14963.43,Automatic,Gas,Good,4.7,23,429,85,0
1132,BMW,X5,2023,16078,34425.34,Automatic,Hybrid,Excellent,3.2,11,390,36,1
1133,Toyota,Camry,2013,150345,4006.1,Manual,Gas,Good,3.0,22,509,102,0
1134,BMW,X5,2011,117409,1500.0,Automatic,Gas,Poor,4.0,9,414,78,0
1135,Nissan,Altima,2007,45439,1500.0,Automatic,Gas,Good,3.3,33,430,104,1
1136,BMW,X5,2010,82953,1500.0,Manual,Gas,Excellent,3.4,7,342,114,0
1137,Toyota,Camry,2006,59987,1500.0,Manual,Gas,Good,,33,242,60,1
1138,Toyota,Camry,2010,125240,1500.0,Manual,Gas,Good,,31,423,15,1
1139,Nissan,Altima,2007,107970,1500.0,Manual,Hybrid,Good,4.7,17,581,51,0
1140,Toyota,Camry,2020,25847,12676.47,Manual,Gas,Good,,27,466,50,1
1141,Hyundai,Elantra,2012,85165,1717.99,Automatic,Gas,Good,4.9,15,277,94,1
1142,Toyota,Camry,2006,52924,1500.0,Automatic,Gas,Excellent,2.9,14,522,111,0
1143,Chevrolet,Malibu,2021,62925,12809.74,Automatic,Gas,Fair,4.5,26,349,55,0
1144,Hyundai,Elantra,2013,38680,1763.62,Automatic,Gas,Good,,17,507,12,0
1145,Hyundai,Elantra,2016,170908,4400.3,Automatic,Gas,Excellent,3.8,26,344,50,0
1146,Nissan,Altima,2007,111751,1500.0,Manual,Gas,Good,4.5,28,452,62,1
1147,Honda,Civic,2015,38412,4567.42,Automatic,Gas,Fair,3.2,28,322,5,1
1148,Honda,Civic,2005,26882,1500.0,Manual,Gas,Fair,3.1,21,326,27,1
1149,Toyota,Camry,2017,47505,5633.32,Automatic,Gas,Good,4.6,27,165,79,1
1150,Hyundai,Elantra,2019,77707,8929.46,Automatic,Gas,Excellent,,26,476,90,1
1151,Honda,Civic,2009,69156,1500.0,Automatic,Gas,Excellent,4.3,21,455,9,1
1152,Honda,Civic,2021,126992,11887.78,Automatic,Gas,Excellent,3.7,12,463,104,0
1153,Toyota,Camry,2010,96177,1500.0,Automatic,Gas,Good,4.6,19,441,104,0
1154,Honda,Civic,2015,107123,3011.86,Automatic,Gas,Good,4.6,18,285,35,0
1155,BMW,X5,2022,72846,24337.63,Automatic,Diesel,Good,4.3,7,544,13,1
1156,Ford,F-150,2008,26014,1500.0,Automatic,Gas,Good,3.5,31,548,109,1
1157,Nissan,Altima,2007,53240,1500.0,Automatic,Gas,Excellent,3.9,6,281,44,1
1158,Ford,F-150,2017,113102,8813.93,Automatic,Gas,Excellent,4.7,26,479,111,0
1159,Toyota,Camry,2013,58051,2407.92,Automatic,Gas,Good,5.0,24,531,46,1
1160,Chevrolet,Malibu,2010,80971,1500.0,Automatic,Gas,Excellent,4.0,12,329,97,1
1161,Nissan,Altima,2016,49451,5312.94,Automatic,Gas,Excellent,4.1,23,355,98,1
1162,Toyota,Camry,2006,32277,1500.0,Automatic,Gas,Good,4.1,27,480,119,0
1163,Hyundai,Elantra,2007,55603,1500.0,Automatic,Gas,Fair,4.4,8,173,68,1
1164,Chevrolet,Malibu,2007,72072,1500.0,Automatic,Gas,Fair,3.9,32,236,77,0
1165,Ford,F-150,2016,40400,3799.95,Automatic,Gas,Fair,,31,251,74,1
1166,Toyota,Camry,2019,51977,8692.31,Manual,Gas,Good,4.9,13,130,53,0
1167,Hyundai,Elantra,2013,34075,1500.0,Manual,Gas,Good,5.0,13,562,109,1
1168,Nissan,Altima,2012,117189,1500.0,Automatic,Hybrid,Excellent,3.8,29,101,1,1
1169,Nissan,Altima,2015,50177,1500.0,Automatic,Diesel,Poor,3.6,18,451,11,1
1170,Mercedes,C-Class,2020,143150,18834.46,Automatic,Diesel,Excellent,4.1,16,521,50,0
1171,Hyundai,Elantra,2008,149828,1500.0,Automatic,Hybrid,Excellent,4.1,29,355,9,1
1172,BMW,X5,2005,57032,1500.0,Automatic,Gas,Excellent,4.8,21,299,38,1
1173,Honda,Civic,2011,32693,1500.0,Manual,Diesel,Poor,4.2,24,434,87,0
1174,Chevrolet,Malibu,2006,17127,1500.0,Automatic,Gas,Poor,3.7,30,400,13,1
1175,Hyundai,Elantra,2009,24754,1500.0,Automatic,Gas,Fair,3.4,29,550,5,0
1176,Mercedes,C-Class,2011,26257,1500.0,Automatic,Gas,Good,4.7,30,5,25,1
1177,Honda,Civic,2008,136910,1500.0,Automatic,Gas,Good,4.6,6,262,10,0
1178,Honda,Civic,2009,64183,2509.82,Automatic,Hybrid,Poor,4.8,7,484,5,0
1179,Toyota,Camry,2005,75641,1500.0,Automatic,Gas,Good,3.6,24,407,22,1
1180,Honda,Civic,2005,15799,1500.0,Manual,Gas,Fair,5.0,27,512,42,1
1181,BMW,X5,2019,29179,18974.97,Automatic,Gas,Good,3.2,21,439,89,1
1182,Nissan,Altima,2023,101951,13898.78,Manual,Gas,Good,4.6,19,379,101,1
1183,Mercedes,C-Class,2014,71115,5081.02,Manual,Gas,Fair,3.1,20,354,20,0
1184,Honda,Civic,2022,54812,13125.65,Automatic,Diesel,Excellent,3.7,10,748,28,0
1185,Toyota,Camry,2007,84028,1500.0,Automatic,Gas,Fair,5.0,6,630,21,0
1186,BMW,X5,2015,159768,7743.52,Automatic,Gas,Good,4.7,25,474,11,0
1187,Ford,F-150,2019,52437,11987.19,Automatic,Gas,Fair,3.9,20,411,93,0
1188,Nissan,Altima,2015,62418,5130.59,Automatic,Gas,Good,3.9,30,480,69,0
1189,Nissan,Altima,2021,67208,9859.14,Manual,Gas,Good,4.3,13,524,37,0
1190,Mercedes,C-Class,2021,251516,13195.45,Automatic,Gas,Good,4.5,28,462,49,0
1191,Nissan,Altima,2010,16990,1500.0,Automatic,Gas,Good,5.0,16,287,117,1
1192,Honda,Civic,2009,90213,1500.0,Automatic,Gas,Good,3.9,15,667,69,0
1193,Toyota,Camry,2012,55888,1500.0,Automatic,Gas,Poor,3.2,26,436,33,0
1194,Nissan,Altima,2006,84125,1500.0,Automatic,Gas,Good,4.3,28,702,45,1
1195,Nissan,Altima,2020,40359,12846.27,Automatic,Gas,Excellent,3.9,18,428,100,0
1196,Ford,F-150,2016,58140,5405.56,Automatic,Gas,Fair,,30,363,8,0
1197,Ford,F-150,2010,91752,1500.0,Automatic,Diesel,Excellent,4.4,32,607,116,1
1198,Chevrolet,Malibu,2005,387606,1500.0,Manual,Gas,Good,4.1,14,445,119,0
1199,BMW,X5,2008,97228,1500.0,Automatic,Gas,Excellent,4.4,11,420,6,1
1200,Honda,Civic,2021,35995,8207.35,Manual,Gas,,3.7,33,219,15,0
1201,Nissan,Altima,2017,46432,5893.22,Automatic,Gas,Excellent,4.5,9,499,15,0
1202,Hyundai,Elantra,2022,45613,13440.06,Automatic,Gas,Excellent,3.4,12,326,117,0
1203,Nissan,Altima,2009,20386,1500.0,Automatic,Gas,Fair,3.7,31,332,112,1
1204,Toyota,Camry,2007,49116,1500.0,Automatic,Gas,Fair,4.1,29,326,9,0
1205,Chevrolet,Malibu,2015,92938,4453.68,Automatic,Gas,Excellent,5.0,19,465,61,1
1206,BMW,X5,2017,27874,10597.37,Automatic,Gas,Fair,4.7,20,169,56,1
1207,Hyundai,Elantra,2008,112318,1500.0,Automatic,Gas,Fair,4.8,27,368,5,0
1208,Chevrolet,Malibu,2018,80230,10109.19,Automatic,Gas,Excellent,5.0,28,547,26,1
1209,Mercedes,C-Class,2015,38540,5149.8,Automatic,Hybrid,Fair,5.0,9,213,87,0
1210,BMW,X5,2014,54999,8721.33,Automatic,Gas,Good,4.2,29,425,80,0
1211,Nissan,Altima,2023,156215,15296.86,Automatic,Hybrid,Good,5.0,5,305,57,0
1212,Nissan,Altima,2022,92978,8241.33,Manual,Gas,Good,4.8,17,339,103,0
1213,BMW,X5,2010,60190,1500.0,Automatic,Gas,Good,4.8,18,648,35,0
1214,Nissan,Altima,2019,51916,7143.88,Automatic,Gas,Excellent,5.0,23,152,10,1
1215,Honda,Civic,2014,62690,1934.16,Manual,Gas,Fair,3.9,19,514,91,0
1216,BMW,X5,2009,44043,1500.0,Automatic,Gas,Excellent,3.9,15,328,80,1
1217,Chevrolet,Malibu,2009,16935,1500.0,Manual,Gas,Good,4.4,28,320,21,1
1218,BMW,X5,2014,203884,4008.14,Automatic,Gas,Excellent,4.1,5,233,12,0
1219,Hyundai,Elantra,2009,65722,1500.0,Manual,Gas,Fair,4.4,29,513,9,1
1220,Nissan,Altima,2007,76030,1500.0,Automatic,Gas,Good,5.0,22,371,16,1
1221,Honda,Civic,2010,57829,1500.0,Manual,Gas,Good,3.9,22,352,73,1
1222,Honda,Civic,2008,38519,1500.0,Automatic,Diesel,Good,4.0,25,416,93,0
1223,Mercedes,C-Class,2022,53553,16510.67,Automatic,Gas,Fair,4.3,7,374,54,0
1224,Chevrolet,Malibu,2013,22933,1500.0,Automatic,Gas,Good,4.1,11,99,23,1
1225,Ford,F-150,2021,234744,6535.53,Automatic,Gas,Fair,3.1,25,326,39,0
1226,Ford,F-150,2017,28546,7650.84,Automatic,Gas,Excellent,3.9,20,534,107,0
1227,BMW,X5,2019,32235,22254.64,Automatic,Gas,Excellent,4.6,31,174,113,1
1228,Mercedes,C-Class,2021,45974,23346.62,Manual,Gas,Good,5.0,13,236,88,1
1229,Toyota,Camry,2017,129682,6692.64,Automatic,Gas,,3.5,13,335,22,0
1230,BMW,X5,2020,60397,24569.85,Manual,Gas,Excellent,3.5,18,291,55,0
1231,Mercedes,C-Class,2008,28518,1500.0,Automatic,Gas,Excellent,4.2,10,395,31,1
1232,Chevrolet,Malibu,2009,127083,1500.0,Manual,Gas,Excellent,3.0,29,236,74,0
1233,Chevrolet,Malibu,2009,92836,1500.0,Manual,Diesel,Good,3.9,4,341,47,0
1234,Chevrolet,Malibu,2013,82707,1606.78,Automatic,Gas,Good,3.2,25,392,106,1
1235,Chevrolet,Malibu,2021,91990,9104.46,Manual,Gas,Fair,5.0,23,497,27,0
1236,Chevrolet,Malibu,2017,251857,5141.65,Automatic,Gas,Excellent,3.7,12,586,98,0
1237,Mercedes,C-Class,2006,222138,1500.0,Automatic,Diesel,Excellent,5.0,8,360,48,0
1238,Mercedes,C-Class,2017,39654,13579.03,Automatic,Gas,Good,4.9,34,683,39,1
1239,Honda,Civic,2023,158630,11469.45,Automatic,Gas,Good,3.8,29,372,88,0
1240,Hyundai,Elantra,2007,75350,1500.0,Automatic,Hybrid,Good,3.6,6,524,21,1
1241,Ford,F-150,2014,80777,4903.77,Automatic,Gas,Excellent,4.1,23,689,15,1
1242,Nissan,Altima,2006,21690,1500.0,Automatic,Gas,Fair,,30,420,81,0
1243,Chevrolet,Malibu,2017,54055,9233.68,Automatic,Gas,Good,4.4,7,193,118,0
1244,Toyota,Camry,2023,36765,17493.04,Automatic,Gas,Good,3.7,25,413,45,1
1245,Nissan,Altima,2021,98403,9808.06,Manual,Diesel,Good,4.6,13,308,19,0
1246,Mercedes,C-Class,2018,113851,15867.31,Manual,Gas,Excellent,4.4,14,358,53,1
1247,Toyota,Camry,2016,17245,2977.69,Automatic,Gas,Fair,4.0,18,697,89,1
1248,Toyota,Camry,2016,59087,3858.96,Automatic,Gas,Fair,3.8,22,216,55,1
1249,Toyota,Camry,2015,117373,4407.4,Automatic,Gas,Good,4.1,23,445,104,0
1250,Honda,Civic,2011,53529,1500.0,Automatic,Gas,Good,3.7,16,268,86,1
1251,Mercedes,C-Class,2008,92729,1500.0,Automatic,Gas,Excellent,4.2,16,353,105,1
1252,Toyota,Camry,2023,73917,12650.51,Automatic,Hybrid,Good,4.3,22,511,115,0
1253,Chevrolet,Malibu,2005,73496,1500.0,Automatic,Gas,Good,4.4,22,447,49,1
1254,BMW,X5,2007,50879,1500.0,Automatic,Gas,Fair,5.0,17,366,106,1
1255,Toyota,Camry,2017,28855,9366.07,Automatic,Gas,Excellent,4.1,10,302,78,1
1256,Honda,Civic,2019,30548,9776.96,Automatic,Gas,Excellent,4.8,29,447,61,1
1257,Nissan,Altima,2006,91638,1500.0,Manual,Gas,Excellent,4.3,7,656,60,1
1258,Mercedes,C-Class,2015,60577,7989.78,Automatic,Gas,Excellent,4.1,31,264,92,1
1259,Hyundai,Elantra,2008,55099,1500.0,Automatic,Gas,Good,4.1,11,686,76,0
1260,Honda,Civic,2023,46428,16211.67,Manual,Gas,Excellent,4.2,23,579,91,0
1261,Toyota,Camry,2021,49855,10762.81,Automatic,Gas,Fair,4.4,18,605,116,0
1262,Mercedes,C-Class,2007,112212,1500.0,Automatic,Diesel,Excellent,,26,446,24,0
1263,BMW,X5,2022,48964,26563.84,Automatic,Gas,Good,3.3,5,575,86,0
1264,Toyota,Camry,2012,26778,2293.6,Automatic,Gas,Good,4.6,14,248,39,1
1265,Honda,Civic,2023,93544,7977.04,Automatic,Gas,Poor,4.7,9,299,61,0
1266,Ford,F-150,2009,52948,1500.0,Automatic,Gas,Poor,4.6,19,514,105,0
1267,Chevrolet,Malibu,2011,61012,1500.0,Automatic,Gas,Fair,4.3,17,444,114,1
1268,Hyundai,Elantra,2012,157085,1500.0,Automatic,Gas,Fair,4.7,17,377,103,0
1269,Nissan,Altima,2009,59140,1500.0,Automatic,Hybrid,Good,4.6,14,24,100,0
1270,Honda,Civic,2021,71218,7382.49,Manual,Gas,Fair,4.7,23,334,23,1
1271,Mercedes,C-Class,2009,29514,1500.0,Automatic,Gas,Poor,3.7,4,223,72,1
1272,Hyundai,Elantra,2008,52480,1500.0,Automatic,Gas,Excellent,3.5,10,474,92,1
1273,Hyundai,Elantra,2023,86311,10093.68,Automatic,Gas,Good,4.0,30,371,114,1
1274,Hyundai,Elantra,2006,23547,1500.0,Automatic,Gas,Excellent,4.2,24,305,93,1
1275,Toyota,Camry,2015,67542,1513.16,Automatic,Gas,Good,4.1,7,796,79,1
1276,Chevrolet,Malibu,2017,63606,10154.42,Automatic,Hybrid,Good,3.1,32,555,39,0
1277,Toyota,Camry,2019,61375,10485.77,Automatic,Hybrid,Good,5.0,5,558,72,0
1278,Mercedes,C-Class,2016,111557,8555.33,Automatic,Gas,Good,4.0,32,730,92,0
1279,Toyota,Camry,2015,73178,4842.94,Automatic,Gas,Poor,4.3,31,520,97,0
1280,Ford,F-150,2011,145341,1500.0,Automatic,Gas,Good,4.9,3,284,11,0
1281,Chevrolet,Malibu,2009,32986,1500.0,Automatic,Diesel,Fair,,32,266,42,1
1282,Chevrolet,Malibu,2021,64961,13325.21,Automatic,Gas,,3.9,18,544,101,0
1283,Mercedes,C-Class,2013,62986,4858.19,Manual,Gas,Good,4.0,12,91,25,0
1284,Nissan,Altima,2018,31522,6936.83,Automatic,Gas,Good,,33,388,34,1
1285,Ford,F-150,2016,106274,7548.4,Automatic,Gas,Excellent,4.1,28,74,22,1
1286,Honda,Civic,2010,241543,1500.0,Automatic,Gas,Good,5.0,12,414,2,0
1287,Toyota,Camry,2021,59266,12020.87,Manual,Hybrid,Good,4.6,32,528,51,0
1288,BMW,X5,2023,81065,26165.48,Automatic,Hybrid,Good,4.8,13,441,16,0
1289,Toyota,Camry,2023,62988,15737.38,Automatic,Gas,Good,4.2,28,540,11,1
1290,Hyundai,Elantra,2020,39020,6381.46,Manual,Gas,Good,3.4,14,694,78,0
1291,Toyota,Camry,2016,20081,6428.43,Manual,Hybrid,Good,3.0,33,378,96,0
1292,Honda,Civic,2016,39204,4614.86,Automatic,Gas,Good,3.3,10,821,86,0
1293,Toyota,Camry,2010,25973,1500.0,Automatic,Gas,Excellent,,29,431,69,1
1294,Ford,F-150,2008,166451,1500.0,Automatic,Gas,Excellent,4.2,7,542,100,0
1295,Ford,F-150,2010,55878,1500.0,Automatic,Diesel,Excellent,4.1,11,308,87,1
1296,Chevrolet,Malibu,2015,48652,4314.43,Manual,Gas,Excellent,4.0,13,642,62,1
1297,Mercedes,C-Class,2005,102077,1500.0,Automatic,Gas,Excellent,5.0,17,556,19,1
1298,Nissan,Altima,2019,30544,9567.73,Manual,Hybrid,Excellent,3.7,25,620,29,0
1299,BMW,X5,2015,37793,9947.39,Automatic,Gas,Excellent,4.8,19,408,42,1
1300,Hyundai,Elantra,2023,62370,13019.02,Automatic,Diesel,Good,4.2,13,211,23,0
1301,Toyota,Camry,2022,110997,15162.67,Automatic,Gas,Excellent,4.2,15,469,60,0
1302,Toyota,Camry,2021,80903,11568.12,Automatic,Gas,Good,4.9,19,145,73,1
1303,Honda,Civic,2023,69493,9207.13,Automatic,Gas,Fair,5.0,25,349,18,0
1304,Mercedes,C-Class,2018,62747,13168.76,Automatic,Gas,Fair,4.1,29,428,95,1
1305,Ford,F-150,2022,76125,16063.94,Automatic,Gas,Good,4.7,9,756,101,0
1306,BMW,X5,2023,67574,20782.34,Automatic,Diesel,Fair,4.4,11,447,81,0
1307,Chevrolet,Malibu,2019,32273,10777.44,Automatic,Gas,Good,,20,420,55,0
1308,Ford,F-150,2019,61552,13746.53,Automatic,Diesel,Excellent,4.3,25,390,18,1
1309,Hyundai,Elantra,2008,31438,1500.0,Automatic,Gas,Poor,3.8,20,198,27,1
1310,Mercedes,C-Class,2011,62859,1500.0,Automatic,Gas,Fair,4.0,32,412,85,0
1311,Hyundai,Elantra,2017,44873,6121.31,Automatic,Gas,Good,3.9,12,415,1,0
1312,Nissan,Altima,2007,274753,1500.0,Automatic,Gas,Good,4.7,14,254,96,0
1313,Chevrolet,Malibu,2020,58457,9088.24,Automatic,Gas,Good,4.1,28,221,14,1
1314,Nissan,Altima,2013,25782,5520.59,Automatic,Diesel,Excellent,3.4,20,327,59,1
1315,Honda,Civic,2012,55242,1500.0,Automatic,Gas,Excellent,3.8,23,409,110,1
1316,Hyundai,Elantra,2017,81765,4469.91,Automatic,Gas,Good,2.3,34,331,78,0
1317,Honda,Civic,2021,163410,6391.54,Automatic,Gas,Fair,3.9,11,242,33,0
1318,Toyota,Camry,2021,42037,13615.12,Automatic,Gas,,4.2,11,443,36,1
1319,Nissan,Altima,2021,23168,9743.13,Automatic,Gas,Fair,4.1,12,480,119,0
1320,Mercedes,C-Class,2005,97743,1500.0,Manual,Gas,Excellent,5.0,3,418,39,1
1321,Hyundai,Elantra,2012,26150,2438.27,Automatic,Gas,Good,4.5,13,315,76,1
1322,BMW,X5,2023,46087,27081.2,Automatic,Gas,Good,4.5,16,489,45,1
1323,Chevrolet,Malibu,2010,51299,1500.0,Automatic,Gas,Good,3.2,25,371,25,1
1324,Ford,F-150,2007,57424,1500.0,Automatic,Gas,,4.0,28,221,15,1
1325,Mercedes,C-Class,2009,90535,1500.0,Manual,Gas,Good,3.9,32,555,20,0
1326,Mercedes,C-Class,2017,39728,9170.69,Automatic,Hybrid,Good,3.7,12,453,34,1
1327,Honda,Civic,2019,50805,9972.02,Automatic,Gas,Excellent,3.7,30,382,58,1
1328,Nissan,Altima,2018,59363,8130.45,Automatic,Gas,Excellent,3.1,16,164,60,1
1329,Hyundai,Elantra,2020,65496,9200.22,Automatic,Gas,Good,,21,288,78,0
1330,Hyundai,Elantra,2022,63493,10078.93,Automatic,Hybrid,Good,4.7,28,702,30,1
1331,Toyota,Camry,2015,77777,4286.42,Automatic,Gas,Excellent,4.1,12,173,108,0
1332,Toyota,Camry,2007,99340,1500.0,Automatic,Gas,Good,3.9,19,362,13,0
1333,Chevrolet,Malibu,2014,75779,3685.15,Automatic,Gas,Fair,4.2,4,397,78,0
1334,Honda,Civic,2014,78601,1500.0,Automatic,Gas,Excellent,4.9,24,448,93,0
1335,Mercedes,C-Class,2020,23171,22085.0,Automatic,Gas,Good,4.2,16,175,90,0
1336,Hyundai,Elantra,2016,61706,5719.8,Automatic,Gas,Excellent,4.5,28,426,67,1
1337,BMW,X5,2006,79833,1500.0,Manual,Gas,Excellent,3.7,20,147,89,1
1338,Honda,Civic,2013,92722,1500.0,Automatic,Gas,Excellent,,4,414,91,1
1339,Chevrolet,Malibu,2007,39521,1500.0,Automatic,Gas,Good,4.4,22,302,45,1
1340,Chevrolet,Malibu,2019,40318,5571.62,Automatic,Gas,Fair,5.0,21,270,40,1
1341,Honda,Civic,2007,42426,1500.0,Automatic,Gas,Excellent,5.0,26,525,80,1
1342,Chevrolet,Malibu,2023,82606,14101.11,Automatic,Hybrid,Good,4.5,33,364,38,1
1343,Honda,Civic,2022,111338,11218.0,Automatic,Gas,Good,4.3,10,471,75,0
1344,Ford,F-150,2012,46888,1963.78,Automatic,Diesel,Excellent,5.0,8,476,93,0
1345,Honda,Civic,2021,103236,8609.51,Automatic,Gas,Good,4.7,22,590,47,1
1346,Nissan,Altima,2012,64478,2246.91,Manual,Hybrid,Fair,2.8,9,218,115,0
1347,Honda,Civic,2011,55571,1500.0,Automatic,Gas,Fair,3.6,27,537,88,1
1348,Chevrolet,Malibu,2011,52742,1500.0,Manual,Gas,Fair,4.4,15,402,29,1
1349,Hyundai,Elantra,2007,93710,1500.0,Automatic,Gas,Good,3.1,4,343,34,0
1350,Nissan,Altima,2005,72790,1500.0,Manual,Gas,Fair,3.7,24,227,11,0
1351,Chevrolet,Malibu,2008,234566,1500.0,Automatic,Gas,Excellent,3.8,9,490,20,0
1352,Toyota,Camry,2009,35906,1500.0,Automatic,Gas,Good,4.0,3,261,20,0
1353,Toyota,Camry,2005,81704,1500.0,Automatic,Gas,Fair,4.0,8,477,73,0
1354,Hyundai,Elantra,2019,43585,8298.82,Automatic,Gas,Excellent,4.0,18,689,56,1
1355,Hyundai,Elantra,2009,35540,1500.0,Automatic,Gas,Good,4.7,10,546,23,0
1356,Nissan,Altima,2017,59485,6753.17,Automatic,Gas,Good,4.0,15,608,100,0
1357,Ford,F-150,2012,65017,1500.0,Automatic,Gas,Good,4.0,25,292,119,1
1358,Hyundai,Elantra,2012,344863,1500.0,Automatic,Gas,Excellent,3.4,20,514,113,0
1359,Toyota,Camry,2009,53611,1500.0,Automatic,Diesel,Poor,4.8,16,228,91,1
1360,Honda,Civic,2013,30390,2219.77,Automatic,Gas,Good,3.8,20,364,88,1
1361,Chevrolet,Malibu,2005,70530,1500.0,Automatic,Gas,Excellent,3.5,31,661,104,1
1362,Toyota,Camry,2008,17243,1500.0,Manual,Diesel,Excellent,4.3,6,308,25,1
1363,Toyota,Camry,2007,56660,1500.0,Automatic,Gas,Fair,,17,566,89,0
1364,Ford,F-150,2006,60452,1500.0,Manual,Gas,Excellent,3.9,7,552,112,0
1365,Nissan,Altima,2012,96448,1500.0,Automatic,Diesel,Excellent,4.4,23,561,33,1
1366,Nissan,Altima,2013,107384,1817.72,Automatic,Gas,Good,4.0,16,209,31,1
1367,Mercedes,C-Class,2006,44260,1500.0,Automatic,Gas,Good,5.0,18,478,74,1
1368,Ford,F-150,2018,54700,11549.51,Automatic,Hybrid,Good,4.2,17,376,103,1
1369,Honda,Civic,2018,37809,9783.69,Automatic,Hybrid,Good,4.6,13,563,79,1
1370,Nissan,Altima,2008,30429,1500.0,Automatic,Gas,Fair,3.0,4,151,1,0
1371,Chevrolet,Malibu,2010,72109,1500.0,Automatic,Gas,Poor,3.7,25,455,54,0
1372,Hyundai,Elantra,2015,27885,4489.55,Automatic,Gas,Excellent,3.5,26,433,16,1
1373,Ford,F-150,2007,46687,1500.0,Automatic,Gas,Good,3.6,32,101,85,1
1374,Hyundai,Elantra,2012,32954,1500.0,Automatic,Gas,Fair,4.4,20,267,59,0
1375,Toyota,Camry,2007,83267,1500.0,Automatic,Gas,Good,4.8,6,125,66,0
1376,Chevrolet,Malibu,2018,176461,7143.81,Automatic,Hybrid,Good,4.4,17,291,3,0
1377,Chevrolet,Malibu,2017,27420,8883.19,Automatic,Diesel,Excellent,4.1,14,482,15,1
1378,Toyota,Camry,2017,19696,6146.74,Automatic,Gas,Good,3.8,29,429,32,1
1379,Ford,F-150,2006,55551,1500.0,Automatic,Gas,Good,4.9,29,425,50,1
1380,Toyota,Camry,2017,60440,8266.48,Automatic,Gas,Good,5.0,5,244,111,0
1381,Hyundai,Elantra,2023,68267,5665.82,Automatic,Gas,Poor,4.3,34,568,91,0
1382,Mercedes,C-Class,2010,45807,1500.0,Automatic,Gas,Excellent,,6,397,100,1
1383,Chevrolet,Malibu,2020,53083,11856.28,Automatic,Gas,Excellent,4.4,23,405,99,1
1384,BMW,X5,2006,74645,1500.0,Automatic,Gas,Excellent,4.7,18,541,60,1
1385,BMW,X5,2012,111776,1500.0,Automatic,Diesel,Good,3.5,8,251,103,0
1386,Hyundai,Elantra,2021,18526,12742.39,Automatic,Gas,Excellent,3.9,4,434,88,1
1387,Honda,Civic,2006,47984,1500.0,Automatic,Gas,Good,4.4,28,463,116,0
1388,Nissan,Altima,2014,68069,3216.68,Automatic,Gas,Good,4.9,24,318,118,1
1389,Toyota,Camry,2020,34517,11088.77,Manual,Gas,Good,3.7,11,497,115,0
1390,Toyota,Camry,2010,169177,1500.0,Automatic,Hybrid,Excellent,3.0,14,471,119,0
1391,Honda,Civic,2006,40894,1500.0,Automatic,Gas,Fair,3.9,14,384,8,0
1392,Honda,Civic,2006,58408,1500.0,Automatic,Gas,Good,4.8,29,380,7,0
1393,Hyundai,Elantra,2017,83584,8017.49,Automatic,Gas,Fair,3.2,26,478,4,0
1394,Hyundai,Elantra,2019,41991,9099.76,Manual,Gas,Good,,33,518,94,1
1395,Honda,Civic,2006,19772,1500.0,Automatic,Hybrid,Excellent,,33,409,10,1
1396,Chevrolet,Malibu,2011,46295,1500.0,Manual,Gas,Excellent,4.1,16,568,60,0
1397,Hyundai,Elantra,2007,111042,1500.0,Automatic,Gas,Poor,4.6,19,498,25,0
1398,Mercedes,C-Class,2012,48916,1500.0,Automatic,Gas,Good,3.5,11,131,42,1
1399,Hyundai,Elantra,2018,36031,9320.91,Automatic,Gas,Excellent,4.0,14,189,47,1
1400,Toyota,Camry,2011,104339,1500.0,Automatic,Gas,Good,4.9,29,577,96,0
1401,Hyundai,Elantra,2011,49096,1500.0,Automatic,Gas,Good,3.5,12,362,118,0
1402,Chevrolet,Malibu,2005,44086,1500.0,Automatic,Gas,Good,5.0,13,424,96,1
1403,Honda,Civic,2021,65491,13022.33,Automatic,Hybrid,Excellent,3.6,4,570,114,1
1404,Toyota,Camry,2013,95077,1500.0,Manual,Gas,Fair,,33,399,32,0
1405,Hyundai,Elantra,2017,249952,4687.63,Automatic,Gas,Excellent,4.0,30,405,74,1
1406,Chevrolet,Malibu,2023,98355,12199.88,Automatic,Diesel,Excellent,3.5,18,269,119,1
1407,Mercedes,C-Class,2023,120078,24763.27,Automatic,Gas,Good,3.9,29,455,73,0
1408,Hyundai,Elantra,2021,44197,11958.21,Automatic,Gas,Excellent,4.5,3,487,25,1
1409,Chevrolet,Malibu,2014,32353,3501.97,Automatic,Gas,Good,4.2,24,313,89,1
1410,Mercedes,C-Class,2014,62155,5093.95,Automatic,Gas,Excellent,4.9,31,261,105,1
1411,Honda,Civic,2008,63850,1500.0,Automatic,Gas,Good,5.0,3,793,118,0
1412,Hyundai,Elantra,2012,31347,1525.6,Automatic,Gas,Fair,3.5,33,386,16,1
1413,Mercedes,C-Class,2022,53896,23478.7,Automatic,Gas,Good,3.4,24,297,49,0
1414,Toyota,Camry,2018,76083,7768.16,Automatic,Gas,Good,3.4,4,505,16,0
1415,Honda,Civic,2022,74327,11706.24,Manual,Gas,Good,3.7,14,392,94,0
1416,Toyota,Camry,2018,81029,8115.56,Automatic,Gas,Good,4.9,29,237,38,0
1417,BMW,X5,2019,71294,12313.39,Automatic,Gas,Fair,4.5,25,472,5,0
1418,Ford,F-150,2008,44169,1500.0,Automatic,Gas,Excellent,3.9,25,272,7,1
1419,Hyundai,Elantra,2017,43987,6220.34,Automatic,Gas,Fair,4.2,30,636,77,1
1420,Mercedes,C-Class,2012,29162,1500.0,Automatic,Gas,Fair,5.0,22,474,8,1
1421,Ford,F-150,2022,174706,9076.46,Automatic,Gas,Good,5.0,20,358,33,0
1422,Ford,F-150,2016,60359,9769.11,Automatic,Gas,Excellent,4.4,14,416,62,1
1423,Mercedes,C-Class,2018,52317,17000.54,Automatic,Diesel,Excellent,2.6,29,535,74,0
1424,Honda,Civic,2006,34293,1500.0,Automatic,Gas,Good,4.4,25,427,116,1
1425,Hyundai,Elantra,2022,348500,2312.56,Automatic,Gas,Fair,4.8,3,718,84,0
1426,BMW,X5,2006,31445,1500.0,Automatic,Gas,Good,4.3,30,570,32,1
1427,Toyota,Camry,2015,46290,5989.33,Automatic,Gas,Excellent,4.6,29,473,93,1
1428,Chevrolet,Malibu,2013,76841,3540.03,Automatic,Gas,Excellent,4.4,13,259,1,1
1429,Toyota,Camry,2016,85830,5555.76,Manual,Hybrid,Good,3.5,4,377,91,0
1430,Chevrolet,Malibu,2021,106378,11109.07,Automatic,Hybrid,Good,3.7,14,471,20,0
1431,Toyota,Camry,2019,177116,6959.98,Automatic,Gas,Excellent,4.0,33,276,55,0
1432,Mercedes,C-Class,2021,81120,25223.94,Automatic,Gas,Excellent,4.8,4,594,63,0
1433,BMW,X5,2022,31773,26898.28,Automatic,Gas,Good,3.7,19,253,78,0
1434,Hyundai,Elantra,2010,51319,1500.0,Automatic,Gas,Good,4.5,27,304,79,1
1435,Chevrolet,Malibu,2021,72020,10749.75,Manual,Gas,Good,4.4,8,315,6,1
1436,Hyundai,Elantra,2022,207095,4004.74,Manual,Hybrid,Fair,5.0,18,511,52,0
1437,Hyundai,Elantra,2012,25882,1500.0,Automatic,Hybrid,Good,4.2,21,279,2,1
1438,Hyundai,Elantra,2013,123197,1500.0,Automatic,Hybrid,Excellent,3.1,30,130,93,0
1439,Nissan,Altima,2010,66699,1500.0,Automatic,Gas,Good,4.6,8,563,39,1
1440,Honda,Civic,2009,98982,1500.0,Automatic,Gas,Poor,5.0,9,333,32,0
1441,Toyota,Camry,2016,56319,8331.7,Automatic,Gas,Fair,4.6,21,239,116,0
1442,Hyundai,Elantra,2015,36117,3061.17,Automatic,Gas,Fair,3.7,33,286,51,0
1443,Toyota,Camry,2005,93950,1500.0,Automatic,Gas,Good,3.6,22,657,69,0
1444,Hyundai,Elantra,2015,88668,2316.86,Automatic,Gas,Fair,3.6,34,301,86,1
1445,Chevrolet,Malibu,2023,107283,12781.52,Automatic,Gas,Fair,5.0,28,381,92,0
1446,Honda,Civic,2013,59398,1579.87,Automatic,Gas,Good,4.0,19,332,32,1
1447,Honda,Civic,2006,41777,1500.0,Automatic,Gas,Excellent,3.8,8,215,93,1
1448,Mercedes,C-Class,2016,23499,7868.12,Automatic,Diesel,Poor,,17,288,104,1
1449,Nissan,Altima,2008,97892,1500.0,Automatic,Gas,Good,4.0,24,204,3,0
1450,Mercedes,C-Class,2008,77213,1500.0,Automatic,Gas,Excellent,5.0,11,543,62,1
1451,Mercedes,C-Class,2022,33541,27003.0,Automatic,Gas,Excellent,3.6,4,415,95,1
1452,Mercedes,C-Class,2019,43341,17012.76,Automatic,Gas,Good,4.9,7,772,13,1
1453,Mercedes,C-Class,2023,45249,28592.07,Automatic,Gas,Good,4.3,23,293,70,0
1454,Mercedes,C-Class,2017,24592,16337.95,Manual,Gas,Excellent,4.9,25,271,21,1
1455,BMW,X5,2023,36658,30133.2,Automatic,Gas,Good,5.0,7,630,61,0
1456,Honda,Civic,2021,30324,11177.82,Automatic,Gas,Fair,4.3,14,558,119,1
1457,Mercedes,C-Class,2010,46747,1500.0,Automatic,Diesel,,4.0,32,457,14,0
1458,Hyundai,Elantra,2020,38437,9424.77,Manual,Hybrid,Excellent,4.2,12,232,89,1
1459,Honda,Civic,2016,22556,3594.56,Automatic,Gas,Good,4.1,6,661,71,1
1460,Honda,Civic,2023,201501,9611.84,Manual,Gas,Excellent,3.2,14,389,107,0
1461,Ford,F-150,2009,126946,1500.0,Automatic,Diesel,Good,5.0,17,335,22,0
1462,BMW,X5,2021,37518,25344.72,Manual,Gas,Good,4.3,12,571,32,0
1463,Mercedes,C-Class,2005,70505,1500.0,Automatic,Gas,Fair,3.5,30,396,41,0
1464,Toyota,Camry,2014,76916,1500.0,Automatic,Hybrid,Good,3.0,33,225,32,1
1465,Chevrolet,Malibu,2019,122351,10507.22,Manual,Gas,Excellent,2.8,32,406,42,0
1466,Nissan,Altima,2015,36637,5224.18,Manual,Hybrid,Good,4.7,20,282,52,0
1467,Hyundai,Elantra,2017,115296,5617.3,Automatic,Gas,Good,3.8,26,0,94,0
1468,Toyota,Camry,2009,43099,1500.0,Automatic,Gas,Fair,3.9,7,267,81,0
1469,BMW,X5,2005,26862,1500.0,Automatic,Diesel,Fair,4.5,15,320,104,0
1470,Chevrolet,Malibu,2016,92455,4139.5,Automatic,Gas,,3.9,6,226,54,0
1471,BMW,X5,2015,129891,7513.8,Automatic,Gas,Excellent,4.5,11,486,102,1
1472,Hyundai,Elantra,2021,282870,5329.8,Manual,Gas,Excellent,4.3,20,283,62,0
1473,Honda,Civic,2008,29148,1500.0,Automatic,Diesel,Fair,4.1,5,471,85,0
1474,Chevrolet,Malibu,2019,91067,9374.48,Automatic,Gas,Excellent,3.3,33,215,90,0
1475,Honda,Civic,2013,46822,1894.97,Automatic,Gas,Excellent,3.7,26,536,43,0
1476,Hyundai,Elantra,2023,95799,9913.28,Automatic,Gas,Good,4.6,13,208,3,1
1477,Toyota,Camry,2023,24777,14116.69,Automatic,Gas,Excellent,,6,48,38,1
1478,Hyundai,Elantra,2016,28066,5767.12,Automatic,Gas,Excellent,4.9,11,585,81,1
1479,Toyota,Camry,2009,37589,1500.0,Automatic,Gas,Good,5.0,28,271,39,1
1480,Chevrolet,Malibu,2014,62779,1500.0,Automatic,Diesel,Excellent,4.6,31,663,70,1
1481,Chevrolet,Malibu,2021,40755,13511.87,Automatic,Gas,Good,5.0,14,484,85,1
1482,Mercedes,C-Class,2009,88914,1500.0,Automatic,Gas,Poor,4.6,28,518,45,0
1483,BMW,X5,2020,110872,21394.72,Manual,Gas,Excellent,3.9,12,556,46,0
1484,Mercedes,C-Class,2011,85797,1500.0,Automatic,Hybrid,Good,4.3,12,416,115,0
1485,BMW,X5,2013,158145,3876.29,Automatic,Gas,Fair,5.0,11,418,104,0
1486,Mercedes,C-Class,2007,76841,1500.0,Automatic,Gas,Fair,3.9,12,592,13,0
1487,Honda,Civic,2019,28849,9710.07,Automatic,Diesel,Good,3.6,11,416,52,0
1488,Chevrolet,Malibu,2020,135676,13148.55,Automatic,Gas,Good,3.5,3,290,9,0
1489,Toyota,Camry,2022,41643,15551.14,Automatic,Gas,Excellent,4.1,24,487,57,1
1490,BMW,X5,2018,103388,15500.72,Automatic,Gas,Good,,18,82,69,0
1491,Hyundai,Elantra,2007,153928,1500.0,Automatic,Gas,Poor,5.0,28,597,43,0
1492,BMW,X5,2016,78748,9291.69,Automatic,Gas,Good,4.3,16,601,7,0
1493,Toyota,Camry,2013,24399,1500.0,Manual,Diesel,Good,4.8,15,579,102,1
1494,Mercedes,C-Class,2011,34512,1500.0,Automatic,Diesel,Excellent,4.0,8,573,44,1
1495,BMW,X5,2013,132408,1500.0,Manual,Gas,Good,3.5,34,387,44,0
1496,Nissan,Altima,2017,54096,5649.62,Automatic,Gas,Good,3.4,16,383,102,1
1497,Honda,Civic,2022,62802,13231.3,Automatic,Gas,Good,3.7,10,215,95,0
1498,Chevrolet,Malibu,2009,94399,1500.0,Automatic,Gas,Excellent,4.4,25,662,68,1
1499,Toyota,Camry,2017,90925,4866.59,Automatic,Gas,Good,4.5,25,327,77,0
1500,Chevrolet,Malibu,2008,70776,1500.0,Automatic,Hybrid,Good,4.6,33,450,44,1
1501,Nissan,Altima,2006,52828,1500.0,Automatic,Gas,Excellent,3.3,20,438,79,1
1502,BMW,X5,2020,49632,22822.41,Automatic,Gas,Excellent,4.2,31,198,40,0
1503,BMW,X5,2013,100181,7266.07,Automatic,Gas,Excellent,3.6,30,138,77,1
1504,Hyundai,Elantra,2013,83461,2389.89,Manual,Gas,Good,4.4,29,400,43,0
1505,Nissan,Altima,2010,51308,1500.0,Automatic,Gas,Good,4.5,22,331,107,1
1506,Toyota,Camry,2015,114607,1702.28,Automatic,Gas,Fair,3.5,3,386,62,0
1507,Hyundai,Elantra,2005,55413,1500.0,Automatic,Gas,Excellent,4.8,34,559,43,0
1508,Honda,Civic,2008,35918,1500.0,Automatic,Gas,Fair,5.0,14,433,90,0
1509,Hyundai,Elantra,2017,37972,6243.21,Automatic,Gas,Good,4.7,29,513,19,0
1510,Ford,F-150,2017,33281,9672.4,Automatic,Gas,Good,4.1,34,466,117,1
1511,Toyota,Camry,2017,50845,6121.0,Automatic,Diesel,Excellent,4.0,13,352,49,1
1512,Ford,F-150,2006,125521,1500.0,Automatic,Hybrid,Excellent,4.1,15,249,65,0
1513,Nissan,Altima,2013,36936,1500.0,Automatic,Gas,Poor,3.7,25,439,77,1
1514,Mercedes,C-Class,2012,67042,1500.0,Automatic,Gas,Good,4.4,6,412,25,0
1515,Ford,F-150,2011,40375,1500.0,Manual,Hybrid,Good,3.5,27,537,84,0
1516,Honda,Civic,2008,51216,1500.0,Automatic,Gas,Excellent,3.1,8,377,41,0
1517,Hyundai,Elantra,2022,24196,10619.27,Automatic,Gas,Fair,4.3,24,355,23,1
1518,Mercedes,C-Class,2007,52453,1500.0,Manual,Gas,Excellent,4.2,27,365,58,1
1519,Hyundai,Elantra,2010,53304,1500.0,Automatic,Gas,Good,3.9,15,262,88,0
1520,Ford,F-150,2016,82799,5398.9,Automatic,Gas,Good,3.4,26,617,43,1
1521,Hyundai,Elantra,2016,68457,4691.67,Automatic,Gas,Good,4.4,24,570,105,1
1522,Nissan,Altima,2012,29172,1500.0,Automatic,Hybrid,Good,3.6,15,218,113,1
1523,Mercedes,C-Class,2005,114750,1500.0,Manual,Gas,Good,4.1,8,520,103,0
1524,Nissan,Altima,2008,67926,1500.0,Automatic,Gas,Fair,5.0,24,123,40,1
1525,Ford,F-150,2015,67442,4306.66,Automatic,Diesel,Fair,4.6,6,547,30,0
1526,Nissan,Altima,2007,59545,1500.0,Automatic,Gas,Fair,3.4,23,295,34,1
1527,Honda,Civic,2017,43885,5618.84,Manual,Diesel,Excellent,3.4,5,453,110,0
1528,Ford,F-150,2021,68232,10723.02,Automatic,Hybrid,Fair,4.3,27,110,10,1
1529,Ford,F-150,2014,79646,4279.29,Automatic,Gas,Excellent,3.4,32,220,105,1
1530,Ford,F-150,2016,20991,9091.46,Manual,Hybrid,Excellent,3.0,17,470,60,1
1531,Toyota,Camry,2019,43336,8100.55,Automatic,Gas,Fair,4.5,13,294,1,0
1532,Hyundai,Elantra,2014,51381,2591.34,Automatic,Gas,Fair,4.4,4,274,12,1
1533,Toyota,Camry,2018,69821,8437.65,Automatic,Gas,Good,4.5,29,609,46,1
1534,Toyota,Camry,2017,122514,3550.78,Automatic,Gas,Fair,4.4,25,731,115,0
1535,Honda,Civic,2009,37682,1500.0,Automatic,Hybrid,Poor,4.2,19,540,93,1
1536,Mercedes,C-Class,2010,44410,1500.0,Automatic,Gas,Good,3.8,28,236,75,0
1537,Hyundai,Elantra,2006,44023,1500.0,Automatic,Gas,Good,4.5,30,664,105,1
1538,Nissan,Altima,2021,37015,6820.54,Automatic,Gas,Fair,5.0,25,165,17,1
1539,BMW,X5,2008,48615,1500.0,Automatic,Gas,Excellent,3.9,4,354,84,0
1540,Ford,F-150,2018,95080,9149.42,Automatic,Gas,Excellent,3.6,23,408,58,1
1541,Nissan,Altima,2014,31815,1832.27,Automatic,Gas,Fair,3.5,3,688,38,1
1542,Ford,F-150,2007,77395,1500.0,Manual,Diesel,Good,3.7,7,536,6,0
1543,Honda,Civic,2007,21565,1500.0,Automatic,Gas,Excellent,4.3,29,330,62,1
1544,Ford,F-150,2019,42753,13290.94,Manual,Gas,Good,2.9,22,258,84,0
1545,Toyota,Camry,2010,49133,1500.0,Automatic,Gas,,,19,550,74,1
1546,Hyundai,Elantra,2021,163556,6114.89,Automatic,Gas,Poor,,30,319,10,0
1547,BMW,X5,2016,50772,12102.31,Automatic,Gas,Good,3.1,32,432,95,1
1548,Chevrolet,Malibu,2015,15982,7852.02,Automatic,Gas,Good,3.6,3,194,26,0
1549,Ford,F-150,2008,18045,1500.0,Automatic,Gas,Poor,4.2,9,485,58,0
1550,Nissan,Altima,2010,61109,1500.0,Automatic,Gas,Fair,4.1,31,473,17,0
1551,Toyota,Camry,2005,86531,1500.0,Manual,Gas,Good,4.5,5,213,53,0
1552,Chevrolet,Malibu,2020,75002,9916.18,Automatic,Gas,Fair,4.1,28,554,78,0
1553,BMW,X5,2019,66207,17204.05,Automatic,Gas,Good,5.0,18,483,5,0
1554,Chevrolet,Malibu,2021,120253,11682.72,Manual,Gas,Excellent,4.0,18,511,67,0
1555,Toyota,Camry,2012,43314,1500.0,Manual,Gas,Excellent,3.6,14,343,107,0
1556,Hyundai,Elantra,2016,102431,4816.85,Manual,Diesel,Good,3.6,11,426,115,0
1557,Hyundai,Elantra,2014,22489,2810.71,Automatic,Gas,Good,4.6,27,409,20,1
1558,Mercedes,C-Class,2019,34788,18560.92,Automatic,Gas,Good,4.2,16,377,51,0
1559,Hyundai,Elantra,2013,20247,1500.0,Automatic,Gas,Good,4.6,14,425,46,0
1560,Mercedes,C-Class,2006,50771,1500.0,Automatic,Gas,,4.6,28,588,79,1
1561,Chevrolet,Malibu,2009,58235,1500.0,Automatic,Gas,Excellent,3.0,29,561,67,1
1562,Honda,Civic,2010,64116,1500.0,Automatic,Diesel,Good,3.5,27,222,3,1
1563,Nissan,Altima,2011,62139,1500.0,Automatic,Hybrid,Excellent,3.6,18,547,23,1
1564,Nissan,Altima,2005,34319,1500.0,Automatic,Diesel,Good,3.7,19,578,9,0
1565,Chevrolet,Malibu,2011,53415,4101.67,Automatic,Diesel,Good,3.9,14,377,11,1
1566,Ford,F-150,2016,24380,4684.35,Automatic,Gas,Good,4.8,6,476,47,0
1567,Ford,F-150,2020,135664,12363.31,Automatic,Gas,Good,4.9,19,474,49,0
1568,Hyundai,Elantra,2020,49902,9590.36,Automatic,Gas,Good,4.0,3,272,44,0
1569,Nissan,Altima,2015,44652,3714.36,Automatic,Diesel,Fair,4.0,32,342,113,0
1570,Nissan,Altima,2008,155338,1500.0,Automatic,Gas,Poor,3.8,27,512,105,0
1571,Mercedes,C-Class,2017,28414,12050.68,Automatic,Gas,Fair,4.3,23,325,13,0
1572,Honda,Civic,2011,30474,1500.0,Automatic,Gas,Good,4.3,19,546,8,1
1573,Toyota,Camry,2008,31016,1500.0,Automatic,Diesel,,4.7,13,595,63,1
1574,Ford,F-150,2019,57484,11710.36,Manual,Gas,Good,4.7,21,571,22,1
1575,Nissan,Altima,2023,77573,12443.86,Automatic,Gas,Fair,,25,696,38,0
1576,Mercedes,C-Class,2013,93321,4526.37,Automatic,Hybrid,Excellent,4.1,32,386,27,1
1577,BMW,X5,2015,280182,4091.73,Automatic,Gas,Excellent,5.0,20,426,26,0
1578,Mercedes,C-Class,2012,15527,1500.0,Automatic,Hybrid,Excellent,3.9,22,448,23,1
1579,Ford,F-150,2005,86270,1500.0,Automatic,Gas,Good,4.9,4,390,103,0
1580,Ford,F-150,2012,42861,1500.0,Automatic,Gas,Good,4.0,11,481,95,1
1581,Mercedes,C-Class,2017,42114,16291.62,Automatic,Diesel,Excellent,4.3,30,143,93,1
1582,Toyota,Camry,2008,41280,1500.0,Automatic,Gas,Fair,3.5,11,430,65,0
1583,Chevrolet,Malibu,2012,34708,1500.0,Automatic,Gas,,3.5,14,193,74,1
1584,Ford,F-150,2007,164508,1500.0,Automatic,Gas,Good,4.6,32,255,47,0
1585,Mercedes,C-Class,2013,99248,1500.0,Automatic,Gas,Good,4.7,33,509,61,0
1586,Nissan,Altima,2006,60713,1500.0,Automatic,Gas,Excellent,4.2,15,370,46,1
1587,Mercedes,C-Class,2006,134673,1500.0,Automatic,Gas,Good,3.5,18,504,4,0
1588,Honda,Civic,2017,24160,7837.85,Automatic,Gas,Good,4.2,33,366,31,1
1589,Chevrolet,Malibu,2019,26945,11436.35,Automatic,Diesel,Good,5.0,31,565,4,1
1590,BMW,X5,2016,16207,9038.19,Automatic,Gas,Fair,5.0,15,364,29,1
1591,Toyota,Camry,2008,39353,1500.0,Automatic,Gas,Good,,25,106,73,0
1592,Hyundai,Elantra,2012,65974,1500.0,Automatic,Gas,Excellent,3.2,16,433,79,1
1593,BMW,X5,2013,63685,3999.35,Automatic,Gas,Good,4.7,9,74,44,0
1594,Chevrolet,Malibu,2009,65486,1500.0,Automatic,Hybrid,Fair,4.0,4,182,105,0
1595,Chevrolet,Malibu,2022,25677,16220.6,Automatic,Gas,Excellent,4.8,14,267,3,0
1596,Chevrolet,Malibu,2015,96944,4593.22,Automatic,Diesel,Excellent,4.4,28,248,59,0
1597,BMW,X5,2019,69132,19033.96,Manual,Gas,Good,3.7,34,318,79,0
1598,Nissan,Altima,2013,92951,2462.11,Automatic,Gas,Good,4.2,30,243,53,0
1599,Chevrolet,Malibu,2021,19232,15085.81,Automatic,Gas,Excellent,5.0,34,189,11,1
1600,Mercedes,C-Class,2016,72178,9785.57,Automatic,Gas,Good,4.1,26,631,6,0
1601,BMW,X5,2011,29358,1500.0,Automatic,Gas,Good,3.6,19,298,47,1
1602,Hyundai,Elantra,2014,47174,1500.0,Manual,Gas,Fair,3.2,26,65,7,0
1603,Chevrolet,Malibu,2014,82505,1741.88,Automatic,Gas,Excellent,3.7,7,345,115,1
1604,Mercedes,C-Class,2017,63237,8134.48,Automatic,Diesel,Fair,4.0,31,231,110,0
1605,Nissan,Altima,2023,35920,15387.53,Automatic,Gas,Excellent,4.7,22,267,68,1
1606,Honda,Civic,2015,60099,5829.29,Automatic,Gas,Good,3.5,12,506,85,0
1607,Nissan,Altima,2017,23886,6809.98,Automatic,Gas,Good,5.0,20,332,1,0
1608,Hyundai,Elantra,2012,119391,1500.0,Automatic,Gas,Good,3.4,5,227,56,0
1609,Chevrolet,Malibu,2012,52935,1500.0,Automatic,Hybrid,Fair,5.0,15,466,87,0
1610,Hyundai,Elantra,2008,117140,1500.0,Automatic,Gas,Excellent,5.0,15,572,77,0
1611,BMW,X5,2019,43655,19371.84,Manual,Gas,Good,4.3,12,480,43,1
1612,Ford,F-150,2015,43732,6907.66,Automatic,Gas,Excellent,3.2,31,31,28,1
1613,Chevrolet,Malibu,2015,37853,1500.0,Automatic,Gas,Good,4.2,4,232,29,1
1614,Ford,F-150,2005,101286,1500.0,Manual,Gas,Excellent,4.0,29,407,18,1
1615,Mercedes,C-Class,2021,39118,19440.26,Automatic,Gas,Fair,3.4,30,363,87,0
1616,Honda,Civic,2019,88146,7631.94,Manual,Diesel,Fair,4.4,18,350,92,0
1617,Toyota,Camry,2010,47597,1500.0,Automatic,Gas,Fair,3.7,6,252,73,1
1618,Hyundai,Elantra,2019,18295,12170.39,Automatic,Gas,Excellent,3.8,21,189,117,1
1619,Nissan,Altima,2013,42523,3162.87,Automatic,Gas,Good,4.1,7,701,62,0
1620,Honda,Civic,2018,29511,11327.5,Automatic,Gas,Excellent,3.9,9,404,107,1
1621,Chevrolet,Malibu,2022,61104,11887.75,Automatic,Hybrid,Fair,5.0,11,496,6,1
1622,Ford,F-150,2021,29312,15741.56,Automatic,Diesel,Good,3.9,7,400,16,0
1623,Nissan,Altima,2022,104358,11522.32,Automatic,Gas,Good,4.5,10,406,101,0
1624,Ford,F-150,2009,56690,1500.0,Automatic,Gas,Good,4.3,4,390,1,0
1625,BMW,X5,2013,53822,5365.09,Automatic,Gas,Excellent,4.4,24,231,22,1
1626,Ford,F-150,2015,88746,4385.65,Automatic,Gas,Good,4.5,26,172,46,0
1627,BMW,X5,2005,106760,1500.0,Manual,Gas,Excellent,,27,457,62,0
1628,Mercedes,C-Class,2022,59156,12689.85,Automatic,Hybrid,Poor,4.4,29,428,23,0
1629,Nissan,Altima,2010,37694,1500.0,Automatic,Gas,Fair,4.3,22,540,21,1
1630,Nissan,Altima,2006,20653,1500.0,Automatic,Gas,Good,,22,510,51,1
1631,Toyota,Camry,2019,39670,10006.61,Manual,Diesel,Fair,4.1,9,278,95,0
1632,Chevrolet,Malibu,2018,41343,10414.61,Manual,Gas,Good,3.7,31,569,38,0
1633,BMW,X5,2009,63846,1500.0,Automatic,Hybrid,Fair,4.2,6,514,28,0
1634,Toyota,Camry,2010,48674,1500.0,Manual,Gas,Good,4.3,34,503,44,1
1635,Ford,F-150,2010,90468,1500.0,Automatic,Hybrid,Good,4.4,23,737,91,1
1636,Ford,F-150,2022,41448,16375.95,Manual,Gas,Good,4.3,17,706,39,1
1637,Toyota,Camry,2018,57859,7644.1,Automatic,Gas,Excellent,,33,503,42,0
1638,Nissan,Altima,2014,121831,5213.2,Automatic,Gas,Good,4.2,20,484,42,0
1639,Ford,F-150,2018,73504,10433.28,Automatic,Gas,Excellent,3.9,4,562,60,0
1640,Hyundai,Elantra,2017,57755,3716.28,Automatic,Gas,Poor,4.4,29,312,57,1
1641,Mercedes,C-Class,2007,41724,1500.0,Automatic,Hybrid,Excellent,4.1,16,314,77,1
1642,Mercedes,C-Class,2010,40948,1500.0,Automatic,Diesel,Good,4.3,12,501,96,0
1643,Hyundai,Elantra,2012,35940,1500.0,Manual,Gas,Fair,4.8,7,271,7,1
1644,Toyota,Camry,2016,43277,5972.17,Automatic,Gas,Excellent,3.8,14,488,51,0
1645,Hyundai,Elantra,2017,94221,6312.8,Automatic,Gas,Good,,12,423,97,0
1646,BMW,X5,2015,52410,9472.23,Automatic,Gas,Good,4.2,28,271,111,0
1647,BMW,X5,2016,26639,14024.31,Automatic,Gas,Excellent,5.0,31,403,110,1
1648,Toyota,Camry,2005,172974,1500.0,Automatic,Hybrid,,4.1,33,595,77,0
1649,Hyundai,Elantra,2021,72546,11843.74,Automatic,Gas,Excellent,4.6,20,412,32,0
1650,BMW,X5,2020,25740,24611.11,Automatic,Gas,Excellent,4.2,30,412,7,1
1651,Nissan,Altima,2015,45930,4752.6,Automatic,Gas,Good,3.4,8,449,76,0
1652,Hyundai,Elantra,2017,63993,5166.26,Automatic,Gas,Good,3.9,30,468,40,1
1653,Nissan,Altima,2022,166500,8827.97,Manual,Gas,Fair,4.7,33,350,15,0
1654,BMW,X5,2015,30795,6014.63,Automatic,Gas,Fair,3.9,24,452,59,0
1655,Mercedes,C-Class,2016,107540,11014.67,Manual,Gas,Good,2.9,14,242,113,0
1656,BMW,X5,2010,138647,1500.0,Automatic,Gas,Good,4.2,26,280,85,0
1657,Nissan,Altima,2013,41060,4038.06,Automatic,Gas,Good,3.5,34,299,12,1
1658,Honda,Civic,2020,50690,10435.86,Manual,Gas,Excellent,4.3,33,470,77,1
1659,Chevrolet,Malibu,2008,32151,1500.0,Automatic,Gas,Good,5.0,30,424,104,0
1660,Ford,F-150,2007,52993,1500.0,Automatic,Gas,Fair,4.7,3,379,42,0
1661,Hyundai,Elantra,2020,58573,7710.19,Automatic,Diesel,Good,5.0,9,503,39,1
1662,Honda,Civic,2016,88946,8493.49,Automatic,Gas,Excellent,3.9,14,456,63,1
1663,BMW,X5,2015,115163,6474.23,Automatic,Gas,Good,4.1,33,356,2,0
1664,Mercedes,C-Class,2009,38221,1500.0,Automatic,Gas,Excellent,3.6,9,244,29,0
1665,Toyota,Camry,2022,18390,16742.24,Manual,Gas,Good,3.8,11,277,61,0
1666,BMW,X5,2023,59115,29542.42,Automatic,Gas,Good,3.6,22,179,112,0
1667,Mercedes,C-Class,2010,71404,1500.0,Automatic,Gas,Good,3.4,17,421,29,1
1668,Chevrolet,Malibu,2022,69539,10961.54,Automatic,Gas,Good,5.0,25,270,100,1
1669,BMW,X5,2010,49217,1500.0,Automatic,Diesel,Fair,2.9,14,325,38,0
1670,Nissan,Altima,2008,64527,1500.0,Manual,Hybrid,Excellent,5.0,15,380,7,1
1671,Toyota,Camry,2016,148637,4558.52,Automatic,Gas,Fair,4.9,24,556,30,0
1672,Mercedes,C-Class,2023,75285,26569.83,Automatic,Gas,Good,4.5,6,539,87,0
1673,Mercedes,C-Class,2006,47857,1500.0,Manual,Hybrid,Fair,3.5,12,391,115,0
1674,Mercedes,C-Class,2021,44350,22210.92,Automatic,Gas,Good,3.3,30,589,92,0
1675,Chevrolet,Malibu,2015,54072,7034.37,Automatic,Gas,Excellent,3.9,26,98,56,1
1676,BMW,X5,2015,159858,4758.28,Automatic,Hybrid,Fair,4.6,5,681,87,0
1677,Chevrolet,Malibu,2020,53638,12370.83,Automatic,Hybrid,Good,4.2,26,503,36,1
1678,Hyundai,Elantra,2006,59167,1500.0,Automatic,Gas,Excellent,3.6,31,415,42,0
1679,Ford,F-150,2006,44829,1500.0,Automatic,Gas,Excellent,4.9,7,266,93,1
1680,Ford,F-150,2012,115773,1500.0,Automatic,Gas,Good,5.0,6,334,4,0
1681,Hyundai,Elantra,2017,194056,2246.04,Automatic,Diesel,Good,4.1,21,491,84,0
1682,BMW,X5,2014,78461,6643.26,Automatic,Hybrid,Good,4.3,17,494,5,0
1683,Nissan,Altima,2012,62922,1500.0,Automatic,Gas,Good,3.3,32,500,46,0
1684,Chevrolet,Malibu,2008,61210,1500.0,Automatic,Gas,Good,4.0,30,290,75,0
1685,Toyota,Camry,2019,14320,8693.21,Manual,Gas,Fair,4.5,28,260,2,0
1686,Mercedes,C-Class,2005,93628,1500.0,Automatic,Gas,Good,4.4,25,429,105,0
1687,Mercedes,C-Class,2015,64893,8664.97,Automatic,Diesel,Excellent,3.9,31,515,54,1
1688,BMW,X5,2011,77420,1500.0,Automatic,Gas,Fair,4.0,9,400,108,0
1689,Nissan,Altima,2021,39070,12208.19,Automatic,Gas,Excellent,3.9,31,622,88,1
1690,Ford,F-150,2022,47539,16362.57,Automatic,Gas,Good,4.0,24,404,59,0
1691,Ford,F-150,2016,46788,8286.97,Automatic,Gas,Good,4.5,5,399,33,0
1692,Mercedes,C-Class,2013,110522,3124.71,Automatic,Gas,Good,3.0,27,500,22,0
1693,BMW,X5,2009,47702,1500.0,Automatic,Gas,Excellent,,32,582,47,0
1694,Chevrolet,Malibu,2014,208896,3852.33,Automatic,Diesel,Excellent,4.4,29,197,6,0
1695,Ford,F-150,2008,77537,1500.0,Automatic,Gas,Good,3.9,18,232,24,0
1696,Chevrolet,Malibu,2009,27850,1500.0,Automatic,Hybrid,Poor,3.9,17,353,93,0
1697,Nissan,Altima,2014,55429,1500.0,Automatic,Gas,Good,3.9,20,873,49,0
1698,Ford,F-150,2015,40497,9625.77,Automatic,Gas,Good,3.9,5,360,96,0
1699,Ford,F-150,2014,16048,5339.59,Automatic,Gas,Good,4.2,16,381,117,1
1700,Honda,Civic,2012,156323,1500.0,Automatic,Hybrid,Excellent,4.3,3,492,111,0
1701,Ford,F-150,2006,91298,1500.0,Automatic,Gas,Excellent,2.9,9,546,94,0
1702,Hyundai,Elantra,2012,82448,1500.0,Automatic,Gas,,4.6,4,425,110,0
1703,Toyota,Camry,2020,66121,11699.37,Automatic,Gas,Good,4.0,12,574,51,0
1704,Hyundai,Elantra,2009,26128,1500.0,Manual,Gas,Excellent,5.0,26,220,118,1
1705,BMW,X5,2007,44794,1500.0,Automatic,Hybrid,Excellent,3.5,27,285,41,1
1706,BMW,X5,2016,99217,11428.54,Automatic,Diesel,Good,3.7,18,574,67,0
1707,Chevrolet,Malibu,2017,31865,8577.79,Automatic,Gas,Fair,4.1,14,401,89,1
1708,Hyundai,Elantra,2017,13107,7397.18,Automatic,Gas,Fair,4.4,29,210,92,1
1709,Hyundai,Elantra,2014,52246,3483.37,Automatic,Gas,Good,3.0,32,201,79,0
1710,Hyundai,Elantra,2008,54992,1500.0,Automatic,Gas,Excellent,3.7,20,278,81,1
1711,Nissan,Altima,2013,64947,3092.43,Automatic,Diesel,Good,4.6,8,400,2,0
1712,Ford,F-150,2006,92698,1500.0,Automatic,Hybrid,Excellent,3.6,29,470,91,1
1713,Toyota,Camry,2023,87777,14199.75,Automatic,Gas,Good,5.0,33,350,100,0
1714,Chevrolet,Malibu,2005,69930,1500.0,Automatic,Gas,Fair,3.9,19,457,78,1
1715,Hyundai,Elantra,2011,122678,1500.0,Automatic,Gas,Good,3.7,10,334,43,0
1716,Hyundai,Elantra,2021,24067,7796.45,Automatic,Gas,Poor,4.6,23,583,32,1
1717,Honda,Civic,2007,81044,1500.0,Automatic,Gas,,5.0,11,782,12,1
1718,Chevrolet,Malibu,2007,87196,1500.0,Manual,Gas,Good,4.4,21,341,23,1
1719,Hyundai,Elantra,2007,28460,1500.0,Automatic,Gas,Excellent,5.0,4,471,16,1
1720,Chevrolet,Malibu,2021,24301,10718.3,Automatic,Gas,,5.0,9,459,44,1
1721,Ford,F-150,2011,38270,1500.0,Automatic,Gas,Excellent,3.6,13,420,2,1
1722,Honda,Civic,2018,40258,8120.54,Automatic,Gas,Fair,4.8,25,497,7,1
1723,Chevrolet,Malibu,2021,94094,12534.91,Automatic,Diesel,Good,3.3,15,471,21,0
1724,Toyota,Camry,2022,41409,16930.41,Automatic,Gas,Excellent,4.5,12,329,58,1
1725,Toyota,Camry,2017,35817,4335.87,Automatic,Diesel,,4.2,17,597,95,0
1726,BMW,X5,2022,41482,27563.71,Automatic,Gas,Excellent,4.9,23,430,23,0
1727,Honda,Civic,2008,117146,1500.0,Automatic,Diesel,Fair,4.9,9,342,60,1
1728,Honda,Civic,2005,60344,1500.0,Manual,Diesel,Excellent,4.5,30,766,25,0
1729,BMW,X5,2022,53768,21133.97,Automatic,Gas,Fair,4.4,8,382,35,1
1730,Chevrolet,Malibu,2005,56049,1500.0,Manual,Gas,Good,4.5,27,438,99,1
1731,Honda,Civic,2017,129993,4302.32,Automatic,Hybrid,Good,4.2,14,426,45,0
1732,Toyota,Camry,2014,38196,4217.31,Manual,Gas,Good,4.2,5,380,7,1
1733,Toyota,Camry,2015,131834,3889.12,Automatic,Hybrid,Excellent,5.0,18,467,69,0
1734,Hyundai,Elantra,2013,67934,3214.85,Manual,Gas,Fair,5.0,22,273,32,1
1735,Ford,F-150,2013,54379,1500.0,Automatic,Gas,Excellent,4.1,11,489,53,1
1736,Honda,Civic,2009,268482,1500.0,Automatic,Gas,Good,4.3,12,136,69,0
1737,Chevrolet,Malibu,2005,31780,1500.0,Automatic,Gas,Good,4.2,32,205,25,1
1738,BMW,X5,2021,48425,23655.24,Automatic,Hybrid,Good,3.2,15,673,95,0
1739,BMW,X5,2006,28582,1500.0,Automatic,Gas,Excellent,4.0,33,211,84,1
1740,Chevrolet,Malibu,2017,106029,8210.67,Manual,Gas,Excellent,5.0,10,106,86,1
1741,Nissan,Altima,2013,164969,1500.0,Automatic,Gas,Excellent,3.8,28,215,102,0
1742,Mercedes,C-Class,2008,163073,1500.0,Automatic,Gas,Fair,5.0,8,661,77,0
1743,Ford,F-150,2009,124787,1500.0,Automatic,Gas,Excellent,4.9,30,131,103,1
1744,BMW,X5,2015,53179,3424.63,Automatic,Gas,Poor,4.4,5,256,2,0
1745,Honda,Civic,2023,48091,13920.5,Automatic,Gas,Excellent,4.5,14,181,86,0
1746,Ford,F-150,2007,21967,1500.0,Automatic,Gas,Excellent,3.6,11,358,61,1
1747,Honda,Civic,2016,203114,6197.28,Automatic,Gas,Good,4.0,11,334,9,0
1748,Nissan,Altima,2023,79331,10932.84,Automatic,Gas,Excellent,5.0,13,327,51,1
1749,Toyota,Camry,2023,44570,18298.4,Automatic,Diesel,Good,3.8,8,678,2,0
1750,Ford,F-150,2017,132831,6555.12,Automatic,Diesel,Fair,4.8,4,220,45,0
1751,Hyundai,Elantra,2011,33401,1500.0,Automatic,Gas,Excellent,3.4,9,384,32,1
1752,BMW,X5,2019,76417,14240.61,Automatic,Gas,Fair,3.5,33,450,72,0
1753,Ford,F-150,2011,53982,1500.0,Automatic,Gas,Good,5.0,11,252,80,1
1754,Ford,F-150,2012,87834,1500.0,Automatic,Gas,Excellent,4.2,27,472,97,0
1755,Ford,F-150,2009,57633,1500.0,Automatic,Gas,Excellent,3.9,21,340,75,1
1756,Mercedes,C-Class,2018,25070,11273.53,Automatic,Diesel,Fair,5.0,20,456,32,0
1757,Ford,F-150,2008,62651,1500.0,Automatic,Gas,Excellent,4.9,34,383,8,1
1758,Honda,Civic,2014,112343,2431.62,Automatic,Diesel,Fair,4.8,34,92,96,0
1759,Toyota,Camry,2019,58833,8328.38,Automatic,Gas,Good,3.9,14,595,85,0
1760,Nissan,Altima,2022,95327,9829.86,Automatic,Gas,Excellent,4.0,23,710,89,1
1761,Chevrolet,Malibu,2017,31974,8622.66,Automatic,Hybrid,Good,4.4,13,373,20,1
1762,Ford,F-150,2012,58938,1500.0,Automatic,Gas,Fair,4.6,12,265,65,0
1763,BMW,X5,2013,41162,4636.38,Automatic,Gas,Good,3.9,31,625,21,0
1764,Ford,F-150,2020,93731,12272.32,Automatic,Gas,Good,4.3,25,683,7,1
1765,BMW,X5,2023,61016,21301.59,Manual,Gas,Fair,4.4,5,374,89,1
1766,Honda,Civic,2020,90585,12217.53,Automatic,Gas,Excellent,5.0,14,367,9,0
1767,BMW,X5,2011,114992,1500.0,Automatic,Gas,Fair,4.7,6,388,86,1
1768,Hyundai,Elantra,2018,90669,8452.47,Automatic,Gas,Fair,3.3,12,148,2,0
1769,Chevrolet,Malibu,2018,70535,10376.73,Automatic,Gas,Good,4.1,4,356,117,0
1770,Toyota,Camry,2008,32894,1500.0,Automatic,Hybrid,Fair,3.6,14,657,19,0
1771,BMW,X5,2019,59774,21139.39,Automatic,Gas,Good,4.5,30,374,60,0
1772,BMW,X5,2007,43483,1500.0,Manual,Gas,Good,4.8,13,243,70,1
1773,Toyota,Camry,2009,48706,1500.0,Automatic,Gas,Good,4.3,16,474,59,1
1774,Chevrolet,Malibu,2005,47823,1500.0,Automatic,Gas,Good,4.0,17,299,69,1
1775,Ford,F-150,2007,33257,1500.0,Automatic,Gas,Good,4.2,16,390,45,1
1776,BMW,X5,2019,18501,25583.48,Automatic,Gas,Excellent,4.3,28,209,62,1
1777,Toyota,Camry,2012,40099,1500.0,Automatic,Gas,Good,3.8,31,244,10,1
1778,Hyundai,Elantra,2008,67240,1500.0,Automatic,Gas,Excellent,3.5,14,510,65,0
1779,Hyundai,Elantra,2006,26664,1500.0,Automatic,Gas,Excellent,3.0,31,417,26,1
1780,Honda,Civic,2014,60440,3536.91,Automatic,Hybrid,Good,5.0,4,283,90,0
1781,Toyota,Camry,2008,187242,1500.0,Manual,Gas,Fair,4.5,25,417,60,0
1782,Honda,Civic,2007,110617,1500.0,Automatic,Gas,Good,4.4,4,308,18,0
1783,Hyundai,Elantra,2006,160512,1500.0,Automatic,Gas,Good,5.0,3,282,59,0
1784,Chevrolet,Malibu,2021,75710,11604.8,Automatic,Gas,Excellent,3.4,22,574,21,0
1785,Ford,F-150,2017,120632,5367.24,Automatic,Diesel,Good,3.2,17,517,46,1
1786,Toyota,Camry,2009,38778,1500.0,Manual,Gas,Excellent,4.4,32,396,12,1
1787,Nissan,Altima,2013,40676,1500.0,Automatic,Diesel,Excellent,4.4,24,421,102,1
1788,Hyundai,Elantra,2010,11573,1500.0,Automatic,Gas,Good,3.2,34,398,78,0
1789,Hyundai,Elantra,2009,121989,1500.0,Automatic,Gas,Good,4.4,12,473,113,0
1790,Nissan,Altima,2014,150873,1500.0,Automatic,Hybrid,Excellent,4.0,28,280,32,0
1791,Mercedes,C-Class,2012,42962,1620.54,Automatic,Gas,Good,3.7,22,529,39,0
1792,Hyundai,Elantra,2011,51412,1500.0,Automatic,Diesel,Fair,4.0,3,453,99,0
1793,BMW,X5,2011,38089,1500.0,Manual,Gas,Excellent,2.7,3,360,81,0
1794,Chevrolet,Malibu,2010,75326,1500.0,Automatic,Gas,Excellent,3.8,27,326,55,0
1795,Toyota,Camry,2007,117590,1500.0,Automatic,Gas,Good,3.8,3,526,55,0
1796,Nissan,Altima,2023,21043,14644.83,Automatic,Gas,Excellent,4.5,25,377,10,1
1797,BMW,X5,2019,76547,10244.51,Automatic,Gas,Poor,,13,295,35,0
1798,Nissan,Altima,2008,50716,1500.0,Automatic,Gas,Good,4.6,30,342,80,1
1799,Toyota,Camry,2016,64089,5306.81,Automatic,Gas,Good,2.7,30,515,6,0
1800,Honda,Civic,2010,78857,1500.0,Automatic,Gas,Good,3.7,14,158,68,0
1801,Toyota,Camry,2023,53480,14334.91,Automatic,Gas,Good,4.5,17,346,62,0
1802,Mercedes,C-Class,2008,56266,1500.0,Automatic,Hybrid,Excellent,4.0,16,560,116,0
1803,Toyota,Camry,2019,52663,6783.25,Automatic,Gas,Fair,4.7,25,374,9,0
1804,Toyota,Camry,2013,107171,1500.0,Manual,Gas,Good,3.1,3,440,29,0
1805,Mercedes,C-Class,2009,76976,1500.0,Automatic,Gas,Excellent,,3,563,71,0
1806,Chevrolet,Malibu,2017,68346,7979.71,Automatic,Hybrid,Good,3.8,8,533,80,0
1807,Hyundai,Elantra,2022,27929,13577.93,Automatic,Gas,Excellent,3.8,26,333,6,1
1808,Toyota,Camry,2009,47707,1500.0,Automatic,Gas,Excellent,4.8,25,380,44,1
1809,Mercedes,C-Class,2020,102662,18010.76,Automatic,Gas,Good,,24,535,64,0
1810,BMW,X5,2023,61243,25314.26,Automatic,Gas,Good,4.8,28,540,67,1
1811,Honda,Civic,2018,88940,6297.77,Manual,Gas,Good,5.0,5,386,44,0
1812,Honda,Civic,2020,172802,8170.63,Automatic,Hybrid,Excellent,5.0,16,391,116,0
1813,Toyota,Camry,2019,111654,7293.42,Manual,Gas,Good,3.7,30,440,78,0
1814,Chevrolet,Malibu,2008,63316,1500.0,Automatic,Gas,Excellent,4.3,29,605,14,1
1815,Chevrolet,Malibu,2011,44064,1500.0,Automatic,Hybrid,Good,4.0,25,560,9,1
1816,BMW,X5,2020,12937,24171.27,Automatic,Gas,Good,5.0,8,504,100,1
1817,Toyota,Camry,2012,54120,2374.8,Automatic,Diesel,Good,4.9,10,238,23,0
1818,Honda,Civic,2021,49236,9983.73,Automatic,Hybrid,Fair,4.1,22,358,57,1
1819,Chevrolet,Malibu,2020,75676,9025.3,Automatic,Gas,Fair,4.7,27,366,116,1
1820,Toyota,Camry,2014,54592,1500.0,Automatic,Gas,Poor,3.5,17,612,57,0
1821,Nissan,Altima,2014,49403,1818.86,Automatic,Gas,Poor,4.4,19,364,15,0
1822,Chevrolet,Malibu,2006,20585,1500.0,Automatic,Gas,Fair,3.6,30,588,64,1
1823,Mercedes,C-Class,2013,34064,1500.0,Automatic,Diesel,Poor,3.2,34,314,7,0
1824,Nissan,Altima,2021,79697,8611.92,Automatic,Diesel,Fair,4.7,31,326,20,0
1825,Hyundai,Elantra,2015,167635,1500.0,Automatic,Gas,Good,4.7,25,472,64,0
1826,Chevrolet,Malibu,2014,56471,7110.53,Automatic,Gas,Excellent,4.5,11,635,19,0
1827,Honda,Civic,2021,72888,13510.79,Automatic,Gas,Excellent,4.1,18,368,6,0
1828,Ford,F-150,2008,106031,1500.0,Automatic,Gas,Fair,3.4,34,15,51,0
1829,Nissan,Altima,2020,36807,5886.92,Automatic,Gas,Good,3.5,28,165,39,1
1830,Hyundai,Elantra,2019,74614,3278.78,Manual,Hybrid,Fair,3.6,32,444,65,1
1831,BMW,X5,2009,38395,1500.0,Manual,Gas,Good,4.1,3,178,71,0
1832,BMW,X5,2010,100598,1500.0,Manual,Diesel,Good,4.8,28,270,99,1
1833,Honda,Civic,2021,65567,13001.24,Automatic,Gas,Good,4.8,18,401,25,0
1834,Chevrolet,Malibu,2005,71615,1500.0,Automatic,Gas,Fair,3.2,21,32,102,0
1835,Toyota,Camry,2023,37437,15353.48,Automatic,Gas,Excellent,3.8,25,343,23,0
1836,Chevrolet,Malibu,2008,91511,1500.0,Automatic,Hybrid,Fair,3.8,11,225,89,0
1837,Honda,Civic,2021,209154,3709.96,Manual,Gas,Fair,2.7,32,175,102,0
1838,BMW,X5,2013,32704,4776.31,Automatic,Gas,Good,,19,279,58,1
1839,Chevrolet,Malibu,2006,48832,1500.0,Automatic,Gas,Good,4.1,8,239,11,1
1840,BMW,X5,2012,68800,1500.0,Automatic,Gas,Excellent,4.1,29,470,34,1
1841,Nissan,Altima,2019,95975,5419.68,Automatic,Gas,Excellent,5.0,16,579,31,0
1842,Hyundai,Elantra,2011,42799,1500.0,Automatic,Gas,Good,4.3,20,345,38,0
1843,Toyota,Camry,2010,10940,1500.0,Automatic,Gas,Excellent,3.9,23,310,118,1
1844,Nissan,Altima,2005,135335,1500.0,Manual,Gas,Excellent,4.5,33,337,114,1
1845,BMW,X5,2019,94495,15162.04,Manual,Gas,Fair,,16,233,119,1
1846,BMW,X5,2011,21041,1500.0,Automatic,Diesel,Good,4.4,25,206,46,1
1847,Ford,F-150,2021,41583,14060.94,Automatic,Gas,Good,4.6,32,153,12,1
1848,Ford,F-150,2006,153416,1500.0,Automatic,Gas,Excellent,4.1,9,200,9,0
1849,Nissan,Altima,2013,142725,1500.0,Automatic,Gas,Fair,4.2,12,644,13,0
1850,Mercedes,C-Class,2013,105154,2739.15,Manual,Gas,,4.3,18,296,64,0
1851,Nissan,Altima,2017,53870,8052.81,Automatic,Gas,Good,3.7,9,0,20,0
1852,Ford,F-150,2010,62930,1500.0,Automatic,Diesel,Fair,3.9,30,311,59,0
1853,BMW,X5,2010,55350,1500.0,Automatic,Gas,Fair,,22,161,85,0
1854,Honda,Civic,2007,117823,1500.0,Automatic,Gas,Good,5.0,30,408,22,0
1855,Nissan,Altima,2021,35400,10227.92,Automatic,Gas,Good,5.0,8,392,65,0
1856,BMW,X5,2021,36920,27806.79,Automatic,Gas,Excellent,3.4,29,408,104,0
1857,Honda,Civic,2016,109772,5164.25,Automatic,Hybrid,Excellent,3.3,28,393,60,0
1858,Honda,Civic,2020,58301,10843.07,Automatic,Hybrid,Excellent,3.5,8,344,41,1
1859,Ford,F-150,2019,136910,8761.11,Automatic,Gas,Excellent,4.3,9,181,81,0
1860,Nissan,Altima,2017,40018,8565.35,Automatic,Gas,Excellent,2.5,27,388,45,1
1861,Chevrolet,Malibu,2005,57938,1500.0,Automatic,Diesel,Fair,3.8,24,552,4,0
1862,Toyota,Camry,2021,34425,15326.95,Automatic,Gas,Excellent,5.0,30,672,70,1
1863,Ford,F-150,2007,60139,1500.0,Automatic,Gas,Poor,4.8,28,364,45,0
1864,Ford,F-150,2019,24658,12648.82,Automatic,Hybrid,Good,3.9,19,380,58,0
1865,Chevrolet,Malibu,2008,44686,1500.0,Automatic,Gas,Excellent,3.9,10,475,113,0
1866,Toyota,Camry,2008,25292,1500.0,Manual,Gas,Good,4.5,4,623,83,1
1867,BMW,X5,2022,90794,26414.91,Automatic,Diesel,Excellent,4.8,21,327,94,0
1868,Mercedes,C-Class,2021,92037,12826.49,Automatic,Gas,Poor,3.9,30,503,23,0
1869,Nissan,Altima,2023,21201,11894.85,Automatic,Gas,Fair,4.1,23,276,32,1
1870,Mercedes,C-Class,2015,133296,7304.47,Automatic,Gas,Excellent,3.9,24,449,63,0
1871,BMW,X5,2007,267921,1500.0,Automatic,Gas,Fair,,9,545,93,0
1872,Hyundai,Elantra,2012,61549,1500.0,Manual,Gas,Good,4.1,14,206,8,1
1873,Ford,F-150,2018,40754,11173.97,Automatic,Gas,Excellent,4.0,22,321,85,1
1874,Toyota,Camry,2005,325982,1500.0,Automatic,Gas,Good,3.4,5,543,81,0
1875,Ford,F-150,2018,27136,10038.39,Automatic,Hybrid,Good,4.6,27,492,81,1
1876,Honda,Civic,2006,60600,1500.0,Automatic,Gas,Excellent,4.5,6,555,85,0
1877,Ford,F-150,2008,66687,1500.0,Automatic,Gas,Fair,4.6,27,527,79,0
1878,Ford,F-150,2023,134200,14912.25,Automatic,Gas,Excellent,3.7,27,348,91,1
1879,BMW,X5,2010,74298,1500.0,Automatic,Diesel,Good,3.0,13,729,25,0
1880,BMW,X5,2005,44392,1500.0,Automatic,Gas,Excellent,4.5,14,420,33,0
1881,BMW,X5,2021,33836,14400.38,Automatic,Gas,Poor,3.8,32,0,66,0
1882,Mercedes,C-Class,2012,48771,1500.0,Automatic,Gas,Fair,3.7,21,357,116,0
1883,Honda,Civic,2023,32723,15368.34,Automatic,Gas,Excellent,3.4,21,329,106,0
1884,Hyundai,Elantra,2005,61617,1500.0,Automatic,Gas,Good,4.0,31,519,16,0
1885,Hyundai,Elantra,2009,42679,1500.0,Automatic,Gas,Excellent,5.0,32,332,55,1
1886,BMW,X5,2020,24430,15791.82,Automatic,Hybrid,Fair,3.9,13,564,36,1
1887,Toyota,Camry,2010,127145,1500.0,Automatic,Diesel,Excellent,3.5,15,483,72,1
1888,Mercedes,C-Class,2012,44417,1500.0,Automatic,Hybrid,Fair,,26,249,80,0
1889,Chevrolet,Malibu,2017,27976,6063.34,Automatic,Gas,Fair,4.3,3,378,7,0
1890,Toyota,Camry,2020,54124,10352.38,Automatic,Hybrid,Good,2.9,8,283,69,1
1891,Nissan,Altima,2007,62381,1500.0,Automatic,Diesel,Excellent,4.6,24,427,87,0
1892,Nissan,Altima,2023,20996,14750.64,Automatic,Gas,Good,5.0,27,282,8,1
1893,Toyota,Camry,2016,73056,5381.73,Automatic,Gas,Good,2.6,18,411,3,0
1894,BMW,X5,2020,31942,23243.95,Automatic,Gas,Good,3.5,4,359,35,0
1895,Chevrolet,Malibu,2015,167145,5100.2,Automatic,Gas,Good,2.5,16,377,114,0
1896,Chevrolet,Malibu,2014,81991,3113.95,Automatic,Gas,Good,4.2,26,707,36,0
1897,Mercedes,C-Class,2008,47101,1500.0,Automatic,Gas,Good,4.8,25,345,100,1
1898,Chevrolet,Malibu,2016,38288,6621.11,Automatic,Gas,Fair,4.3,20,109,79,0
1899,Nissan,Altima,2006,56219,1500.0,Automatic,Gas,Excellent,5.0,19,552,30,0
1900,Honda,Civic,2023,86480,15131.72,Automatic,Gas,Good,4.7,22,551,15,1
1901,BMW,X5,2009,58965,1500.0,Automatic,Gas,Fair,5.0,20,103,93,1
1902,Chevrolet,Malibu,2012,52559,2665.15,Automatic,Diesel,Excellent,4.9,21,294,68,1
1903,Mercedes,C-Class,2011,62008,1500.0,Automatic,Hybrid,Good,4.0,32,465,98,0
1904,Nissan,Altima,2018,41676,7106.79,Automatic,Gas,Fair,4.2,17,478,87,0
1905,Honda,Civic,2007,48731,1500.0,Automatic,Gas,Good,3.7,4,399,58,0
1906,Ford,F-150,2022,17128,18406.2,Automatic,Gas,Excellent,4.1,32,402,99,1
1907,Ford,F-150,2020,107391,10673.6,Automatic,Gas,Excellent,4.2,27,259,28,0
1908,Honda,Civic,2023,71630,13173.71,Manual,Gas,Good,4.1,6,40,95,0
1909,Nissan,Altima,2023,37643,15047.88,Automatic,Gas,Excellent,5.0,34,707,42,0
1910,Mercedes,C-Class,2022,187070,9526.91,Automatic,Hybrid,Poor,4.0,3,254,97,0
1911,Honda,Civic,2020,63083,8976.27,Automatic,Gas,Good,3.6,10,426,18,0
1912,BMW,X5,2012,32154,1500.0,Automatic,Gas,Excellent,3.7,22,376,5,1
1913,BMW,X5,2005,100111,1500.0,Automatic,Gas,Fair,4.6,34,534,9,1
1914,Ford,F-150,2021,76025,15574.23,Automatic,Gas,Good,3.4,16,417,84,0
1915,Chevrolet,Malibu,2016,75867,5177.45,Automatic,Gas,Excellent,4.1,28,423,102,1
1916,Mercedes,C-Class,2015,46376,5915.32,Automatic,Gas,Good,5.0,13,4,115,1
1917,Ford,F-150,2009,78456,1500.0,Automatic,Gas,Excellent,4.4,29,274,9,1
1918,Chevrolet,Malibu,2016,51171,5055.26,Automatic,Gas,Poor,4.2,26,511,18,1
1919,Chevrolet,Malibu,2021,83580,11845.68,Automatic,Gas,Good,4.2,26,498,56,1
1920,Hyundai,Elantra,2010,19092,1500.0,Automatic,Gas,Fair,3.6,34,257,15,0
1921,BMW,X5,2005,46151,1500.0,Manual,Gas,Good,3.7,27,163,79,1
1922,Nissan,Altima,2009,168264,1500.0,Automatic,Gas,Fair,4.1,16,418,78,0
1923,Toyota,Camry,2018,37788,10286.84,Automatic,Gas,Excellent,4.4,30,0,62,1
1924,Nissan,Altima,2009,41676,1500.0,Automatic,Gas,Poor,4.8,18,227,35,0
1925,Toyota,Camry,2005,45762,1500.0,Automatic,Gas,Fair,4.3,12,664,40,0
1926,Honda,Civic,2022,28886,11307.63,Automatic,Gas,Good,5.0,9,616,51,1
1927,BMW,X5,2020,15915,18541.2,Automatic,Gas,Fair,5.0,18,473,107,1
1928,Chevrolet,Malibu,2013,52137,1500.0,Manual,Gas,Fair,4.7,6,446,60,1
1929,Mercedes,C-Class,2023,64959,19709.27,Automatic,Gas,Fair,4.9,14,107,100,0
1930,Toyota,Camry,2009,58017,1500.0,Automatic,Gas,Good,3.6,14,288,111,1
1931,Nissan,Altima,2006,54889,1500.0,Automatic,Gas,Good,3.5,32,355,56,0
1932,Chevrolet,Malibu,2019,61440,8510.94,Automatic,Diesel,Fair,4.5,4,292,106,0
1933,Toyota,Camry,2011,110603,3224.76,Automatic,Gas,Fair,3.4,8,347,84,0
1934,Toyota,Camry,2008,53408,1500.0,Automatic,Gas,Good,4.0,33,594,75,1
1935,Hyundai,Elantra,2005,42427,1500.0,Automatic,Gas,Fair,4.7,22,318,41,0
1936,Toyota,Camry,2017,50580,6283.68,Automatic,Gas,Excellent,5.0,17,348,54,1
1937,Mercedes,C-Class,2011,84762,1500.0,Automatic,Gas,Fair,4.0,17,510,17,0
1938,BMW,X5,2019,139694,20610.45,Automatic,Gas,Excellent,3.8,24,187,105,1
1939,Mercedes,C-Class,2018,41073,18838.91,Automatic,Gas,Excellent,4.4,18,273,25,1
1940,Ford,F-150,2023,63535,17985.68,Automatic,Diesel,Good,3.6,26,289,93,0
1941,Chevrolet,Malibu,2022,73351,13723.3,Automatic,Gas,Good,4.1,5,408,87,1
1942,BMW,X5,2014,33006,4090.51,Automatic,Gas,Good,4.2,3,348,9,0
1943,Hyundai,Elantra,2013,60612,2901.46,Automatic,Gas,Good,4.2,23,352,56,0
1944,BMW,X5,2012,24849,1500.0,Automatic,Gas,Good,4.3,34,300,89,1
1945,BMW,X5,2014,20714,5578.62,Manual,Hybrid,Excellent,3.7,14,239,105,1
1946,Nissan,Altima,2021,74611,7995.58,Manual,Gas,Fair,3.8,17,491,23,0
1947,BMW,X5,2006,47556,1500.0,Automatic,Hybrid,Good,3.8,21,349,118,1
1948,Hyundai,Elantra,2010,67600,1500.0,Manual,Gas,Good,3.2,8,492,2,0
1949,Mercedes,C-Class,2009,59234,1500.0,Automatic,Gas,Good,4.4,33,233,45,1
1950,BMW,X5,2013,33328,1500.0,Automatic,Gas,Fair,4.7,21,300,119,1
1951,Honda,Civic,2009,58270,1500.0,Automatic,Gas,Good,4.7,19,366,65,1
1952,Chevrolet,Malibu,2022,28570,16914.38,Automatic,Gas,Excellent,4.0,11,380,38,1
1953,BMW,X5,2013,137941,1500.0,Automatic,Gas,Fair,3.7,23,513,6,0
1954,Chevrolet,Malibu,2021,26540,10224.94,Automatic,Gas,Poor,4.6,15,335,48,1
1955,Honda,Civic,2021,53238,10685.99,Automatic,Gas,Good,,17,512,44,0
1956,Honda,Civic,2016,32036,1819.86,Automatic,Gas,Poor,4.3,18,456,79,0
1957,Chevrolet,Malibu,2011,84309,1500.0,Automatic,Gas,Good,5.0,15,383,7,0
1958,Toyota,Camry,2007,49076,1500.0,Automatic,Gas,Good,4.2,4,257,66,0
1959,Ford,F-150,2014,43861,6026.83,Automatic,Gas,Good,,4,513,62,1
1960,Nissan,Altima,2006,99899,1500.0,Automatic,Gas,Good,4.0,13,261,30,1
1961,Toyota,Camry,2007,60940,1500.0,Manual,Gas,Excellent,3.3,32,396,93,1
1962,Toyota,Camry,2020,81632,14605.3,Automatic,Hybrid,Excellent,4.6,27,391,76,1
1963,Mercedes,C-Class,2006,33229,1500.0,Automatic,Gas,Excellent,4.1,30,368,52,1
1964,Nissan,Altima,2014,25773,1500.0,Automatic,Gas,Excellent,4.5,18,341,98,1
1965,Nissan,Altima,2010,63852,1500.0,Automatic,Gas,Good,5.0,19,276,94,1
1966,Toyota,Camry,2015,49448,6564.47,Automatic,Gas,,4.0,28,157,36,1
1967,BMW,X5,2011,87191,1500.0,Manual,Gas,Excellent,2.8,5,610,35,0
1968,Mercedes,C-Class,2019,57071,10938.53,Automatic,Gas,Poor,4.5,30,326,66,1
1969,Mercedes,C-Class,2010,67713,1500.0,Automatic,Gas,Excellent,4.3,31,380,50,1
1970,Honda,Civic,2013,22605,1913.73,Automatic,Gas,Good,3.8,31,379,3,1
1971,Hyundai,Elantra,2016,185918,7388.59,Automatic,Diesel,Excellent,4.4,28,564,106,1
1972,Nissan,Altima,2023,54255,15208.36,Automatic,Hybrid,Excellent,4.7,29,689,76,1
1973,Toyota,Camry,2007,90994,1500.0,Automatic,Gas,Excellent,3.6,25,423,4,1
1974,Honda,Civic,2019,36255,11082.31,Automatic,Gas,Good,,32,376,55,0
1975,Chevrolet,Malibu,2006,72027,1500.0,Automatic,Gas,Fair,5.0,3,231,52,0
1976,Ford,F-150,2006,27399,1500.0,Automatic,Gas,Excellent,3.8,20,183,59,1
1977,Hyundai,Elantra,2007,78530,1500.0,Automatic,Gas,Good,4.2,16,133,71,1
1978,Hyundai,Elantra,2010,48359,1500.0,Automatic,Gas,Excellent,2.6,24,280,20,0
1979,Hyundai,Elantra,2019,60932,5900.68,Automatic,Gas,Fair,3.3,11,86,19,1
1980,Mercedes,C-Class,2014,91015,4569.51,Manual,Hybrid,Fair,4.3,30,561,8,0
1981,Chevrolet,Malibu,2013,28580,1500.0,Automatic,Diesel,Excellent,4.9,11,463,67,1
1982,Hyundai,Elantra,2005,39707,1500.0,Automatic,Gas,Good,3.4,14,362,27,1
1983,Chevrolet,Malibu,2020,78778,4940.41,Automatic,Gas,Poor,4.2,26,566,79,0
1984,BMW,X5,2010,210856,1500.0,Automatic,Gas,Good,4.0,32,239,8,0
1985,Hyundai,Elantra,2013,55113,1500.0,Automatic,Gas,Good,4.8,5,277,18,1
1986,Ford,F-150,2008,85364,1500.0,Automatic,Gas,Good,3.5,4,109,29,0
1987,Chevrolet,Malibu,2006,56151,1500.0,Automatic,Diesel,Good,4.5,3,516,46,1
1988,Chevrolet,Malibu,2008,192018,1500.0,Automatic,Gas,Poor,3.8,29,278,115,0
1989,Ford,F-150,2005,20987,1500.0,Automatic,Gas,Poor,4.3,29,402,36,0
1990,Hyundai,Elantra,2023,63371,7995.99,Manual,Gas,Fair,4.2,11,550,3,0
1991,Ford,F-150,2014,22576,2812.43,Automatic,Gas,Good,,15,605,118,0
1992,Chevrolet,Malibu,2019,13307,12285.71,Automatic,Gas,Good,4.5,32,395,9,1
1993,Ford,F-150,2023,71573,20407.11,Automatic,Gas,Good,4.2,23,457,10,0
1994,Chevrolet,Malibu,2020,65101,7414.48,Automatic,Diesel,Poor,4.1,30,264,104,0
1995,Chevrolet,Malibu,2008,50468,1500.0,Automatic,Gas,Good,4.0,18,652,84,0
1996,BMW,X5,2006,56178,1500.0,Automatic,Gas,Good,4.2,21,375,66,1
1997,Toyota,Camry,2017,384223,1500.0,Automatic,Gas,Excellent,4.3,12,412,1,0
1998,Chevrolet,Malibu,2005,51281,1500.0,Automatic,Gas,Good,3.6,28,338,91,1
1999,Hyundai,Elantra,2021,81314,7356.45,Automatic,Gas,Poor,4.0,29,579,4,0
2000,Honda,Civic,2017,40553,6023.97,Manual,Gas,Good,3.6,7,429,48,0
2001,Mercedes,C-Class,2008,71477,1500.0,Automatic,Gas,Excellent,4.2,16,514,101,1
2002,Nissan,Altima,2011,51899,2706.32,Automatic,Gas,Excellent,3.8,29,453,96,1
2003,Toyota,Camry,2021,46802,15045.31,Automatic,Gas,Good,4.7,17,366,18,0
2004,Toyota,Camry,2013,178320,1500.0,Manual,Gas,Fair,4.6,30,539,78,0
2005,Toyota,Camry,2008,121335,1500.0,Automatic,Gas,Poor,,5,451,45,0
2006,BMW,X5,2023,64993,20628.28,Automatic,Gas,Fair,4.2,11,255,112,0
2007,Chevrolet,Malibu,2005,15025,1500.0,Automatic,Gas,Good,4.6,31,251,15,1
2008,BMW,X5,2014,48213,6485.26,Automatic,Gas,Good,4.1,3,422,51,0
2009,Chevrolet,Malibu,2008,303099,1500.0,Automatic,Gas,Good,3.8,3,536,61,0
2010,Hyundai,Elantra,2013,52135,1500.0,Manual,Gas,Good,3.5,21,645,4,0
2011,BMW,X5,2017,116067,9500.16,Automatic,Gas,Good,4.7,8,133,19,0
2012,BMW,X5,2018,142224,12182.44,Automatic,Gas,Good,4.7,13,403,88,1
2013,Mercedes,C-Class,2014,68280,3648.27,Automatic,Gas,Good,4.1,32,473,94,1
2014,Honda,Civic,2010,36131,1500.0,Automatic,Diesel,Excellent,4.7,20,444,77,1
2015,BMW,X5,2020,13888,29331.79,Automatic,Gas,Excellent,2.4,16,551,11,0
2016,Mercedes,C-Class,2010,90264,1500.0,Manual,Diesel,Fair,5.0,18,498,28,0
2017,Ford,F-150,2021,36722,12913.26,Automatic,Gas,Fair,4.1,3,252,114,0
2018,Honda,Civic,2014,66548,3622.72,Manual,Gas,Good,4.3,26,247,57,1
2019,Hyundai,Elantra,2022,28285,13701.45,Automatic,Diesel,Excellent,4.0,29,446,75,1
2020,BMW,X5,2022,51065,20831.51,Automatic,Diesel,Fair,5.0,34,548,54,0
2021,Nissan,Altima,2007,61097,1500.0,Automatic,Gas,Good,3.6,12,421,65,0
2022,Toyota,Camry,2019,70344,10701.0,Automatic,Gas,Good,5.0,33,163,47,0
2023,Ford,F-150,2019,30672,12044.13,Automatic,Gas,Good,4.4,27,242,106,0
2024,Ford,F-150,2008,122779,1500.0,Automatic,Gas,Good,4.6,12,503,118,0
2025,Hyundai,Elantra,2013,41850,1500.0,Automatic,Gas,Good,4.0,15,347,4,1
2026,Mercedes,C-Class,2023,21923,21734.5,Automatic,Gas,Fair,3.4,30,417,102,0
2027,Ford,F-150,2021,56082,16722.58,Automatic,Diesel,Excellent,4.8,3,559,34,0
2028,Honda,Civic,2015,61121,4307.16,Automatic,Gas,Excellent,4.4,5,219,113,1
2029,BMW,X5,2013,65930,3627.78,Automatic,Gas,Excellent,5.0,16,337,76,1
2030,BMW,X5,2014,135574,6422.14,Automatic,Gas,Good,4.1,23,321,54,0
2031,Nissan,Altima,2022,51954,12702.84,Automatic,Gas,Excellent,3.9,18,453,88,0
2032,Hyundai,Elantra,2017,55727,5051.01,Automatic,Gas,Excellent,5.0,25,515,61,1
2033,Toyota,Camry,2012,30886,1500.0,Automatic,Gas,Excellent,5.0,28,177,101,1
2034,Mercedes,C-Class,2011,97961,1500.0,Automatic,Gas,Excellent,4.2,22,399,96,1
2035,Toyota,Camry,2021,66875,10724.03,Automatic,Gas,Good,3.7,8,530,83,0
2036,Ford,F-150,2019,46536,14636.59,Automatic,Gas,Excellent,4.7,3,121,93,0
2037,Hyundai,Elantra,2019,19095,7122.82,Automatic,Gas,Good,4.0,22,390,102,1
2038,Nissan,Altima,2005,142435,1500.0,Automatic,Gas,Good,4.6,26,217,113,0
2039,Toyota,Camry,2018,28663,9207.44,Automatic,Gas,Excellent,4.0,7,303,93,0
2040,Honda,Civic,2009,41991,1500.0,Manual,Gas,Good,5.0,10,24,83,0
2041,BMW,X5,2015,74236,1951.98,Automatic,Diesel,Poor,,14,608,20,0
2042,Ford,F-150,2020,29204,12234.7,Automatic,Gas,Fair,4.5,34,346,117,1
2043,Nissan,Altima,2006,24437,1500.0,Automatic,Gas,Excellent,3.9,3,278,3,1
2044,Toyota,Camry,2012,16741,2013.97,Automatic,Gas,,4.0,15,449,40,1
2045,Mercedes,C-Class,2015,92281,8134.33,Automatic,Gas,Good,4.0,28,243,69,0
2046,Honda,Civic,2022,43169,14424.49,Automatic,Gas,Excellent,4.6,11,229,23,1
2047,Honda,Civic,2007,346750,1500.0,Manual,Gas,Excellent,4.8,22,626,69,0
2048,Toyota,Camry,2005,32971,1500.0,Automatic,Diesel,Good,4.5,27,671,94,0
2049,BMW,X5,2015,34445,7920.25,Automatic,Gas,Good,4.1,34,311,32,0
2050,Toyota,Camry,2020,42649,11634.09,Automatic,Gas,Good,4.3,26,560,24,0
2051,Ford,F-150,2022,69277,16277.79,Automatic,Gas,Good,4.7,10,453,113,0
2052,Toyota,Camry,2020,45155,9827.77,Automatic,Gas,Excellent,4.8,15,187,51,1
2053,Honda,Civic,2014,86456,2723.79,Automatic,Gas,Good,2.6,30,260,115,1
2054,Nissan,Altima,2022,33284,10209.04,Automatic,Gas,Good,4.0,4,632,58,1
2055,Toyota,Camry,2010,26135,1500.0,Automatic,Gas,Good,4.1,33,185,42,1
2056,BMW,X5,2023,20354,16099.56,Automatic,Hybrid,Poor,4.6,17,742,35,1
2057,Hyundai,Elantra,2008,15769,1500.0,Automatic,Gas,,4.2,16,314,32,0
2058,Nissan,Altima,2017,43877,1963.5,Automatic,Hybrid,,,21,637,54,0
2059,Mercedes,C-Class,2018,49981,15426.83,Manual,Gas,Good,3.6,28,354,45,0
2060,Chevrolet,Malibu,2007,40992,1500.0,Automatic,Gas,Good,4.4,11,519,48,1
2061,Toyota,Camry,2014,126253,3404.36,Automatic,Gas,Good,4.7,21,609,108,1
2062,BMW,X5,2010,125093,1500.0,Automatic,Gas,Good,3.3,32,608,86,0
2063,Nissan,Altima,2005,48977,1500.0,Manual,Gas,Good,5.0,16,312,85,1
2064,BMW,X5,2018,20407,14175.81,Automatic,Gas,Fair,4.9,10,271,92,1
2065,Mercedes,C-Class,2012,42615,1993.14,Automatic,Gas,Good,4.2,7,387,49,0
2066,Honda,Civic,2023,41777,14477.61,Automatic,Gas,Excellent,3.7,32,204,34,1
2067,BMW,X5,2018,40365,13359.04,Automatic,Gas,Fair,4.1,9,435,16,0
2068,Nissan,Altima,2014,39393,1658.9,Automatic,Gas,Fair,4.3,6,276,11,0
2069,BMW,X5,2021,40454,26400.89,Manual,Gas,Good,4.5,10,562,97,1
2070,BMW,X5,2013,47480,3188.79,Manual,Gas,Good,5.0,6,314,108,0
2071,BMW,X5,2010,40891,1500.0,Automatic,Gas,Excellent,3.9,23,138,102,1
2072,Ford,F-150,2015,67845,3067.37,Automatic,Gas,Good,4.5,32,610,19,1
2073,Ford,F-150,2011,74326,1500.0,Automatic,Gas,Excellent,3.4,3,427,92,0
2074,Honda,Civic,2021,34669,12190.27,Automatic,Gas,Excellent,4.0,28,404,29,1
2075,Toyota,Camry,2005,128365,1500.0,Manual,Gas,Good,4.4,10,564,101,1
2076,BMW,X5,2009,33255,1500.0,Automatic,Gas,Good,4.6,9,530,54,1
2077,Mercedes,C-Class,2013,22681,4577.06,Automatic,Gas,Good,3.7,13,285,53,0
2078,Toyota,Camry,2022,75242,8387.01,Automatic,Gas,Fair,3.9,23,332,67,0
2079,Mercedes,C-Class,2006,36664,1500.0,Automatic,Gas,Excellent,5.0,18,233,82,1
2080,Toyota,Camry,2015,72603,4306.69,Automatic,Gas,Good,4.9,24,180,82,1
2081,Honda,Civic,2010,14154,1500.0,Automatic,Diesel,Good,4.3,19,486,76,0
2082,BMW,X5,2012,138064,1500.0,Automatic,Gas,Excellent,2.9,26,458,82,1
2083,BMW,X5,2008,89623,1500.0,Automatic,Gas,Good,5.0,27,514,32,1
2084,Chevrolet,Malibu,2022,24336,14998.0,Manual,Gas,Good,4.2,29,592,106,1
2085,Mercedes,C-Class,2015,24654,7680.57,Automatic,Hybrid,Good,4.0,34,516,100,1
2086,Toyota,Camry,2009,163302,1500.0,Automatic,Gas,Fair,3.9,7,529,116,0
2087,Toyota,Camry,2019,38467,12040.65,Automatic,Gas,Good,4.4,28,88,83,1
2088,Hyundai,Elantra,2022,36296,6946.54,Automatic,Hybrid,Poor,4.4,9,353,56,1
2089,Hyundai,Elantra,2006,15373,1500.0,Automatic,Gas,Good,4.8,12,544,63,0
2090,Ford,F-150,2015,48510,5484.54,Automatic,Hybrid,Excellent,3.6,15,224,4,1
2091,Chevrolet,Malibu,2017,52227,6886.61,Automatic,Gas,Good,4.0,22,413,11,1
2092,Nissan,Altima,2008,91977,1500.0,Automatic,Gas,Excellent,5.0,17,477,3,0
2093,Hyundai,Elantra,2011,25862,1500.0,Automatic,Gas,Good,4.3,8,466,27,0
2094,Nissan,Altima,2015,24048,2690.95,Manual,Gas,Good,4.1,4,455,111,0
2095,Ford,F-150,2008,78478,1500.0,Automatic,Gas,Good,3.6,6,489,80,1
2096,Ford,F-150,2019,109539,10823.59,Automatic,Gas,Excellent,4.5,23,427,44,1
2097,Ford,F-150,2005,23325,1500.0,Manual,Gas,Good,4.8,16,180,18,0
2098,Mercedes,C-Class,2007,114566,1500.0,Automatic,Diesel,Excellent,4.7,27,476,30,1
2099,Mercedes,C-Class,2018,61238,13081.1,Automatic,Gas,Good,4.0,31,442,88,0
2100,Honda,Civic,2010,115275,1500.0,Automatic,Gas,Fair,4.4,27,182,70,0
2101,Honda,Civic,2022,57403,9313.75,Automatic,Hybrid,Poor,5.0,26,606,47,1
2102,Ford,F-150,2005,13182,1500.0,Automatic,Gas,Excellent,4.8,31,480,34,1
2103,Chevrolet,Malibu,2010,54656,1500.0,Automatic,Gas,Good,3.7,17,192,119,0
2104,Toyota,Camry,2010,113106,1500.0,Automatic,Gas,Good,2.7,30,277,76,1
2105,Mercedes,C-Class,2020,35022,18163.62,Automatic,Gas,Fair,4.4,16,315,42,1
2106,Chevrolet,Malibu,2009,47439,1500.0,Automatic,Gas,Good,4.7,6,315,23,0
2107,BMW,X5,2021,53869,26800.32,Automatic,Gas,Excellent,3.5,8,443,100,0
2108,Mercedes,C-Class,2014,10512,8197.71,Automatic,Gas,Good,4.2,9,253,40,0
2109,Mercedes,C-Class,2022,163212,19435.92,Automatic,Gas,Good,4.0,15,569,15,1
2110,Honda,Civic,2011,34862,1500.0,Automatic,Gas,Good,4.3,19,556,115,0
2111,Toyota,Camry,2007,81100,1500.0,Manual,Gas,Fair,3.9,31,492,80,0
2112,Toyota,Camry,2017,56839,8896.65,Automatic,Gas,Excellent,5.0,19,406,109,1
2113,Hyundai,Elantra,2019,127334,2810.89,Automatic,Gas,Poor,4.3,6,540,57,0
2114,Nissan,Altima,2023,76392,12866.75,Automatic,Diesel,Excellent,3.7,21,358,111,1
2115,Nissan,Altima,2007,52002,1500.0,Automatic,Diesel,Poor,4.8,28,291,14,0
2116,Nissan,Altima,2008,35027,1500.0,Manual,Gas,Fair,,22,578,79,0
2117,Nissan,Altima,2009,96636,1500.0,Automatic,Gas,Good,5.0,15,447,12,0
2118,BMW,X5,2005,19456,1500.0,Automatic,Hybrid,Good,,31,297,107,0
2119,BMW,X5,2008,88215,1500.0,Automatic,Gas,Excellent,5.0,11,337,117,0
2120,Mercedes,C-Class,2016,30963,14657.69,Manual,Gas,Excellent,4.1,4,289,35,1
2121,Ford,F-150,2014,126927,4774.76,Manual,Gas,Excellent,3.9,32,703,25,0
2122,Honda,Civic,2017,65958,8234.25,Automatic,Hybrid,Excellent,4.3,22,400,78,0
2123,Honda,Civic,2018,88121,8245.38,Manual,Gas,Good,4.1,25,423,2,0
2124,Nissan,Altima,2009,62893,1500.0,Automatic,Gas,Excellent,3.8,20,508,18,1
2125,Mercedes,C-Class,2008,20922,1500.0,Automatic,Gas,Fair,3.9,26,217,35,1
2126,Hyundai,Elantra,2018,35723,8921.16,Automatic,Gas,Good,4.0,28,564,9,0
2127,Chevrolet,Malibu,2014,89628,3761.0,Manual,Gas,Good,3.5,22,308,11,1
2128,Ford,F-150,2021,66170,15715.79,Automatic,Gas,Good,4.6,27,674,90,1
2129,Mercedes,C-Class,2014,121612,5411.29,Automatic,Gas,Good,4.2,32,353,67,0
2130,Ford,F-150,2011,76264,1500.0,Automatic,Gas,Excellent,4.0,19,555,69,1
2131,Ford,F-150,2020,33522,13194.71,Automatic,Gas,Good,3.5,9,25,96,1
2132,Ford,F-150,2005,37136,1500.0,Manual,Gas,Fair,3.5,19,223,105,1
2133,Mercedes,C-Class,2021,63687,21630.34,Automatic,Gas,Good,5.0,29,355,74,1
2134,Nissan,Altima,2013,14936,1692.73,Manual,Gas,Excellent,3.8,12,95,38,1
2135,Honda,Civic,2010,163417,1500.0,Manual,Gas,Fair,4.6,29,490,70,1
2136,Honda,Civic,2023,78045,14834.59,Automatic,Gas,Excellent,4.3,27,446,75,1
2137,Nissan,Altima,2017,125018,6386.58,Automatic,Gas,Good,2.5,16,251,81,0
2138,Ford,F-150,2007,23193,1500.0,Automatic,Hybrid,Good,5.0,30,397,59,1
2139,Chevrolet,Malibu,2011,126340,1500.0,Automatic,Gas,Good,4.6,28,520,66,0
2140,Toyota,Camry,2013,228410,2070.17,Automatic,Gas,Fair,3.7,14,84,41,0
2141,Mercedes,C-Class,2009,27104,1500.0,Automatic,Gas,Fair,4.2,31,208,24,0
2142,Toyota,Camry,2014,95114,4237.33,Automatic,Gas,Good,3.5,28,349,50,0
2143,Hyundai,Elantra,2021,59914,12140.09,Manual,Hybrid,Excellent,5.0,14,403,5,1
2144,Nissan,Altima,2016,23702,3202.97,Automatic,Gas,Fair,3.7,19,391,21,0
2145,Chevrolet,Malibu,2020,80477,11180.07,Automatic,Gas,Good,3.9,21,533,6,1
2146,Mercedes,C-Class,2007,98731,1500.0,Manual,Hybrid,Excellent,3.8,30,471,4,0
2147,Nissan,Altima,2013,41744,1500.0,Automatic,Gas,Good,4.2,25,504,9,1
2148,Ford,F-150,2019,120517,9269.83,Automatic,Gas,Excellent,5.0,16,191,69,1
2149,Honda,Civic,2009,22025,1500.0,Automatic,Gas,Excellent,5.0,34,421,68,1
2150,Toyota,Camry,2017,24419,2878.84,Automatic,Gas,Fair,4.0,31,353,9,1
2151,BMW,X5,2018,64988,10854.08,Automatic,Hybrid,Good,4.4,19,619,18,0
2152,BMW,X5,2019,60793,21192.55,Automatic,Gas,Excellent,4.2,17,426,59,0
2153,Chevrolet,Malibu,2020,38950,10773.78,Automatic,Hybrid,Good,3.6,23,299,43,1
2154,Ford,F-150,2017,97319,5783.99,Automatic,Hybrid,Fair,5.0,8,527,80,0
2155,Hyundai,Elantra,2021,82333,10836.84,Automatic,Gas,Excellent,5.0,32,484,66,0
2156,Toyota,Camry,2012,100195,1500.0,Automatic,Gas,Good,,21,276,29,0
2157,Ford,F-150,2006,55609,1500.0,Automatic,Gas,Fair,5.0,34,347,48,1
2158,Toyota,Camry,2009,85952,1500.0,Automatic,Gas,Excellent,4.9,31,350,51,1
2159,Chevrolet,Malibu,2010,45826,1500.0,Automatic,Gas,Good,4.2,24,584,42,0
2160,Chevrolet,Malibu,2016,205313,8569.54,Automatic,Gas,Excellent,4.4,22,430,36,0
2161,Hyundai,Elantra,2022,36771,10263.7,Automatic,Gas,Good,5.0,8,509,76,0
2162,BMW,X5,2005,211753,1500.0,Automatic,Hybrid,Fair,3.6,8,326,105,0
2163,Ford,F-150,2021,61140,16179.93,Automatic,Gas,Excellent,5.0,34,450,45,1
2164,Mercedes,C-Class,2015,26230,7115.96,Automatic,Gas,Fair,4.1,6,595,101,0
2165,BMW,X5,2014,136059,5561.21,Automatic,Diesel,Fair,5.0,3,345,98,0
2166,Ford,F-150,2023,64572,14132.22,Automatic,Gas,Good,4.2,21,417,35,1
2167,BMW,X5,2018,99775,16858.85,Automatic,Gas,Good,4.4,13,195,104,0
2168,Mercedes,C-Class,2014,124780,2636.0,Automatic,Gas,Excellent,4.2,28,285,6,1
2169,Honda,Civic,2019,73333,5797.24,Automatic,Gas,Fair,3.9,9,349,37,0
2170,Honda,Civic,2023,41967,14405.04,Automatic,Gas,Good,4.0,4,240,36,1
2171,Hyundai,Elantra,2008,107519,1500.0,Manual,Gas,Good,5.0,6,598,84,0
2172,Honda,Civic,2006,59901,1500.0,Automatic,Gas,Good,2.8,8,274,16,0
2173,Honda,Civic,2013,90356,1500.0,Automatic,Hybrid,Good,3.5,7,518,72,0
2174,Nissan,Altima,2014,16444,2486.7,Automatic,Gas,Fair,3.8,32,428,108,0
2175,Toyota,Camry,2015,78291,3654.23,Automatic,Gas,Good,3.6,24,404,22,1
2176,Nissan,Altima,2018,40816,7738.04,Automatic,Gas,Fair,5.0,23,622,69,0
2177,Nissan,Altima,2011,161455,1500.0,Automatic,Gas,Good,5.0,11,60,69,0
2178,Hyundai,Elantra,2019,87016,8847.19,Automatic,Gas,Excellent,4.6,13,370,118,1
2179,Nissan,Altima,2023,69141,11681.8,Manual,Hybrid,Fair,3.8,34,237,63,1
2180,Honda,Civic,2019,80160,9086.96,Manual,Gas,Good,5.0,30,105,109,1
2181,Mercedes,C-Class,2012,32890,1500.0,Automatic,Gas,Good,3.2,31,220,75,1
2182,Hyundai,Elantra,2015,158570,1500.0,Manual,Gas,Poor,5.0,34,402,107,0
2183,Hyundai,Elantra,2013,197762,3991.92,Automatic,Gas,Excellent,3.8,20,291,19,0
2184,Chevrolet,Malibu,2019,75792,11356.38,Automatic,Gas,Good,4.0,22,534,103,0
2185,Hyundai,Elantra,2005,155475,1500.0,Automatic,Gas,Excellent,3.9,19,367,81,0
2186,Chevrolet,Malibu,2005,42553,1500.0,Automatic,Gas,,3.6,30,351,101,1
2187,Hyundai,Elantra,2023,37113,10911.97,Automatic,Gas,Fair,5.0,15,351,102,1
2188,Toyota,Camry,2007,61362,1500.0,Automatic,Gas,Poor,4.7,25,385,18,0
2189,Honda,Civic,2014,77727,4949.41,Automatic,Gas,Good,4.9,19,337,114,1
2190,Hyundai,Elantra,2012,47268,1500.0,Automatic,Gas,Fair,3.5,24,272,73,0
2191,Honda,Civic,2019,82674,5088.81,Automatic,Hybrid,Fair,4.3,28,548,114,0
2192,Honda,Civic,2014,71957,1500.0,Automatic,Gas,Good,4.5,12,306,115,0
2193,BMW,X5,2005,32893,1500.0,Automatic,Gas,Excellent,4.4,31,342,17,0
2194,Hyundai,Elantra,2022,81738,9107.91,Manual,Gas,Good,3.5,27,464,41,0
2195,Ford,F-150,2006,100520,1500.0,Automatic,Gas,Poor,4.8,20,447,33,0
2196,BMW,X5,2023,66362,17392.73,Automatic,Gas,Poor,4.3,34,265,84,1
2197,Ford,F-150,2017,119561,6374.39,Manual,Gas,Good,3.6,19,513,55,0
2198,Honda,Civic,2005,28841,1500.0,Automatic,Gas,Fair,3.1,14,480,82,1
2199,Honda,Civic,2006,79282,1500.0,Automatic,Gas,Excellent,4.6,17,426,24,0
2200,BMW,X5,2020,29668,25635.33,Automatic,Diesel,Excellent,5.0,29,335,77,0
2201,BMW,X5,2019,30685,13684.47,Automatic,Gas,Poor,3.6,29,338,40,0
2202,Ford,F-150,2017,41004,7215.18,Automatic,Gas,,4.3,29,369,28,0
2203,Chevrolet,Malibu,2020,34022,11768.76,Automatic,Gas,Excellent,4.9,28,215,110,1
2204,Ford,F-150,2021,43096,11909.06,Automatic,Diesel,Good,3.4,31,394,67,0
2205,BMW,X5,2011,52654,1500.0,Automatic,Gas,Good,3.9,21,533,100,1
2206,Mercedes,C-Class,2021,98942,20424.37,Manual,Gas,Good,3.7,24,531,75,1
2207,BMW,X5,2011,49380,1500.0,Automatic,Diesel,Excellent,4.8,17,342,39,1
2208,Mercedes,C-Class,2017,23123,10423.74,Manual,Gas,Fair,5.0,15,559,21,0
2209,Toyota,Camry,2009,118662,1500.0,Manual,Gas,Fair,4.3,9,685,37,0
2210,BMW,X5,2021,36233,27000.61,Automatic,Gas,Good,3.7,13,352,2,0
2211,Toyota,Camry,2007,57801,1500.0,Automatic,Diesel,Good,3.9,10,503,6,0
2212,Chevrolet,Malibu,2011,78270,1500.0,Automatic,Hybrid,Good,3.8,22,60,52,0
2213,Ford,F-150,2021,67492,15281.95,Manual,Hybrid,Good,,18,211,5,0
2214,Mercedes,C-Class,2011,115440,1680.58,Automatic,Gas,Good,4.1,26,413,47,0
2215,Ford,F-150,2005,79809,1500.0,Automatic,Hybrid,Good,4.5,25,248,43,1
2216,Toyota,Camry,2021,35711,15566.57,Automatic,Gas,Good,4.5,13,705,96,0
2217,Mercedes,C-Class,2021,221269,13217.18,Automatic,Gas,Excellent,4.2,26,489,101,0
2218,Ford,F-150,2015,67278,5949.03,Manual,Gas,Good,4.2,7,544,114,0
2219,BMW,X5,2007,54808,1500.0,Automatic,Gas,Good,4.2,28,395,40,0
2220,Honda,Civic,2019,106761,7985.32,Manual,Gas,Good,3.4,9,249,11,1
2221,Toyota,Camry,2015,69540,1648.61,Automatic,Gas,Fair,4.3,18,322,81,1
2222,Ford,F-150,2020,76079,14517.6,Automatic,Hybrid,Good,,32,438,14,1
2223,Toyota,Camry,2013,267081,1677.92,Manual,Gas,Fair,3.4,18,304,2,0
2224,Nissan,Altima,2005,50763,1500.0,Automatic,Gas,Excellent,4.4,22,500,39,1
2225,Toyota,Camry,2020,49480,8458.55,Manual,Hybrid,Good,3.8,31,506,63,0
2226,Mercedes,C-Class,2013,64212,4131.25,Automatic,Gas,Fair,4.3,19,400,63,1
2227,Nissan,Altima,2023,113881,10370.23,Automatic,Gas,Good,4.7,21,126,119,0
2228,Hyundai,Elantra,2016,24247,3962.11,Automatic,Gas,Good,3.6,30,657,18,1
2229,Mercedes,C-Class,2023,18410,26980.76,Manual,Gas,Good,4.3,28,368,97,1
2230,Honda,Civic,2013,42096,1500.0,Manual,Gas,Fair,3.1,17,806,94,0
2231,Nissan,Altima,2011,22463,1500.0,Automatic,Gas,Good,5.0,27,497,79,1
2232,Hyundai,Elantra,2018,46402,7673.39,Automatic,Diesel,Fair,3.4,17,368,93,1
2233,BMW,X5,2023,80942,14686.75,Automatic,Gas,Poor,3.9,29,467,90,0
2234,Toyota,Camry,2023,35085,14319.7,Automatic,Gas,Good,5.0,22,97,1,1
2235,Ford,F-150,2006,25435,1500.0,Automatic,Gas,Good,4.1,32,553,17,1
2236,Chevrolet,Malibu,2013,62417,1500.0,Automatic,Gas,Excellent,3.5,23,785,54,1
2237,Toyota,Camry,2017,100461,4336.97,Manual,Gas,,4.6,17,86,39,0
2238,Hyundai,Elantra,2019,21655,9584.08,Automatic,Hybrid,Good,4.6,5,356,48,0
2239,Toyota,Camry,2007,97942,1500.0,Automatic,Gas,Fair,3.8,14,384,66,0
2240,Honda,Civic,2015,97771,3020.21,Automatic,Gas,Good,3.9,29,531,15,1
2241,BMW,X5,2018,106133,7624.85,Automatic,Hybrid,Poor,3.9,8,715,22,0
2242,Chevrolet,Malibu,2012,124378,1500.0,Manual,Gas,Excellent,4.1,22,457,20,0
2243,Nissan,Altima,2022,224405,6441.78,Automatic,Gas,Good,3.1,7,721,93,0
2244,Nissan,Altima,2023,48355,13194.19,Manual,Gas,Good,4.1,13,425,89,0
2245,Nissan,Altima,2020,63942,10204.94,Manual,Gas,Good,5.0,25,467,43,1
2246,Hyundai,Elantra,2006,46636,1500.0,Automatic,Diesel,Fair,3.7,14,449,56,0
2247,Mercedes,C-Class,2012,59945,3434.57,Automatic,Gas,Excellent,3.8,9,583,24,1
2248,Mercedes,C-Class,2010,150200,1500.0,Automatic,Gas,Excellent,3.5,11,336,98,0
2249,Ford,F-150,2016,26715,7992.6,Automatic,Gas,Good,4.6,20,522,43,1
2250,Chevrolet,Malibu,2019,35716,11158.22,Automatic,Hybrid,Good,4.9,16,215,21,1
2251,Nissan,Altima,2012,136804,3312.69,Automatic,Diesel,Fair,4.9,6,357,48,0
2252,Mercedes,C-Class,2008,110417,1500.0,Automatic,Gas,Poor,3.5,33,304,66,0
2253,Hyundai,Elantra,2019,48152,9692.56,Automatic,Gas,Excellent,4.5,10,413,115,1
2254,Ford,F-150,2021,99971,12083.16,Automatic,Gas,Good,5.0,18,352,16,0
2255,BMW,X5,2017,73477,14387.42,Automatic,Gas,Good,4.5,6,569,40,1
2256,Ford,F-150,2022,147290,8779.45,Automatic,Hybrid,Poor,4.5,30,268,21,0
2257,Mercedes,C-Class,2006,62611,1500.0,Automatic,Hybrid,Fair,3.9,34,140,52,1
2258,Honda,Civic,2017,110788,7769.18,Automatic,Diesel,,4.3,21,196,101,1
2259,Hyundai,Elantra,2017,292203,2833.25,Automatic,Gas,Good,4.9,32,549,8,0
2260,Honda,Civic,2019,85721,9799.9,Automatic,Diesel,Excellent,4.4,28,254,78,1
2261,Nissan,Altima,2014,61672,1500.0,Automatic,Hybrid,Good,3.5,8,459,110,1
2262,Honda,Civic,2007,92361,1500.0,Automatic,Gas,Good,3.9,21,355,55,0
2263,Nissan,Altima,2023,48090,11755.48,Automatic,Gas,Good,4.9,17,523,86,1
2264,Nissan,Altima,2007,250892,1500.0,Automatic,Gas,Good,4.4,14,365,82,0
2265,Mercedes,C-Class,2018,66705,15802.62,Manual,Gas,Good,4.3,32,814,58,1
2266,Honda,Civic,2012,50829,1500.0,Automatic,Hybrid,Good,3.9,14,684,5,1
2267,Nissan,Altima,2008,36264,1500.0,Automatic,Gas,Good,4.9,4,352,42,1
2268,Chevrolet,Malibu,2015,115650,3212.36,Automatic,Gas,Excellent,5.0,11,332,111,1
2269,BMW,X5,2015,100741,8001.61,Automatic,Gas,Excellent,5.0,5,869,109,0
2270,Ford,F-150,2015,44426,5059.03,Automatic,Gas,Excellent,5.0,3,238,30,1
2271,Ford,F-150,2006,84615,1500.0,Manual,Diesel,Fair,4.0,16,391,95,0
2272,Mercedes,C-Class,2021,24218,27648.15,Automatic,Gas,Excellent,3.9,30,403,9,1
2273,Honda,Civic,2013,66901,4711.01,Manual,Gas,Fair,4.1,33,399,95,0
2274,Honda,Civic,2006,78562,1500.0,Automatic,Gas,Excellent,4.2,33,139,95,1
2275,Nissan,Altima,2019,166774,6298.7,Manual,Gas,Good,5.0,30,474,41,1
2276,Hyundai,Elantra,2020,37703,7671.56,Automatic,Gas,Fair,,15,254,51,1
2277,Toyota,Camry,2008,27805,1500.0,Automatic,Hybrid,Good,4.5,31,615,57,1
2278,Nissan,Altima,2012,34987,1500.0,Automatic,Gas,Excellent,3.3,27,181,73,1
2279,BMW,X5,2013,26851,4496.46,Automatic,Gas,Excellent,3.2,7,408,101,0
2280,Chevrolet,Malibu,2009,133518,1500.0,Automatic,Gas,Fair,4.3,9,67,61,0
2281,Ford,F-150,2020,151627,11004.2,Automatic,Gas,Good,4.7,16,76,6,1
2282,Nissan,Altima,2017,72557,3749.8,Automatic,Hybrid,Good,4.2,18,274,119,0
2283,Toyota,Camry,2011,124589,1500.0,Automatic,Gas,Good,5.0,20,295,106,1
2284,Toyota,Camry,2021,64885,13266.11,Automatic,Gas,Good,3.6,16,619,26,0
2285,Nissan,Altima,2007,56552,1500.0,Automatic,Gas,Excellent,3.5,3,393,74,0
2286,Mercedes,C-Class,2009,49029,1500.0,Manual,Gas,Good,,8,593,6,1
2287,Ford,F-150,2023,49700,18936.51,Automatic,Gas,Good,3.8,31,343,53,1
2288,Mercedes,C-Class,2016,23654,13367.6,Automatic,Gas,Excellent,4.5,23,490,61,1
2289,Chevrolet,Malibu,2011,70161,1500.0,Automatic,Gas,Fair,3.9,12,291,33,0
2290,Toyota,Camry,2013,58442,1500.0,Automatic,Diesel,Fair,3.3,34,280,116,0
2291,Toyota,Camry,2010,93640,1500.0,Manual,Gas,Fair,4.7,8,126,45,0
2292,BMW,X5,2021,63329,25362.45,Automatic,Gas,Excellent,3.1,4,450,94,0
2293,Chevrolet,Malibu,2020,54305,9306.17,Automatic,Hybrid,Good,3.6,9,439,40,1
2294,Toyota,Camry,2007,35499,1500.0,Manual,Hybrid,Fair,3.2,19,516,24,0
2295,Chevrolet,Malibu,2008,62523,1500.0,Automatic,Gas,Excellent,4.3,29,432,92,1
2296,Ford,F-150,2014,93240,5106.71,Automatic,Gas,Excellent,4.3,26,703,45,0
2297,Honda,Civic,2009,30151,1500.0,Manual,Gas,Fair,5.0,16,426,38,0
2298,Toyota,Camry,2014,63100,3410.01,Automatic,Gas,Good,,25,548,29,1
2299,BMW,X5,2016,68859,9597.51,Automatic,Gas,Good,5.0,9,351,115,1
2300,Ford,F-150,2014,38916,4347.3,Automatic,Gas,Good,4.4,24,263,108,1
2301,Nissan,Altima,2017,42078,4596.33,Automatic,Gas,Fair,3.6,28,507,79,1
2302,Chevrolet,Malibu,2015,68759,5080.07,Manual,Gas,Good,4.3,23,386,8,0
2303,Nissan,Altima,2020,30331,8264.09,Automatic,Gas,Fair,4.6,11,524,64,0
2304,Mercedes,C-Class,2012,73862,2668.55,Automatic,Gas,Good,4.6,21,452,87,1
2305,Ford,F-150,2012,34988,1500.0,Automatic,Gas,Good,3.9,32,281,107,1
2306,Nissan,Altima,2012,113290,1500.0,Automatic,Gas,Good,4.5,27,561,73,0
2307,Hyundai,Elantra,2017,243457,3842.85,Automatic,Gas,Excellent,,23,269,51,0
2308,Hyundai,Elantra,2006,35722,1500.0,Automatic,Gas,Good,3.6,26,493,75,1
2309,Toyota,Camry,2016,82497,4632.1,Automatic,Gas,Good,,13,592,6,0
2310,Chevrolet,Malibu,2014,38713,1744.64,Manual,Gas,Fair,4.2,5,342,47,0
2311,Honda,Civic,2016,111811,4697.39,Automatic,Gas,Good,3.5,25,573,49,0
2312,Ford,F-150,2015,28024,6433.44,Automatic,Gas,Good,3.9,28,459,76,0
2313,Toyota,Camry,2019,79885,9899.39,Automatic,Gas,Good,4.7,6,527,98,0
2314,BMW,X5,2020,35461,13416.78,Automatic,Gas,Fair,3.6,7,274,85,1
2315,Mercedes,C-Class,2021,52881,22271.96,Automatic,Gas,Good,3.9,6,432,32,0
2316,Chevrolet,Malibu,2006,32253,1500.0,Automatic,Gas,Excellent,4.2,15,188,54,1
2317,Ford,F-150,2022,98067,13219.88,Manual,Gas,Fair,4.3,11,656,36,0
2318,Hyundai,Elantra,2016,36236,5941.63,Manual,Gas,Good,,30,97,89,1
2319,Ford,F-150,2023,83381,15266.08,Automatic,Gas,Good,4.7,25,346,99,0
2320,Honda,Civic,2022,48705,13021.89,Automatic,Gas,Good,4.6,16,260,98,0
2321,Hyundai,Elantra,2021,55899,7120.68,Automatic,Diesel,Good,4.9,18,501,19,0
2322,Honda,Civic,2010,65424,1500.0,Automatic,Gas,Good,4.2,33,688,37,1
2323,BMW,X5,2019,37907,22025.71,Automatic,Gas,Excellent,3.9,33,498,17,0
2324,Mercedes,C-Class,2007,67929,1500.0,Automatic,Gas,Fair,3.8,24,844,80,0
2325,BMW,X5,2010,149971,1500.0,Automatic,Gas,Excellent,4.4,8,193,16,0
2326,Toyota,Camry,2007,37539,1500.0,Automatic,Gas,Good,4.0,29,204,58,1
2327,Toyota,Camry,2005,120944,1500.0,Automatic,Gas,Excellent,3.9,12,266,44,0
2328,BMW,X5,2017,147098,9824.91,Automatic,Gas,Good,3.9,25,418,68,0
2329,Mercedes,C-Class,2018,36691,17302.65,Automatic,Gas,Excellent,3.8,23,245,49,0
2330,BMW,X5,2017,25008,12733.96,Manual,Gas,Good,4.3,28,287,94,0
2331,Mercedes,C-Class,2008,71766,1500.0,Manual,Gas,Good,3.4,15,493,51,0
2332,Mercedes,C-Class,2011,43111,1500.0,Automatic,Gas,Excellent,4.4,32,214,98,1
2333,Nissan,Altima,2014,183718,3700.75,Automatic,Gas,Good,4.6,5,230,5,0
2334,Hyundai,Elantra,2011,61137,1500.0,Automatic,Gas,Fair,3.9,29,340,97,1
2335,Chevrolet,Malibu,2019,37000,9477.3,Automatic,Gas,,5.0,13,354,58,0
2336,Mercedes,C-Class,2019,30082,15324.59,Automatic,Gas,Fair,4.2,5,551,46,0
2337,Honda,Civic,2008,115144,1500.0,Automatic,Gas,Fair,3.3,9,264,55,0
2338,Mercedes,C-Class,2010,42501,1500.0,Automatic,Gas,Poor,4.0,29,291,73,0
2339,Mercedes,C-Class,2009,61469,1500.0,Automatic,Gas,Fair,4.2,32,487,17,0
2340,Mercedes,C-Class,2016,106242,9082.44,Automatic,Gas,Good,,12,520,12,0
2341,Nissan,Altima,2005,44776,1500.0,Manual,Hybrid,Poor,,3,614,24,0
2342,Hyundai,Elantra,2012,58246,1500.0,Automatic,Gas,Fair,3.6,6,470,56,0
2343,Nissan,Altima,2005,59281,1500.0,Automatic,Gas,Fair,3.5,28,419,55,1
2344,Toyota,Camry,2009,90218,1500.0,Automatic,Gas,Excellent,,32,486,116,0
2345,Nissan,Altima,2010,85344,1500.0,Automatic,Hybrid,Poor,3.9,10,359,76,0
2346,Honda,Civic,2007,52466,1500.0,Automatic,Hybrid,Fair,3.5,22,358,79,1
2347,Honda,Civic,2019,62204,7536.62,Automatic,Gas,Fair,3.8,19,133,16,1
2348,Nissan,Altima,2009,47902,1500.0,Automatic,Gas,Excellent,4.6,7,534,87,1
2349,Hyundai,Elantra,2018,24672,8840.22,Automatic,Gas,Excellent,5.0,33,431,82,1
2350,BMW,X5,2022,69881,14834.07,Automatic,Gas,Poor,4.7,19,516,22,0
2351,Chevrolet,Malibu,2020,186337,6225.0,Automatic,Gas,Good,5.0,11,0,110,0
2352,Hyundai,Elantra,2010,35234,1500.0,Automatic,Diesel,Good,4.8,10,392,44,0
2353,Nissan,Altima,2018,37653,8512.97,Automatic,Gas,Fair,4.7,32,271,95,0
2354,Mercedes,C-Class,2012,35509,1500.0,Automatic,Gas,Excellent,4.0,9,625,43,1
2355,Ford,F-150,2011,92480,1573.78,Automatic,Gas,Good,4.3,7,492,79,1
2356,Chevrolet,Malibu,2012,78361,1500.0,Automatic,Gas,Good,3.9,6,435,117,0
2357,Chevrolet,Malibu,2017,54441,6588.29,Automatic,Gas,Good,4.1,25,335,21,1
2358,Honda,Civic,2010,34516,1500.0,Manual,Gas,Good,4.2,5,459,8,1
2359,Chevrolet,Malibu,2022,63286,16496.08,Manual,Gas,Excellent,4.6,10,260,49,1
2360,Nissan,Altima,2006,23417,1500.0,Automatic,Gas,Excellent,4.5,7,385,104,0
2361,Mercedes,C-Class,2012,65254,1500.0,Manual,Gas,Good,4.1,7,313,100,1
2362,Mercedes,C-Class,2015,101003,7454.86,Automatic,Diesel,Fair,4.2,19,739,106,0
2363,Toyota,Camry,2005,28262,1500.0,Manual,Gas,Good,4.5,31,620,102,1
2364,Mercedes,C-Class,2010,23872,1500.0,Automatic,Gas,Excellent,4.6,17,559,6,1
2365,Hyundai,Elantra,2020,154455,9186.02,Automatic,Gas,Excellent,3.3,28,176,81,0
2366,Mercedes,C-Class,2016,41479,7109.61,Automatic,Gas,Fair,3.6,33,529,104,1
2367,Honda,Civic,2015,118369,3657.46,Automatic,Hybrid,Poor,4.9,29,428,109,0
2368,Mercedes,C-Class,2014,54589,6539.98,Automatic,Diesel,Good,4.2,10,583,47,0
2369,Toyota,Camry,2007,54329,1500.0,Manual,Gas,Excellent,3.9,9,448,36,0
2370,Ford,F-150,2017,77889,7511.03,Automatic,Gas,Good,4.0,19,398,92,0
2371,Nissan,Altima,2007,35228,1500.0,Automatic,Gas,Fair,4.0,14,435,111,1
2372,Honda,Civic,2019,64828,8650.29,Automatic,Hybrid,Good,4.5,30,129,23,1
2373,Hyundai,Elantra,2020,47624,9667.89,Automatic,Gas,Good,3.5,6,284,31,0
2374,Ford,F-150,2017,27111,10015.53,Automatic,Gas,Good,4.2,22,456,110,1
2375,Honda,Civic,2021,73312,5841.77,Automatic,Gas,Poor,4.3,30,570,75,1
2376,BMW,X5,2007,51124,1500.0,Automatic,Diesel,Excellent,4.4,27,317,62,0
2377,Chevrolet,Malibu,2015,54490,2367.32,Automatic,Gas,Poor,,28,393,84,0
2378,BMW,X5,2023,28966,31532.97,Automatic,Gas,Good,4.5,20,159,96,1
2379,Mercedes,C-Class,2015,155568,3658.94,Automatic,Gas,Good,3.9,6,618,81,0
2380,Ford,F-150,2020,101318,11508.08,Automatic,Hybrid,Good,3.6,12,567,57,0
2381,Mercedes,C-Class,2007,106776,1500.0,Manual,Gas,Good,5.0,5,497,106,0
2382,Chevrolet,Malibu,2010,49847,1500.0,Automatic,Hybrid,Good,4.0,28,461,102,1
2383,Honda,Civic,2018,21215,10072.28,Automatic,Gas,Good,4.1,33,632,70,1
2384,Chevrolet,Malibu,2022,193252,8325.73,Automatic,Gas,Excellent,4.6,7,279,65,0
2385,Toyota,Camry,2021,57718,12577.37,Automatic,Hybrid,Good,5.0,14,263,37,0
2386,Chevrolet,Malibu,2008,38204,1500.0,Automatic,Hybrid,Good,3.9,25,559,68,0
2387,Toyota,Camry,2019,76886,8580.77,Automatic,Gas,Excellent,3.6,7,549,95,0
2388,Chevrolet,Malibu,2015,120604,4681.89,Automatic,Gas,Fair,3.5,7,220,75,0
2389,Nissan,Altima,2007,59051,1500.0,Automatic,Gas,Excellent,5.0,6,320,17,0
2390,Toyota,Camry,2007,128945,1500.0,Automatic,Gas,Good,3.6,32,653,7,0
2391,Ford,F-150,2020,114668,14440.56,Automatic,Gas,Excellent,4.2,27,461,52,1
2392,Mercedes,C-Class,2009,31387,1500.0,Automatic,Gas,Good,3.6,8,518,35,1
2393,Hyundai,Elantra,2014,39963,2363.73,Automatic,Gas,Good,3.3,12,226,2,0
2394,Mercedes,C-Class,2023,106353,25572.56,Automatic,Gas,Good,4.0,8,498,40,0
2395,BMW,X5,2008,11759,1500.0,Automatic,Gas,Excellent,3.6,29,187,37,1
2396,Mercedes,C-Class,2023,54738,30470.43,Automatic,Gas,Excellent,3.8,24,103,57,0
2397,Honda,Civic,2015,25374,6311.92,Automatic,Gas,Fair,5.0,24,509,101,0
2398,Nissan,Altima,2006,44984,1500.0,Automatic,Gas,Good,4.5,3,615,10,0
2399,Chevrolet,Malibu,2014,50046,5035.72,Automatic,Gas,,4.8,18,361,76,1
2400,BMW,X5,2015,48293,10976.28,Automatic,Gas,Excellent,4.7,13,318,81,1
2401,Honda,Civic,2020,42986,8372.24,Automatic,Gas,Fair,4.1,8,656,46,1
2402,Honda,Civic,2023,30999,16752.17,Automatic,Gas,Excellent,3.9,22,370,90,0
2403,Toyota,Camry,2015,236841,2490.61,Automatic,Gas,Fair,4.3,20,390,5,0
2404,Mercedes,C-Class,2018,183593,10042.74,Automatic,Gas,Good,4.3,8,654,5,0
2405,Ford,F-150,2006,29814,1500.0,Automatic,Gas,Good,3.9,19,346,102,1
2406,Hyundai,Elantra,2009,154704,1500.0,Automatic,Gas,Good,4.3,14,301,111,1
2407,Ford,F-150,2009,47113,1500.0,Automatic,Gas,Fair,3.8,19,522,27,1
2408,BMW,X5,2023,64699,26593.29,Automatic,Hybrid,Good,4.1,23,293,5,0
2409,Nissan,Altima,2016,57643,1593.57,Automatic,Gas,Good,4.0,24,378,61,0
2410,Ford,F-150,2022,40301,15222.22,Manual,Diesel,Good,3.4,20,202,8,0
2411,Chevrolet,Malibu,2008,108045,1500.0,Manual,Gas,Fair,2.8,12,427,31,0
2412,Ford,F-150,2021,64571,15527.05,Manual,Gas,Good,,26,410,97,1
2413,BMW,X5,2014,44984,6359.19,Automatic,Gas,Excellent,5.0,22,545,21,1
2414,Hyundai,Elantra,2010,27371,1500.0,Automatic,Gas,Excellent,4.0,14,528,99,1
2415,Ford,F-150,2018,35025,12336.77,Automatic,Hybrid,Excellent,4.7,6,482,21,0
2416,Chevrolet,Malibu,2015,22363,2888.91,Automatic,Gas,Excellent,2.9,12,459,51,0
2417,Toyota,Camry,2015,60314,6150.06,Automatic,Gas,Excellent,3.6,32,389,79,1
2418,Nissan,Altima,2022,29202,9792.89,Automatic,Gas,Good,3.4,7,491,100,0
2419,BMW,X5,2022,51055,28094.64,Manual,Gas,Excellent,4.1,28,233,59,1
2420,Toyota,Camry,2015,136224,2196.67,Automatic,Gas,Good,5.0,6,47,2,0
2421,Toyota,Camry,2016,122955,5188.11,Automatic,Gas,Good,4.5,29,574,30,0
2422,Toyota,Camry,2009,58725,1500.0,Automatic,Diesel,Excellent,5.0,32,501,58,1
2423,Honda,Civic,2013,56825,1500.0,Automatic,Gas,Excellent,4.0,18,380,92,1
2424,Nissan,Altima,2013,184965,3175.85,Automatic,Gas,Excellent,5.0,7,561,81,0
2425,Hyundai,Elantra,2014,81834,2853.57,Automatic,Gas,Excellent,5.0,28,290,108,0
2426,Mercedes,C-Class,2023,49183,23343.16,Automatic,Gas,Fair,4.1,21,294,20,0
2427,Nissan,Altima,2005,25447,1500.0,Automatic,Gas,Good,3.9,26,273,40,1
2428,Honda,Civic,2011,75835,1500.0,Manual,Hybrid,,3.4,8,485,29,1
2429,Mercedes,C-Class,2008,98478,1500.0,Automatic,Gas,Good,4.0,26,162,5,0
2430,Nissan,Altima,2005,40986,1500.0,Automatic,Gas,Excellent,4.2,33,284,89,1
2431,Toyota,Camry,2019,71304,8937.24,Automatic,Diesel,Good,5.0,33,443,10,1
2432,BMW,X5,2012,48139,2309.24,Manual,Gas,Good,3.4,23,219,83,0
2433,Mercedes,C-Class,2016,53614,9930.1,Automatic,Gas,Good,4.2,9,300,61,1
2434,Chevrolet,Malibu,2022,13457,14451.63,Automatic,Gas,Good,3.1,12,68,105,0
2435,Chevrolet,Malibu,2019,52414,9870.34,Automatic,Diesel,Excellent,3.9,9,490,112,0
2436,Ford,F-150,2021,107111,13675.92,Manual,Gas,Good,,24,296,1,0
2437,Mercedes,C-Class,2018,40993,12465.12,Automatic,Gas,Fair,4.5,16,235,47,0
2438,BMW,X5,2018,61791,11436.46,Automatic,Gas,Fair,4.6,30,205,98,0
2439,Hyundai,Elantra,2022,38041,12515.11,Automatic,Gas,Excellent,4.4,12,337,57,0
2440,Honda,Civic,2022,74329,11027.87,Automatic,Gas,Good,4.5,32,162,14,1
2441,Toyota,Camry,2020,52579,9485.38,Automatic,Gas,Good,4.2,31,691,25,1
2442,Ford,F-150,2005,34079,1500.0,Automatic,Gas,Fair,3.6,22,42,90,0
2443,Chevrolet,Malibu,2015,133189,2254.85,Automatic,Hybrid,Excellent,3.1,24,332,21,0
2444,Honda,Civic,2019,104543,7988.22,Manual,Gas,Good,3.9,27,416,16,0
2445,Honda,Civic,2016,41649,3131.48,Automatic,Gas,Excellent,4.1,34,283,74,1
2446,Toyota,Camry,2012,80714,1500.0,Manual,Diesel,Good,5.0,13,431,32,1
2447,Hyundai,Elantra,2010,82656,1500.0,Automatic,Gas,Good,4.1,16,280,108,1
2448,Hyundai,Elantra,2007,88025,1500.0,Automatic,Hybrid,Fair,4.1,33,629,45,0
2449,Mercedes,C-Class,2017,21664,11667.93,Automatic,Gas,Fair,4.4,14,232,64,0
2450,Chevrolet,Malibu,2017,109531,7752.51,Automatic,Gas,Good,4.0,6,47,84,0
2451,Hyundai,Elantra,2006,42539,1500.0,Automatic,Gas,Good,4.7,15,205,73,1
2452,BMW,X5,2009,48305,1500.0,Automatic,Gas,Excellent,5.0,24,457,60,1
2453,Hyundai,Elantra,2021,291480,5783.0,Automatic,Gas,Good,5.0,24,382,98,0
2454,Honda,Civic,2010,71762,1500.0,Automatic,Gas,Good,4.3,31,512,95,1
2455,Toyota,Camry,2006,47486,1500.0,Automatic,Gas,Excellent,4.4,5,475,19,1
2456,BMW,X5,2008,15943,1500.0,Automatic,Gas,Fair,,34,304,47,1
2457,Mercedes,C-Class,2015,137841,7293.49,Automatic,Gas,Excellent,4.1,15,326,95,0
2458,Chevrolet,Malibu,2012,26712,2419.02,Manual,Gas,Good,4.6,22,342,64,1
2459,Mercedes,C-Class,2016,32791,8316.81,Automatic,Gas,Fair,3.5,21,682,30,0
2460,Honda,Civic,2012,49079,1500.0,Automatic,Gas,Fair,4.0,17,503,47,1
2461,BMW,X5,2015,140062,6294.0,Manual,Gas,Fair,4.9,21,683,88,0
2462,BMW,X5,2012,95219,1500.0,Manual,Gas,Excellent,3.8,28,526,33,1
2463,BMW,X5,2012,54464,1665.59,Automatic,Gas,Fair,4.1,30,390,82,0
2464,Honda,Civic,2021,72039,12774.34,Automatic,Gas,Excellent,3.3,22,247,21,0
2465,Honda,Civic,2020,41763,10783.39,Automatic,Gas,Fair,5.0,31,430,95,0
2466,Mercedes,C-Class,2018,65107,14776.72,Automatic,Diesel,Good,5.0,6,390,63,1
2467,Ford,F-150,2015,62567,5055.34,Automatic,Gas,Fair,4.3,8,385,103,1
2468,Mercedes,C-Class,2011,107072,1500.0,Automatic,Gas,Excellent,4.5,31,368,42,1
2469,Chevrolet,Malibu,2020,106970,11474.06,Automatic,Hybrid,Good,4.4,17,92,61,0
2470,Toyota,Camry,2017,80530,1500.0,Automatic,Gas,Fair,5.0,6,589,105,0
2471,BMW,X5,2019,48174,14165.59,Automatic,Gas,Fair,3.9,8,392,115,0
2472,Ford,F-150,2020,93441,13010.37,Automatic,Gas,Excellent,,4,187,43,0
2473,Toyota,Camry,2013,56659,1602.31,Automatic,Gas,Fair,4.8,6,472,68,0
2474,Ford,F-150,2007,31283,1500.0,Automatic,Gas,Excellent,4.9,20,271,26,1
2475,Hyundai,Elantra,2023,47005,12947.22,Automatic,Gas,Good,2.8,17,484,33,0
2476,Hyundai,Elantra,2009,62989,1500.0,Automatic,Gas,Good,3.8,14,532,108,0
2477,Nissan,Altima,2014,103376,1753.18,Automatic,Gas,Excellent,3.6,10,552,33,1
2478,Hyundai,Elantra,2021,53631,9736.72,Automatic,Gas,Excellent,4.3,14,375,49,0
2479,Mercedes,C-Class,2019,28983,15514.98,Automatic,Gas,Fair,3.0,11,337,84,0
2480,Hyundai,Elantra,2012,61947,1500.0,Automatic,Gas,Good,3.0,9,306,41,0
2481,Honda,Civic,2019,64091,10132.04,Automatic,Gas,Excellent,5.0,24,291,72,0
2482,BMW,X5,2018,66936,10432.45,Automatic,Gas,Fair,4.6,10,397,36,0
2483,Mercedes,C-Class,2011,103976,3267.73,Automatic,Gas,Fair,4.3,22,368,72,0
2484,Toyota,Camry,2016,110343,1500.0,Automatic,Diesel,Good,4.4,12,276,95,0
2485,Nissan,Altima,2021,41918,13553.07,Automatic,Gas,Excellent,4.3,13,228,119,1
2486,Nissan,Altima,2021,41370,11192.98,Automatic,Gas,Excellent,4.8,4,383,22,1
2487,Nissan,Altima,2014,32076,7527.39,Automatic,Gas,Good,3.8,32,334,106,0
2488,Toyota,Camry,2023,91061,14202.96,Manual,Gas,Good,4.3,6,228,114,0
2489,Toyota,Camry,2018,142813,8286.8,Automatic,Gas,Good,4.3,23,524,47,1
2490,Toyota,Camry,2015,49560,4379.23,Automatic,Gas,Fair,3.6,27,665,83,0
2491,Toyota,Camry,2006,51799,1500.0,Manual,Gas,Good,5.0,23,544,20,0
2492,Nissan,Altima,2022,144360,10684.11,Manual,Diesel,Excellent,3.9,27,291,87,0
2493,Nissan,Altima,2011,81091,1500.0,Automatic,Gas,Fair,4.8,11,392,24,0
2494,Ford,F-150,2016,77787,7398.04,Automatic,Diesel,Good,4.3,10,631,43,0
2495,Mercedes,C-Class,2006,29303,1500.0,Automatic,Gas,Good,5.0,7,223,88,0
2496,BMW,X5,2022,89970,19628.58,Automatic,Gas,Fair,3.6,16,517,100,0
2497,Hyundai,Elantra,2010,34286,1500.0,Automatic,Hybrid,Fair,3.5,30,182,73,1
2498,Hyundai,Elantra,2014,30320,1676.91,Automatic,Gas,Good,,4,652,104,0
2499,Honda,Civic,2019,48627,7481.67,Automatic,Diesel,Excellent,4.3,23,335,16,0
2500,Nissan,Altima,2009,42130,1500.0,Automatic,Gas,Poor,5.0,29,734,27,0
2501,Honda,Civic,2007,52419,1500.0,Automatic,Gas,Good,5.0,19,659,45,1
2502,Mercedes,C-Class,2009,25220,1500.0,Manual,Gas,Good,2.8,10,384,37,0
2503,Mercedes,C-Class,2012,106435,1500.0,Automatic,Gas,Good,4.3,4,292,13,0
2504,Honda,Civic,2012,117784,1500.0,Automatic,Gas,Good,,25,429,51,0
2505,Nissan,Altima,2012,18612,1500.0,Automatic,Gas,Fair,4.7,17,372,2,1
2506,Honda,Civic,2016,107696,3271.36,Automatic,Gas,Good,4.9,29,339,76,1
2507,Hyundai,Elantra,2012,36815,4295.65,Automatic,Gas,Fair,4.2,4,151,105,0
2508,Ford,F-150,2015,100126,1841.53,Manual,Gas,Fair,4.3,30,322,97,0
2509,Hyundai,Elantra,2018,57465,6182.73,Manual,Gas,Fair,4.2,13,233,87,1
2510,Chevrolet,Malibu,2012,60916,1500.0,Automatic,Gas,Good,3.7,16,482,59,1
2511,Nissan,Altima,2014,53580,3090.91,Automatic,Gas,,4.5,32,548,14,1
2512,Nissan,Altima,2011,123905,1500.0,Automatic,Gas,Good,4.1,23,511,103,0
2513,BMW,X5,2021,28459,28870.68,Automatic,Diesel,Excellent,4.8,12,451,49,1
2514,Toyota,Camry,2008,86224,1500.0,Automatic,Gas,Fair,4.1,34,272,30,1
2515,Chevrolet,Malibu,2017,115936,6552.52,Automatic,Gas,Good,3.7,34,430,119,0
2516,Mercedes,C-Class,2008,92023,1500.0,Automatic,Gas,Excellent,3.3,9,518,110,0
2517,Nissan,Altima,2009,241546,1500.0,Automatic,Hybrid,Excellent,3.1,24,312,113,0
2518,Honda,Civic,2008,43592,1500.0,Automatic,Gas,Excellent,5.0,16,417,98,1
2519,Chevrolet,Malibu,2022,106338,12327.16,Manual,Gas,Fair,3.9,15,378,9,0
2520,BMW,X5,2010,56181,1500.0,Automatic,Gas,Good,4.4,23,649,79,1
2521,Mercedes,C-Class,2006,125497,1500.0,Automatic,Gas,Excellent,5.0,24,527,24,1
2522,Toyota,Camry,2015,59598,5119.62,Automatic,Gas,Fair,3.9,4,491,112,0
2523,Toyota,Camry,2018,47442,7798.36,Automatic,Hybrid,Excellent,3.8,12,142,41,1
2524,BMW,X5,2009,131090,1500.0,Automatic,Hybrid,Fair,4.1,3,425,60,0
2525,BMW,X5,2010,44580,1500.0,Automatic,Gas,Good,4.2,3,376,89,0
2526,Honda,Civic,2014,25651,2868.1,Automatic,Gas,Good,5.0,26,375,100,1
2527,Nissan,Altima,2012,43909,2106.02,Automatic,Hybrid,Good,5.0,5,165,32,1
2528,Toyota,Camry,2018,86805,9167.9,Automatic,Gas,Good,4.6,33,236,47,1
2529,Mercedes,C-Class,2007,138029,1500.0,Automatic,Gas,Fair,5.0,13,389,21,0
2530,Chevrolet,Malibu,2016,64002,7853.59,Manual,Gas,Excellent,4.1,21,567,42,1
2531,Mercedes,C-Class,2020,132047,9648.92,Manual,Gas,Poor,4.4,11,311,103,0
2532,Ford,F-150,2021,26505,16249.71,Automatic,Gas,Good,4.0,15,340,70,1
2533,Ford,F-150,2005,45891,1500.0,Automatic,Diesel,Good,3.4,24,667,111,0
2534,BMW,X5,2014,50355,4649.27,Automatic,Gas,Good,4.9,6,355,89,0
2535,Honda,Civic,2014,55896,1500.0,Automatic,Gas,Excellent,4.5,22,380,2,1
2536,Ford,F-150,2006,62972,1500.0,Automatic,Gas,Good,4.2,25,382,31,1
2537,Toyota,Camry,2013,90630,1714.92,Automatic,Gas,Poor,4.2,8,198,56,0
2538,Mercedes,C-Class,2017,45849,14889.76,Automatic,Gas,Excellent,3.3,4,485,30,1
2539,Mercedes,C-Class,2020,65082,19823.79,Automatic,Gas,Good,3.6,11,302,63,0
2540,BMW,X5,2022,58274,27168.86,Automatic,Gas,Good,4.4,20,395,15,0
2541,Nissan,Altima,2023,34353,13625.27,Manual,Diesel,Good,,26,466,18,0
2542,Nissan,Altima,2016,55926,8469.86,Automatic,Gas,Excellent,4.1,6,691,32,0
2543,Chevrolet,Malibu,2012,54929,1500.0,Automatic,Diesel,Good,4.1,28,202,14,0
2544,BMW,X5,2021,54227,12748.67,Automatic,Gas,Poor,3.8,3,529,62,1
2545,Hyundai,Elantra,2019,61026,6684.17,Automatic,Gas,Excellent,3.6,34,530,82,1
2546,Chevrolet,Malibu,2014,62655,3822.68,Automatic,Gas,Good,3.2,3,304,99,0
2547,Hyundai,Elantra,2019,46194,7846.33,Automatic,Gas,Good,4.1,27,489,52,1
2548,Nissan,Altima,2019,128492,5399.3,Automatic,Gas,Good,4.6,22,646,22,0
2549,BMW,X5,2011,29682,1500.0,Automatic,Gas,Good,3.2,19,285,14,1
2550,Hyundai,Elantra,2017,38848,5260.8,Automatic,Gas,Good,4.2,21,436,102,1
2551,BMW,X5,2021,317419,10018.89,Automatic,Gas,Excellent,4.4,5,460,78,0
2552,BMW,X5,2013,32119,5180.16,Manual,Gas,Fair,3.6,25,480,34,0
2553,Nissan,Altima,2012,26575,1561.65,Automatic,Gas,Fair,5.0,24,515,86,0
2554,Chevrolet,Malibu,2022,93030,15861.03,Automatic,Gas,Excellent,4.0,26,424,80,1
2555,Chevrolet,Malibu,2017,17218,10647.59,Automatic,Gas,Good,4.1,25,477,56,1
2556,BMW,X5,2020,51991,17247.71,Manual,Gas,Fair,4.1,19,263,112,0
2557,Ford,F-150,2013,216965,1500.0,Automatic,Gas,Poor,3.1,5,424,53,0
2558,Honda,Civic,2016,23695,3987.89,Automatic,Gas,Poor,4.8,27,328,49,1
2559,Nissan,Altima,2016,18229,6104.47,Manual,Gas,Fair,3.6,6,215,63,0
2560,Honda,Civic,2010,24354,1500.0,Automatic,Gas,Excellent,4.1,29,323,16,0
2561,Honda,Civic,2023,102643,9063.21,Automatic,Gas,Fair,,30,440,80,0
2562,Chevrolet,Malibu,2011,117579,1500.0,Automatic,Gas,Fair,5.0,29,465,40,1
2563,Chevrolet,Malibu,2007,44022,1500.0,Automatic,Diesel,Good,3.6,31,209,38,1
2564,Ford,F-150,2020,90212,12338.46,Automatic,Gas,Good,3.9,15,259,18,1
2565,Honda,Civic,2022,137881,8492.9,Automatic,Hybrid,Good,5.0,32,508,23,0
2566,Honda,Civic,2020,174976,8059.88,Automatic,Gas,Good,4.5,32,476,110,0
2567,BMW,X5,2011,51647,1500.0,Automatic,Hybrid,Excellent,4.6,32,533,48,1
2568,Chevrolet,Malibu,2008,15049,1500.0,Automatic,Gas,Excellent,3.6,17,605,104,1
2569,Honda,Civic,2012,36587,1500.0,Automatic,Gas,Excellent,4.0,14,480,82,1
2570,Mercedes,C-Class,2017,46347,12195.78,Automatic,Gas,Good,4.1,5,337,46,0
2571,Ford,F-150,2017,51258,8689.98,Automatic,Gas,Excellent,3.7,23,417,113,1
2572,Hyundai,Elantra,2021,53491,10340.24,Automatic,Diesel,Fair,3.2,10,648,22,1
2573,Mercedes,C-Class,2021,117164,21112.5,Manual,Gas,Excellent,3.9,3,814,54,0
2574,Mercedes,C-Class,2009,128625,1500.0,Automatic,Hybrid,Fair,5.0,20,469,40,0
2575,Hyundai,Elantra,2010,54013,1500.0,Manual,Gas,Fair,4.2,15,480,30,1
2576,Nissan,Altima,2023,115738,9117.34,Automatic,Gas,Fair,5.0,9,508,112,0
2577,Nissan,Altima,2017,74205,6575.43,Automatic,Gas,Good,4.3,15,403,55,0
2578,Ford,F-150,2018,62236,9375.58,Automatic,Hybrid,Excellent,3.7,19,574,56,1
2579,Mercedes,C-Class,2008,103148,1500.0,Automatic,Gas,Good,5.0,15,551,42,0
2580,Honda,Civic,2011,62526,1500.0,Manual,Gas,Excellent,4.3,34,453,42,1
2581,Chevrolet,Malibu,2012,205805,2468.49,Manual,Gas,Poor,4.8,31,352,62,0
2582,Ford,F-150,2017,25259,8930.75,Automatic,Gas,Good,3.6,15,171,117,0
2583,BMW,X5,2010,43953,1500.0,Automatic,Hybrid,Good,4.8,32,509,82,1
2584,Hyundai,Elantra,2010,55497,1500.0,Automatic,Gas,Fair,4.8,32,431,53,0
2585,Mercedes,C-Class,2007,77938,1500.0,Automatic,Gas,Fair,4.4,13,289,82,1
2586,Ford,F-150,2007,128126,1500.0,Automatic,Gas,Fair,3.7,16,230,105,0
2587,Toyota,Camry,2017,59004,5888.67,Automatic,Gas,Good,4.2,23,499,53,0
2588,Toyota,Camry,2006,25505,1500.0,Automatic,Gas,Good,4.6,12,159,64,0
2589,Nissan,Altima,2020,99261,7757.91,Automatic,Gas,Good,4.3,10,444,1,0
2590,Hyundai,Elantra,2010,94181,1500.0,Automatic,Gas,Excellent,4.6,33,526,112,1
2591,Chevrolet,Malibu,2012,18673,2031.01,Automatic,Gas,Fair,4.8,8,482,106,0
2592,Honda,Civic,2012,59737,1500.0,Automatic,Gas,Good,3.8,21,341,79,0
2593,Chevrolet,Malibu,2010,23061,1500.0,Manual,Gas,Excellent,3.5,25,212,69,1
2594,Chevrolet,Malibu,2018,40183,9117.28,Automatic,Hybrid,Fair,4.2,21,488,27,0
2595,Chevrolet,Malibu,2007,34832,1500.0,Automatic,Hybrid,Good,4.0,14,580,17,0
2596,Hyundai,Elantra,2014,97300,1500.0,Automatic,Gas,Fair,4.7,23,314,63,0
2597,Chevrolet,Malibu,2007,64221,1500.0,Automatic,Gas,Fair,3.6,34,476,41,1
2598,BMW,X5,2016,27684,8780.55,Automatic,Gas,Fair,4.8,9,637,58,0
2599,Hyundai,Elantra,2021,101522,6870.87,Manual,Gas,Excellent,5.0,20,450,57,1
2600,BMW,X5,2009,25329,1500.0,Manual,Gas,Excellent,4.2,28,340,96,1
2601,Hyundai,Elantra,2013,72989,1500.0,Automatic,Gas,Fair,4.2,22,556,38,0
2602,Nissan,Altima,2011,36738,1500.0,Automatic,Gas,Fair,3.7,20,289,90,1
2603,Ford,F-150,2008,48078,1500.0,Automatic,Gas,Good,3.9,25,205,66,0
2604,Toyota,Camry,2017,81029,6587.14,Automatic,Diesel,Good,4.0,5,521,92,0
2605,Chevrolet,Malibu,2017,81868,9330.02,Automatic,Gas,Excellent,5.0,11,339,45,1
2606,Nissan,Altima,2014,133543,1500.0,Automatic,Gas,Poor,4.2,29,352,23,0
2607,Ford,F-150,2022,56990,20104.69,Automatic,Gas,Excellent,3.4,8,305,114,1
2608,Toyota,Camry,2021,71960,12745.03,Automatic,Gas,Excellent,4.4,3,329,20,1
2609,Mercedes,C-Class,2017,46044,11553.58,Automatic,Gas,Good,4.7,12,610,36,1
2610,Honda,Civic,2021,66782,13205.19,Automatic,Gas,Excellent,4.2,10,649,42,1
2611,BMW,X5,2008,77939,1500.0,Automatic,Gas,Fair,5.0,31,669,119,0
2612,Mercedes,C-Class,2005,56444,1500.0,Automatic,Gas,Excellent,4.7,25,563,22,1
2613,Hyundai,Elantra,2005,20287,1500.0,Automatic,Gas,Excellent,3.6,19,469,60,1
2614,Toyota,Camry,2019,73048,8357.24,Automatic,Gas,Good,3.9,5,185,11,0
2615,Mercedes,C-Class,2017,74513,9751.37,Automatic,Hybrid,Good,4.3,5,371,28,0
2616,Honda,Civic,2021,39810,13539.14,Manual,Gas,Excellent,3.2,32,723,45,1
2617,Nissan,Altima,2012,27704,1500.0,Automatic,Gas,Good,4.4,5,334,119,1
2618,Toyota,Camry,2022,145150,11692.97,Automatic,Gas,Good,3.1,33,627,22,0
2619,Mercedes,C-Class,2017,80407,9348.43,Automatic,Gas,Fair,4.8,9,408,81,0
2620,BMW,X5,2018,52185,18971.22,Automatic,Diesel,Excellent,4.7,24,0,63,1
2621,BMW,X5,2012,30266,1500.0,Automatic,Gas,Poor,4.5,13,496,31,0
2622,Ford,F-150,2012,36567,1544.14,Automatic,Gas,Good,3.8,30,589,11,1
2623,Mercedes,C-Class,2019,130816,14600.21,Manual,Gas,Excellent,4.3,20,392,36,0
2624,Chevrolet,Malibu,2017,65029,8418.46,Automatic,Gas,Excellent,3.9,34,584,78,1
2625,Mercedes,C-Class,2011,43029,1500.0,Automatic,Hybrid,Good,3.6,7,149,35,1
2626,Nissan,Altima,2009,81292,1500.0,Automatic,Gas,Excellent,4.0,24,192,23,0
2627,Toyota,Camry,2021,36730,12459.07,Automatic,Gas,Good,4.6,30,430,29,0
2628,Toyota,Camry,2020,147341,11149.82,Automatic,Hybrid,Excellent,4.2,4,471,23,0
2629,Nissan,Altima,2006,134817,1500.0,Automatic,Gas,Good,5.0,33,603,108,1
2630,Mercedes,C-Class,2022,45254,24088.35,Manual,Gas,Good,4.7,16,495,100,0
2631,Nissan,Altima,2021,41060,12480.81,Automatic,Gas,Excellent,4.6,3,220,16,1
2632,Honda,Civic,2011,12445,2853.74,Automatic,Gas,Good,3.2,6,431,103,1
2633,Hyundai,Elantra,2017,24613,6636.19,Automatic,Gas,Fair,4.0,16,490,84,0
2634,Nissan,Altima,2022,26804,12789.39,Automatic,Gas,Excellent,3.6,17,118,89,1
2635,BMW,X5,2018,64933,12663.89,Automatic,Gas,Fair,4.1,30,393,19,1
2636,Nissan,Altima,2022,49230,11118.18,Automatic,Hybrid,Good,3.8,22,349,90,0
2637,Toyota,Camry,2017,26710,3192.08,Manual,Gas,Poor,4.0,22,301,96,0
2638,BMW,X5,2015,50579,9711.19,Automatic,Gas,Excellent,4.8,19,474,63,1
2639,Toyota,Camry,2020,81080,5765.5,Automatic,Gas,Poor,4.5,5,227,50,0
2640,Ford,F-150,2021,82182,12410.31,Manual,Diesel,Good,4.8,25,462,85,1
2641,Chevrolet,Malibu,2012,19152,1500.0,Manual,Gas,Good,3.2,6,483,73,0
2642,Toyota,Camry,2023,55439,14804.61,Automatic,Diesel,Good,4.2,20,562,43,0
2643,BMW,X5,2019,26107,21026.56,Manual,Gas,Excellent,4.8,26,231,19,0
2644,Ford,F-150,2013,102851,1654.56,Automatic,Hybrid,Fair,5.0,29,174,113,0
2645,Toyota,Camry,2014,95845,1862.11,Automatic,Gas,Good,3.3,3,441,85,0
2646,Honda,Civic,2016,34932,6963.78,Automatic,Gas,Excellent,4.0,31,357,18,1
2647,Nissan,Altima,2005,37811,1500.0,Manual,Gas,Excellent,4.8,34,835,6,1
2648,Chevrolet,Malibu,2013,45398,3231.51,Automatic,Gas,Excellent,4.1,27,468,35,1
2649,Toyota,Camry,2019,15495,10026.58,Automatic,Gas,Good,3.7,7,408,14,0
2650,Ford,F-150,2005,73246,1500.0,Automatic,Gas,Good,3.3,20,374,64,0
2651,Honda,Civic,2016,50832,5101.88,Automatic,Gas,Good,3.6,15,217,9,0
2652,Mercedes,C-Class,2007,107162,1500.0,Automatic,Diesel,Good,3.2,16,484,35,1
2653,Ford,F-150,2015,30975,4949.33,Automatic,Gas,Good,4.2,22,388,2,0
2654,Nissan,Altima,2006,41296,1500.0,Manual,Gas,Good,4.7,5,388,115,1
2655,Ford,F-150,2020,24247,16594.73,Automatic,Gas,Excellent,3.4,25,414,6,1
2656,Honda,Civic,2013,32775,4376.74,Automatic,Gas,Excellent,4.4,8,433,99,0
2657,Ford,F-150,2019,29460,15394.98,Automatic,Diesel,Excellent,4.7,29,139,25,1
2658,Honda,Civic,2016,108834,3993.55,Manual,Gas,Fair,4.2,30,525,73,0
2659,Toyota,Camry,2005,39381,1500.0,Automatic,Gas,Good,3.2,13,273,50,0
2660,Hyundai,Elantra,2017,64505,3584.28,Automatic,Gas,Poor,4.4,11,379,95,1
2661,Honda,Civic,2018,47645,5744.4,Manual,Hybrid,Good,4.2,22,592,7,1
2662,Honda,Civic,2012,27954,2412.89,Automatic,Diesel,Fair,4.1,30,666,63,1
2663,Chevrolet,Malibu,2012,54123,2651.77,Automatic,Gas,Good,3.9,21,144,28,0
2664,Honda,Civic,2016,85773,2555.79,Automatic,Gas,Good,4.3,9,404,2,1
2665,Honda,Civic,2005,29008,1500.0,Manual,Gas,Excellent,4.5,24,440,65,1
2666,Mercedes,C-Class,2015,97291,9743.86,Automatic,Gas,Good,5.0,23,173,101,0
2667,Hyundai,Elantra,2012,35960,1500.0,Automatic,Gas,Fair,4.3,33,520,59,0
2668,Toyota,Camry,2014,44811,2106.08,Manual,Gas,Excellent,5.0,33,417,24,1
2669,Nissan,Altima,2023,82323,15353.37,Automatic,Gas,Excellent,4.4,12,429,62,1
2670,Chevrolet,Malibu,2015,40212,5066.25,Automatic,Gas,Good,4.1,9,262,99,0
2671,Mercedes,C-Class,2011,61239,1500.0,Automatic,Gas,Poor,4.3,7,461,71,0
2672,BMW,X5,2015,49572,8956.39,Automatic,Gas,Good,3.5,27,525,38,1
2673,Hyundai,Elantra,2021,64706,7684.97,Automatic,Gas,Excellent,4.4,30,419,93,1
2674,Toyota,Camry,2005,14350,1500.0,Automatic,Gas,Good,3.0,6,322,62,0
2675,Toyota,Camry,2012,19974,1500.0,Manual,Gas,Good,3.7,19,334,65,1
2676,BMW,X5,2010,86645,1500.0,Automatic,Gas,Fair,4.3,28,433,119,0
2677,Nissan,Altima,2022,111558,10154.59,Automatic,Diesel,Fair,4.9,30,407,51,1
2678,Honda,Civic,2010,34672,1522.56,Automatic,Gas,Good,5.0,7,535,94,0
2679,Mercedes,C-Class,2009,51719,1500.0,Automatic,Gas,Excellent,4.1,19,327,52,1
2680,Ford,F-150,2017,71455,7173.83,Automatic,Hybrid,Fair,4.3,30,217,110,0
2681,Chevrolet,Malibu,2023,90756,12528.75,Manual,Gas,Good,4.8,31,453,96,0
2682,Ford,F-150,2012,17736,1500.0,Automatic,Hybrid,Poor,3.4,19,328,74,1
2683,BMW,X5,2013,35185,5551.06,Manual,Gas,Good,4.4,19,517,98,1
2684,Toyota,Camry,2021,49042,10332.44,Automatic,Gas,Fair,3.7,3,401,63,0
2685,Nissan,Altima,2007,91297,1500.0,Automatic,Gas,Fair,4.1,26,498,11,0
2686,Toyota,Camry,2023,268084,5586.33,Automatic,Gas,Good,3.9,4,247,48,0
2687,Chevrolet,Malibu,2015,52218,1500.0,Automatic,Gas,Poor,4.5,27,421,113,0
2688,Toyota,Camry,2021,25740,13246.31,Automatic,Gas,Excellent,4.5,25,295,101,1
2689,Toyota,Camry,2023,76218,10273.91,Automatic,Diesel,Fair,4.7,32,216,54,1
2690,Chevrolet,Malibu,2006,132269,1500.0,Automatic,Gas,Poor,4.4,29,270,91,0
2691,Mercedes,C-Class,2012,63882,1500.0,Automatic,Gas,Good,4.3,21,318,50,0
2692,Mercedes,C-Class,2023,34752,26483.1,Automatic,Gas,Good,5.0,11,586,112,1
2693,Chevrolet,Malibu,2011,106382,1500.0,Automatic,Gas,,3.3,22,314,74,1
2694,Nissan,Altima,2021,89154,6840.33,Automatic,Gas,Fair,5.0,25,209,38,0
2695,BMW,X5,2010,32349,1500.0,Automatic,Gas,Fair,4.0,17,419,86,0
2696,Hyundai,Elantra,2023,75271,13312.73,Automatic,Gas,Good,4.5,21,404,88,1
2697,Toyota,Camry,2010,108918,1500.0,Automatic,Gas,Fair,4.0,7,326,8,0
2698,Nissan,Altima,2006,121678,1500.0,Automatic,Gas,Good,3.8,15,375,6,0
2699,Toyota,Camry,2010,57533,1500.0,Automatic,Gas,Excellent,4.5,6,546,119,1
2700,Hyundai,Elantra,2009,48298,1500.0,Automatic,Gas,Good,4.8,15,500,68,0
2701,BMW,X5,2023,125036,24963.54,Automatic,Gas,Good,4.5,8,487,69,0
2702,Mercedes,C-Class,2008,28966,1500.0,Manual,Gas,Excellent,3.9,14,222,6,1
2703,Nissan,Altima,2021,77897,9920.9,Automatic,Gas,Good,5.0,31,832,111,1
2704,Honda,Civic,2015,26317,6317.08,Automatic,Gas,Good,4.9,11,557,32,0
2705,Honda,Civic,2008,113462,1500.0,Automatic,Gas,Fair,4.8,17,477,38,0
2706,Hyundai,Elantra,2017,51285,5656.24,Automatic,Gas,Excellent,4.0,23,225,115,1
2707,Honda,Civic,2021,128174,12931.13,Automatic,Gas,Good,3.8,17,542,57,0
2708,Mercedes,C-Class,2013,80406,3301.93,Manual,Gas,Good,4.0,19,324,84,0
2709,Hyundai,Elantra,2008,28740,1500.0,Automatic,Gas,Fair,4.8,31,370,104,0
2710,Mercedes,C-Class,2018,140755,13040.66,Automatic,Diesel,Good,3.6,7,147,109,0
2711,BMW,X5,2023,151864,16501.49,Automatic,Gas,Fair,3.6,7,213,100,0
2712,Toyota,Camry,2007,101658,1500.0,Automatic,Gas,,4.5,27,465,64,0
2713,BMW,X5,2018,37912,21323.87,Manual,Gas,Good,4.4,26,550,54,1
2714,BMW,X5,2012,49830,1500.0,Automatic,Diesel,Excellent,3.7,7,502,113,0
2715,Mercedes,C-Class,2005,65333,1500.0,Automatic,Gas,Fair,3.5,23,497,14,1
2716,Hyundai,Elantra,2014,39252,3025.09,Automatic,Gas,Good,5.0,33,390,64,1
2717,Hyundai,Elantra,2022,165281,9177.73,Automatic,Gas,Good,4.4,16,338,50,0
2718,Honda,Civic,2020,65290,8860.07,Automatic,Gas,Good,3.4,4,443,47,0
2719,Ford,F-150,2012,11825,1500.0,Manual,Gas,Fair,3.4,34,523,54,1
2720,Toyota,Camry,2005,73395,1500.0,Automatic,Gas,Poor,4.0,11,400,19,0
2721,Mercedes,C-Class,2016,48586,6481.2,Automatic,Gas,Poor,4.6,16,581,75,1
2722,Honda,Civic,2012,57242,1500.0,Automatic,Diesel,Good,4.6,29,367,39,1
2723,Nissan,Altima,2020,47993,12180.18,Automatic,Gas,Good,4.9,17,252,65,0
2724,Ford,F-150,2022,97171,15951.31,Automatic,Gas,Excellent,3.3,6,398,99,0
2725,Ford,F-150,2008,117220,1500.0,Automatic,Gas,Excellent,4.3,25,415,83,0
2726,Mercedes,C-Class,2010,70957,1500.0,Automatic,Gas,Fair,5.0,28,387,60,1
2727,Chevrolet,Malibu,2016,48845,5274.68,Automatic,Diesel,Good,5.0,8,592,33,0
2728,Toyota,Camry,2013,58407,4912.95,Manual,Gas,Good,4.4,16,520,32,1
2729,Ford,F-150,2019,60582,10529.31,Automatic,Gas,Good,5.0,7,185,36,1
2730,Mercedes,C-Class,2020,36995,16055.91,Automatic,Hybrid,Fair,4.6,29,630,24,1
2731,Mercedes,C-Class,2016,84741,12481.82,Automatic,Gas,Excellent,4.8,13,0,43,0
2732,Honda,Civic,2018,78907,10303.94,Automatic,Gas,,4.2,23,722,71,0
2733,Nissan,Altima,2017,150883,6131.07,Automatic,Gas,Good,3.7,16,356,71,0
2734,Chevrolet,Malibu,2006,127161,1500.0,Manual,Hybrid,Good,3.7,9,371,46,0
2735,Toyota,Camry,2007,39679,1500.0,Automatic,Diesel,Poor,4.3,16,390,47,1
2736,Hyundai,Elantra,2014,97946,2701.99,Automatic,Gas,Fair,4.1,15,457,69,0
2737,BMW,X5,2013,33840,3454.62,Automatic,Gas,Good,3.1,20,399,14,1
2738,Nissan,Altima,2012,90903,1500.0,Automatic,Diesel,Fair,3.6,34,379,45,0
2739,Nissan,Altima,2014,43915,2500.07,Automatic,Gas,Good,4.0,27,596,52,1
2740,Honda,Civic,2023,32404,10844.36,Manual,Diesel,Fair,4.6,4,484,90,1
2741,Hyundai,Elantra,2007,70829,1500.0,Automatic,Gas,Excellent,4.2,11,256,118,0
2742,Ford,F-150,2009,12031,1500.0,Automatic,Gas,Fair,4.2,13,511,50,1
2743,Ford,F-150,2007,20939,1500.0,Automatic,Gas,Good,3.6,22,478,65,0
2744,Honda,Civic,2020,53825,8215.2,Automatic,Gas,Excellent,,31,318,77,1
2745,Mercedes,C-Class,2021,62910,23196.8,Automatic,Gas,Excellent,5.0,28,518,64,1
2746,Ford,F-150,2019,47973,11536.83,Manual,Hybrid,Good,4.3,13,376,23,0
2747,Chevrolet,Malibu,2007,23209,1500.0,Automatic,Gas,Good,3.3,28,366,84,0
2748,Toyota,Camry,2016,36653,5720.52,Manual,Diesel,Excellent,3.4,8,362,71,0
2749,Nissan,Altima,2013,75714,2572.16,Automatic,Gas,Good,,3,35,70,0
2750,Nissan,Altima,2016,84886,5202.95,Automatic,Gas,Good,4.1,7,320,59,0
2751,Chevrolet,Malibu,2019,59294,11352.03,Automatic,Diesel,Good,4.2,24,506,73,0
2752,Hyundai,Elantra,2006,119862,1500.0,Automatic,Gas,Fair,3.8,27,396,92,0
2753,Ford,F-150,2022,75996,16814.74,Manual,Gas,Excellent,4.5,16,207,74,1
2754,Nissan,Altima,2016,38235,6174.98,Automatic,Gas,Good,4.0,27,544,54,1
2755,BMW,X5,2008,50599,1500.0,Automatic,Gas,Fair,4.1,18,355,99,0
2756,Hyundai,Elantra,2020,25803,9573.66,Automatic,Gas,Good,3.7,11,216,71,1
2757,Toyota,Camry,2020,56112,12351.56,Automatic,Diesel,Good,4.8,32,730,89,1
2758,Toyota,Camry,2005,116688,1500.0,Automatic,Hybrid,Good,4.1,21,242,94,0
2759,Nissan,Altima,2006,90325,1500.0,Automatic,Gas,Good,,31,531,107,1
2760,Honda,Civic,2007,138857,1500.0,Automatic,Gas,Good,3.5,22,284,26,0
2761,Hyundai,Elantra,2021,49924,10412.03,Automatic,Gas,Fair,5.0,10,420,44,0
2762,Nissan,Altima,2005,134276,1500.0,Automatic,Gas,Excellent,5.0,10,264,76,1
2763,Honda,Civic,2010,53317,1500.0,Automatic,Gas,Fair,3.1,18,214,13,0
2764,Nissan,Altima,2019,144777,7251.78,Manual,Diesel,Excellent,3.7,20,478,54,0
2765,BMW,X5,2018,59094,15272.06,Automatic,Gas,Good,4.5,10,460,119,0
2766,Hyundai,Elantra,2019,91522,6221.98,Manual,Gas,Fair,3.4,25,571,40,0
2767,Mercedes,C-Class,2018,145083,8893.33,Automatic,Diesel,Fair,4.1,11,394,4,0
2768,Toyota,Camry,2009,53313,1500.0,Automatic,Gas,Fair,4.5,34,733,53,0
2769,Nissan,Altima,2010,68256,1500.0,Automatic,Diesel,Fair,4.1,7,440,116,0
2770,BMW,X5,2021,129743,19805.66,Automatic,Gas,Good,4.5,4,485,1,0
2771,Honda,Civic,2015,55281,3571.79,Manual,Gas,Good,3.8,23,196,6,1
2772,Honda,Civic,2020,27104,11274.83,Automatic,Hybrid,Good,2.9,16,307,55,1
2773,Toyota,Camry,2016,216599,1761.29,Automatic,Gas,Good,4.8,20,477,66,0
2774,Chevrolet,Malibu,2019,45167,9234.65,Automatic,Diesel,Good,4.8,15,387,118,1
2775,Nissan,Altima,2008,65857,1500.0,Automatic,Diesel,Good,5.0,14,428,110,1
2776,Hyundai,Elantra,2022,119802,8467.89,Automatic,Gas,Good,2.9,17,277,91,0
2777,Ford,F-150,2007,41560,1500.0,Automatic,Gas,Fair,4.7,23,418,18,1
2778,Honda,Civic,2012,32704,1500.0,Automatic,Gas,Good,3.0,17,417,106,1
2779,Hyundai,Elantra,2007,69719,1500.0,Automatic,Diesel,Excellent,5.0,31,222,29,1
2780,Hyundai,Elantra,2012,20417,1500.0,Automatic,Gas,Good,4.5,33,496,53,1
2781,Mercedes,C-Class,2022,50375,25786.39,Automatic,Gas,Good,3.6,27,144,33,0
2782,Hyundai,Elantra,2014,69357,2742.2,Automatic,Gas,Good,4.7,25,427,3,0
2783,Hyundai,Elantra,2021,50920,10309.62,Automatic,Gas,Fair,,25,664,20,1
2784,Mercedes,C-Class,2012,23716,2140.66,Automatic,Diesel,Good,4.4,3,502,4,0
2785,Honda,Civic,2015,155827,6134.09,Automatic,Diesel,Fair,4.3,27,501,82,0
2786,Hyundai,Elantra,2009,63711,1500.0,Automatic,Hybrid,Good,5.0,24,265,8,1
2787,Chevrolet,Malibu,2017,141307,7493.46,Automatic,Gas,Good,5.0,9,665,86,0
2788,Chevrolet,Malibu,2009,51224,1500.0,Automatic,Gas,Fair,3.8,15,606,105,0
2789,BMW,X5,2017,35312,17333.5,Automatic,Gas,Excellent,4.8,34,273,86,1
2790,Mercedes,C-Class,2010,70369,1500.0,Automatic,Gas,Excellent,4.4,30,328,83,1
2791,BMW,X5,2009,52602,1500.0,Manual,Gas,Excellent,3.4,20,588,28,0
2792,Mercedes,C-Class,2013,29535,4041.6,Manual,Hybrid,Good,3.8,34,669,66,1
2793,Nissan,Altima,2020,144620,7769.99,Automatic,Diesel,Excellent,5.0,3,210,73,0
2794,Nissan,Altima,2006,41218,1500.0,Automatic,Hybrid,Poor,4.4,13,249,99,0
2795,Hyundai,Elantra,2005,19847,1500.0,Manual,Diesel,Good,4.8,15,378,86,1
2796,Ford,F-150,2012,132839,1500.0,Automatic,Diesel,Good,4.1,22,74,26,0
2797,Nissan,Altima,2023,44241,15253.53,Automatic,Gas,Excellent,3.9,30,402,34,1
2798,Ford,F-150,2015,41577,5459.55,Automatic,Diesel,Good,4.2,11,577,71,0
2799,Nissan,Altima,2016,20759,5030.55,Automatic,Gas,Good,4.0,32,184,94,0
2800,Toyota,Camry,2016,170171,3536.36,Automatic,Gas,Good,3.3,27,419,49,0
2801,Nissan,Altima,2011,27620,1500.0,Manual,Gas,Good,3.6,32,312,89,1
2802,BMW,X5,2017,62011,15037.79,Automatic,Gas,Good,4.6,18,645,49,0
2803,Honda,Civic,2012,103525,3881.6,Automatic,Gas,Good,4.0,13,314,73,0
2804,Hyundai,Elantra,2013,77113,2898.18,Automatic,Gas,,4.2,5,627,27,1
2805,BMW,X5,2011,57768,1500.0,Automatic,Gas,Excellent,4.3,19,310,65,1
2806,Honda,Civic,2019,21568,6626.23,Automatic,Hybrid,,4.4,4,515,33,0
2807,Chevrolet,Malibu,2006,36833,1500.0,Automatic,Diesel,Good,4.9,34,437,72,1
2808,BMW,X5,2016,67015,10904.44,Automatic,Gas,Good,3.5,33,379,49,0
2809,Chevrolet,Malibu,2005,37335,1500.0,Manual,Gas,Good,4.5,11,281,63,0
2810,Ford,F-150,2012,67644,1500.0,Automatic,Gas,Good,4.7,11,448,32,1
2811,Ford,F-150,2009,90133,1500.0,Automatic,Gas,Excellent,,18,333,104,1
2812,Toyota,Camry,2019,106670,4089.76,Automatic,Gas,Poor,3.4,30,296,19,1
2813,Nissan,Altima,2005,28689,1500.0,Automatic,Hybrid,Good,4.4,3,620,100,1
2814,BMW,X5,2005,223683,1500.0,Automatic,Gas,Poor,5.0,27,482,50,0
2815,Chevrolet,Malibu,2014,94891,3433.07,Manual,Gas,Good,4.1,19,496,109,0
2816,Honda,Civic,2014,59812,2862.17,Manual,Gas,Excellent,4.5,12,341,22,0
2817,Ford,F-150,2019,115119,8104.5,Automatic,Gas,Good,4.7,22,372,103,0
2818,Nissan,Altima,2021,247519,8231.45,Automatic,Gas,Excellent,3.6,7,362,90,0
2819,Ford,F-150,2010,25254,1562.78,Automatic,Gas,Fair,5.0,10,450,67,1
2820,Honda,Civic,2007,52304,1500.0,Automatic,Hybrid,Fair,4.5,15,496,110,1
2821,Nissan,Altima,2017,14370,5884.42,Automatic,Gas,Good,4.5,23,395,9,1
2822,Nissan,Altima,2020,67210,9773.94,Manual,Gas,Good,3.2,7,281,35,0
2823,Chevrolet,Malibu,2012,74550,1500.0,Automatic,Gas,Good,4.7,6,514,71,1
2824,Chevrolet,Malibu,2019,58483,6787.18,Automatic,Gas,Poor,4.5,27,405,79,0
2825,BMW,X5,2021,40428,25674.64,Automatic,Gas,Excellent,5.0,31,183,4,1
2826,BMW,X5,2021,17505,19777.41,Automatic,Gas,Fair,4.0,10,79,37,0
2827,Mercedes,C-Class,2017,74915,11224.05,Automatic,Gas,Good,3.6,27,444,28,1
2828,Hyundai,Elantra,2021,143380,5433.29,Automatic,Gas,Poor,3.8,25,275,9,0
2829,Mercedes,C-Class,2010,41998,1500.0,Automatic,Gas,Fair,3.9,9,464,35,1
2830,Toyota,Camry,2021,77966,8655.13,Automatic,Gas,Poor,3.5,7,283,112,0
2831,Ford,F-150,2020,23367,14631.51,Automatic,Gas,Good,5.0,12,419,112,0
2832,BMW,X5,2018,78773,17934.33,Automatic,Gas,Excellent,5.0,34,343,115,1
2833,Chevrolet,Malibu,2017,47286,7166.48,Automatic,Gas,Good,4.1,19,662,25,0
2834,Honda,Civic,2010,37894,1500.0,Manual,Gas,Good,4.0,30,542,9,1
2835,Chevrolet,Malibu,2007,37940,1500.0,Automatic,Gas,Fair,3.1,8,602,61,0
2836,Ford,F-150,2018,47279,11582.16,Automatic,Gas,Excellent,4.6,12,403,52,1
2837,Mercedes,C-Class,2018,75316,15194.85,Automatic,Gas,Good,5.0,18,523,97,0
2838,Chevrolet,Malibu,2019,27247,13081.92,Automatic,Gas,Excellent,3.8,24,413,17,0
2839,Hyundai,Elantra,2012,47180,1500.0,Automatic,Gas,Fair,4.1,12,620,76,0
2840,Toyota,Camry,2019,58402,7707.78,Automatic,Hybrid,Excellent,4.5,6,389,9,1
2841,Ford,F-150,2017,30963,8552.87,Automatic,Gas,Good,5.0,4,190,54,1
2842,Mercedes,C-Class,2021,175957,17157.2,Automatic,Diesel,Excellent,4.3,33,100,5,1
2843,Hyundai,Elantra,2007,35878,1500.0,Automatic,Diesel,Good,4.3,3,650,63,0
2844,Honda,Civic,2010,40068,1500.0,Automatic,Hybrid,Fair,4.3,5,471,47,0
2845,Mercedes,C-Class,2009,33290,1500.0,Automatic,Gas,Excellent,3.3,29,481,90,0
2846,Nissan,Altima,2021,176149,11558.37,Automatic,Gas,Excellent,3.3,15,623,109,1
2847,Hyundai,Elantra,2006,83428,1500.0,Automatic,Gas,Excellent,3.7,33,152,19,0
2848,Hyundai,Elantra,2019,34133,9466.26,Automatic,Gas,Good,4.8,31,346,99,1
2849,Toyota,Camry,2009,116277,1500.0,Automatic,Gas,Good,4.0,27,364,66,0
2850,Ford,F-150,2010,67536,1500.0,Automatic,Hybrid,Good,3.9,14,511,45,1
2851,Honda,Civic,2010,69867,1500.0,Manual,Gas,Good,3.9,3,296,71,1
2852,Toyota,Camry,2022,48694,14989.63,Manual,Gas,Excellent,4.1,23,219,73,0
2853,Mercedes,C-Class,2022,38190,17799.53,Automatic,Gas,Fair,5.0,12,218,86,0
2854,Toyota,Camry,2008,73325,1500.0,Automatic,Gas,Fair,4.1,8,572,106,0
2855,Hyundai,Elantra,2021,43172,7646.69,Automatic,Gas,Poor,3.7,33,288,33,1
2856,Ford,F-150,2018,178091,7246.15,Automatic,Gas,Fair,4.2,11,317,118,0
2857,BMW,X5,2018,27957,15077.27,Automatic,Gas,Good,5.0,3,495,80,0
2858,Toyota,Camry,2017,150496,6945.43,Automatic,Gas,Good,3.9,14,295,43,0
2859,Nissan,Altima,2011,56005,1500.0,Automatic,Diesel,Good,3.5,7,144,88,0
2860,Toyota,Camry,2016,71643,4221.41,Automatic,Diesel,Excellent,,34,162,72,0
2861,Mercedes,C-Class,2019,98705,19127.72,Automatic,Gas,Good,4.3,3,391,94,0
2862,Mercedes,C-Class,2023,41021,32925.38,Automatic,Diesel,Excellent,4.6,4,474,26,1
2863,Honda,Civic,2015,100563,4780.26,Automatic,Gas,Good,4.8,16,369,45,0
2864,Mercedes,C-Class,2019,11795,20119.09,Automatic,Gas,Good,3.6,4,464,112,0
2865,Chevrolet,Malibu,2016,38871,9288.06,Automatic,Gas,Excellent,3.6,29,158,35,1
2866,Ford,F-150,2007,34391,1500.0,Automatic,Gas,Excellent,4.0,7,168,109,0
2867,Ford,F-150,2021,28223,19500.23,Automatic,Gas,,4.6,12,738,81,1
2868,BMW,X5,2007,52629,1500.0,Automatic,Gas,Excellent,3.4,22,584,53,1
2869,BMW,X5,2023,75466,17897.43,Automatic,Gas,Poor,3.8,8,515,102,0
2870,Ford,F-150,2008,91271,1500.0,Automatic,Gas,Excellent,3.8,7,301,10,0
2871,Nissan,Altima,2007,69184,1500.0,Automatic,Gas,Good,,4,364,41,0
2872,BMW,X5,2020,40158,21918.55,Automatic,Gas,Good,4.5,11,399,114,0
2873,Honda,Civic,2016,74713,7952.22,Automatic,Gas,,4.7,31,597,17,1
2874,Mercedes,C-Class,2012,64509,1500.0,Automatic,Diesel,Good,5.0,12,460,71,0
2875,Ford,F-150,2021,104991,15248.45,Automatic,Gas,Good,4.0,10,478,66,0
2876,Hyundai,Elantra,2011,95431,1500.0,Automatic,Gas,Fair,3.5,33,374,11,1
2877,BMW,X5,2015,60979,6639.98,Automatic,Gas,Good,3.5,27,518,63,0
2878,Ford,F-150,2022,34949,18906.83,Manual,Gas,Excellent,3.1,29,445,114,1
2879,Chevrolet,Malibu,2005,40466,1500.0,Automatic,Gas,Excellent,3.9,8,406,67,0
2880,Toyota,Camry,2007,43050,1500.0,Automatic,Gas,Good,4.0,7,288,46,0
2881,Mercedes,C-Class,2008,49555,1500.0,Automatic,Gas,Excellent,4.7,23,382,20,1
2882,Ford,F-150,2017,70321,6283.72,Automatic,Gas,Good,4.2,20,238,13,0
2883,Toyota,Camry,2010,91959,1500.0,Automatic,Gas,Poor,3.9,29,393,87,0
2884,BMW,X5,2018,58065,14754.12,Automatic,Gas,Good,4.1,22,413,17,0
2885,Toyota,Camry,2009,60456,1500.0,Automatic,Diesel,Good,3.6,20,39,93,0
2886,Mercedes,C-Class,2020,65250,19507.38,Automatic,Gas,Good,4.8,4,365,118,0
2887,Ford,F-150,2019,43934,11906.53,Automatic,Gas,Fair,3.7,14,223,107,0
2888,Chevrolet,Malibu,2019,34363,9780.03,Manual,Gas,Excellent,3.5,10,474,103,1
2889,Nissan,Altima,2008,20883,1500.0,Automatic,Hybrid,Fair,4.7,6,495,32,0
2890,BMW,X5,2012,39454,1500.0,Automatic,Gas,Fair,4.5,30,336,99,0
2891,Ford,F-150,2020,79529,13741.46,Manual,Gas,Excellent,3.2,32,482,99,0
2892,Mercedes,C-Class,2020,39271,20842.1,Manual,Gas,Good,4.7,22,488,98,0
2893,BMW,X5,2008,51912,1500.0,Automatic,Gas,Poor,3.8,25,365,85,1
2894,Honda,Civic,2017,79210,5455.56,Automatic,Hybrid,Fair,4.0,6,630,16,0
2895,Toyota,Camry,2017,81831,4345.62,Automatic,Gas,Excellent,4.3,11,291,23,1
2896,Nissan,Altima,2006,31328,1500.0,Automatic,Gas,Good,4.6,11,620,11,1
2897,Mercedes,C-Class,2007,108905,1500.0,Manual,Diesel,Good,4.5,14,366,14,1
2898,Honda,Civic,2012,117760,4560.68,Automatic,Hybrid,Good,4.2,16,273,67,0
2899,Hyundai,Elantra,2019,30396,7946.63,Automatic,Gas,Good,3.9,32,347,71,0
2900,Ford,F-150,2015,36523,7833.3,Manual,Gas,Excellent,4.4,5,235,104,1
2901,Chevrolet,Malibu,2013,122351,1500.0,Automatic,Gas,Good,4.1,8,517,45,0
2902,BMW,X5,2011,54824,1500.0,Automatic,Gas,Fair,5.0,17,159,115,0
2903,Toyota,Camry,2017,15805,4630.43,Manual,Diesel,Fair,4.6,25,608,75,1
2904,BMW,X5,2006,25853,1500.0,Automatic,Gas,Excellent,3.6,21,259,33,1
2905,Nissan,Altima,2012,51553,1500.0,Automatic,Gas,Fair,,6,525,83,0
2906,Ford,F-150,2011,29797,1500.0,Automatic,Gas,Excellent,4.2,32,403,45,1
2907,BMW,X5,2016,46720,13901.83,Automatic,Gas,Good,5.0,3,440,54,0
2908,Toyota,Camry,2023,61049,12306.67,Automatic,Gas,Fair,5.0,29,311,113,0
2909,Ford,F-150,2011,143968,3678.18,Automatic,Gas,Good,4.0,11,452,105,0
2910,BMW,X5,2014,50298,7985.54,Manual,Gas,Excellent,3.6,25,420,51,1
2911,Chevrolet,Malibu,2020,113951,9573.3,Automatic,Gas,Excellent,3.6,28,181,115,1
2912,Mercedes,C-Class,2007,141104,1500.0,Automatic,Hybrid,Good,4.4,18,255,87,0
2913,Ford,F-150,2014,141575,3889.85,Automatic,Gas,Fair,5.0,25,318,23,1
2914,Mercedes,C-Class,2010,71029,1500.0,Automatic,Gas,Poor,4.5,33,286,29,0
2915,Hyundai,Elantra,2022,18435,9676.65,Automatic,Gas,Fair,3.2,11,587,6,0
2916,Ford,F-150,2022,78944,13655.2,Automatic,Gas,Fair,3.8,14,401,39,0
2917,Chevrolet,Malibu,2009,112312,1500.0,Automatic,Gas,Good,3.8,16,283,5,0
2918,Mercedes,C-Class,2011,57031,1500.0,Automatic,Gas,Fair,3.7,17,326,96,0
2919,Honda,Civic,2006,170544,1500.0,Manual,Gas,Excellent,4.0,24,324,40,0
2920,Toyota,Camry,2015,100297,2321.86,Automatic,Gas,,4.4,26,356,90,0
2921,Honda,Civic,2017,84201,6979.24,Automatic,Gas,Good,4.6,23,238,78,0
2922,BMW,X5,2009,114901,1500.0,Automatic,Gas,Fair,4.9,18,277,82,0
2923,Chevrolet,Malibu,2010,73132,1500.0,Manual,Diesel,Excellent,4.5,10,514,21,1
2924,Honda,Civic,2018,13417,9856.28,Automatic,Gas,Good,3.0,30,427,59,0
2925,Ford,F-150,2016,44378,7513.1,Automatic,Hybrid,Good,3.6,34,377,89,1
2926,BMW,X5,2008,122798,1500.0,Automatic,Diesel,Poor,,12,400,20,0
2927,BMW,X5,2010,36880,1500.0,Automatic,Gas,Fair,4.3,16,393,24,1
2928,Honda,Civic,2014,52360,2559.93,Automatic,Gas,Good,4.7,19,368,3,1
2929,Hyundai,Elantra,2022,31987,12034.44,Automatic,Gas,Good,4.2,5,477,86,0
2930,Honda,Civic,2019,174617,7660.41,Automatic,Gas,Good,4.2,33,466,72,1
2931,Hyundai,Elantra,2012,164209,1500.0,Manual,Gas,Excellent,4.3,6,164,110,0
2932,Chevrolet,Malibu,2013,35230,1667.66,Automatic,Gas,Excellent,4.0,18,380,57,0
2933,Toyota,Camry,2009,65406,1500.0,Automatic,Gas,,4.3,16,174,110,1
2934,Honda,Civic,2014,39803,5269.97,Automatic,Gas,Good,4.9,29,495,93,1
2935,Nissan,Altima,2010,86592,1500.0,Automatic,Gas,Fair,4.1,27,515,71,0
2936,Hyundai,Elantra,2020,81292,7380.91,Automatic,Gas,Fair,4.2,26,308,70,0
2937,Honda,Civic,2007,97443,1500.0,Automatic,Gas,Excellent,4.2,16,382,70,1
2938,Mercedes,C-Class,2014,73068,6525.15,Automatic,Gas,Excellent,5.0,18,83,76,1
2939,Ford,F-150,2015,348447,1500.0,Automatic,Gas,Excellent,3.5,10,545,63,0
2940,Nissan,Altima,2015,32313,4342.1,Automatic,Gas,Excellent,5.0,20,506,86,1
2941,Nissan,Altima,2021,21453,13598.24,Automatic,Gas,Excellent,3.5,9,572,47,1
2942,Hyundai,Elantra,2008,47294,1500.0,Automatic,Gas,Good,3.8,33,622,90,1
2943,Mercedes,C-Class,2008,23369,1500.0,Automatic,Gas,Good,4.6,30,216,89,1
2944,Mercedes,C-Class,2021,24453,22019.06,Automatic,Gas,Good,4.8,5,533,19,1
2945,BMW,X5,2013,32833,3739.51,Automatic,Diesel,Good,3.4,8,621,100,1
2946,Hyundai,Elantra,2023,34430,11743.33,Automatic,Diesel,Good,3.5,33,175,99,1
2947,Toyota,Camry,2009,33766,1500.0,Manual,Gas,Good,4.4,22,374,13,1
2948,Ford,F-150,2010,81709,1500.0,Manual,Gas,Fair,5.0,18,345,89,1
2949,Chevrolet,Malibu,2007,44191,1500.0,Manual,Gas,Good,4.9,24,528,112,1
2950,Nissan,Altima,2005,53760,1500.0,Automatic,Gas,Excellent,4.1,6,40,45,1
2951,Chevrolet,Malibu,2020,102389,11660.06,Automatic,Gas,Excellent,2.7,21,672,32,0
2952,Honda,Civic,2015,37805,7978.53,Automatic,Gas,Excellent,4.2,4,383,30,0
2953,Honda,Civic,2017,51086,7324.63,Automatic,Gas,Good,4.4,6,537,85,0
2954,Chevrolet,Malibu,2014,74567,2483.84,Automatic,Gas,Excellent,4.0,28,390,42,1
2955,Honda,Civic,2007,18677,1500.0,Manual,Gas,Good,3.7,4,473,109,0
2956,Toyota,Camry,2013,14314,6176.4,Automatic,Gas,Excellent,4.3,9,51,104,1
2957,Mercedes,C-Class,2016,73693,9052.76,Automatic,Gas,Good,3.6,17,342,108,1
2958,Honda,Civic,2018,80435,7708.91,Automatic,Gas,Excellent,5.0,19,527,72,1
2959,BMW,X5,2005,206598,1500.0,Manual,Gas,Good,5.0,16,443,105,0
2960,Honda,Civic,2022,65831,12316.69,Automatic,Gas,Excellent,4.6,13,154,42,0
2961,Ford,F-150,2021,97913,16334.62,Automatic,Gas,Excellent,4.3,34,409,7,1
2962,Toyota,Camry,2013,53248,3290.85,Manual,Gas,,3.8,19,277,3,0
2963,Ford,F-150,2013,71563,2695.3,Automatic,Gas,Good,4.2,7,264,37,0
2964,Ford,F-150,2014,162812,5758.09,Automatic,Gas,Excellent,5.0,34,171,3,0
2965,BMW,X5,2023,16740,30874.34,Automatic,Gas,Good,,25,492,18,1
2966,Toyota,Camry,2019,76739,10552.75,Automatic,Gas,Good,4.3,16,566,115,1
2967,Toyota,Camry,2009,215637,1500.0,Automatic,Gas,Good,4.8,19,718,42,0
2968,Hyundai,Elantra,2019,70913,8732.91,Automatic,Gas,Good,4.5,34,178,9,1
2969,Toyota,Camry,2006,161190,1500.0,Manual,Gas,Fair,4.4,30,515,57,0
2970,Toyota,Camry,2017,41046,9206.81,Automatic,Gas,Excellent,,30,524,24,1
2971,Toyota,Camry,2020,58733,10241.83,Automatic,Gas,Good,4.5,22,312,7,0
2972,BMW,X5,2019,61090,16195.84,Automatic,Gas,Good,4.7,23,262,97,1
2973,Honda,Civic,2014,15826,4371.69,Automatic,Gas,Fair,4.3,4,237,89,0
2974,Hyundai,Elantra,2018,29705,4627.12,Automatic,Gas,Fair,4.0,9,320,42,1
2975,Ford,F-150,2014,31004,2258.56,Automatic,Gas,Fair,3.9,6,430,98,1
2976,Toyota,Camry,2018,98050,5627.25,Automatic,Gas,Fair,3.8,10,604,102,0
2977,Nissan,Altima,2013,101042,1927.08,Automatic,Diesel,Poor,3.2,32,565,58,0
2978,Honda,Civic,2018,72723,9377.85,Automatic,Gas,Good,3.7,32,157,85,1
2979,Honda,Civic,2007,98170,1500.0,Automatic,Gas,Fair,3.6,33,281,102,0
2980,Ford,F-150,2020,54258,8252.52,Automatic,Gas,Poor,3.9,3,594,56,0
2981,BMW,X5,2006,123150,1500.0,Automatic,Gas,Excellent,5.0,12,290,104,1
2982,Chevrolet,Malibu,2014,60190,4079.63,Automatic,Gas,Good,4.1,3,391,58,1
2983,Chevrolet,Malibu,2007,61989,1500.0,Automatic,Gas,Good,4.3,3,144,18,0
2984,Honda,Civic,2015,51054,4536.91,Automatic,Gas,Fair,4.4,6,572,39,0
2985,Mercedes,C-Class,2015,90279,5245.11,Automatic,Gas,Fair,5.0,19,113,50,0
2986,Mercedes,C-Class,2017,46503,12279.01,Manual,Hybrid,Fair,,34,153,33,0
2987,Ford,F-150,2011,107565,1500.0,Automatic,Gas,Fair,4.1,34,557,28,0
2988,Chevrolet,Malibu,2021,30354,14966.67,Automatic,Gas,Good,4.1,33,688,56,1
2989,Honda,Civic,2006,30966,1500.0,Automatic,Gas,Excellent,4.9,7,356,25,0
2990,BMW,X5,2016,90441,9111.73,Automatic,Gas,Excellent,5.0,16,392,14,0
2991,Chevrolet,Malibu,2014,56776,3962.56,Automatic,Gas,Good,4.5,32,536,55,1
2992,Honda,Civic,2022,45600,15414.16,Automatic,Gas,Good,4.9,8,443,84,1
2993,Honda,Civic,2015,102133,4229.64,Automatic,Gas,Good,4.3,9,344,103,0
2994,Toyota,Camry,2020,41591,11428.64,Automatic,Gas,Good,4.1,10,327,84,1
2995,BMW,X5,2021,53097,18380.41,Automatic,Gas,Fair,4.9,26,164,7,0
2996,Toyota,Camry,2023,138626,12842.89,Automatic,Gas,Good,4.5,20,434,4,0
2997,Ford,F-150,2022,150766,9912.87,Manual,Gas,Fair,,30,386,95,0
2998,Toyota,Camry,2007,153804,1500.0,Manual,Gas,Fair,4.8,6,334,30,0
2999,Nissan,Altima,2020,50550,11025.87,Automatic,Gas,Good,4.1,25,249,62,0
3000,Toyota,Camry,2010,125294,1500.0,Automatic,Gas,Good,4.0,27,264,57,0
3001,Nissan,Altima,2016,33881,6088.35,Automatic,Gas,Fair,4.7,27,492,37,1
3002,Chevrolet,Malibu,2015,34747,5673.0,Automatic,Gas,Good,4.1,29,532,55,1
3003,Mercedes,C-Class,2019,14613,18791.11,Manual,Hybrid,Good,4.4,5,350,85,1
3004,Hyundai,Elantra,2019,163361,4067.77,Automatic,Gas,Excellent,4.6,30,335,65,0
3005,Hyundai,Elantra,2020,35653,9842.07,Automatic,Gas,Excellent,3.7,25,271,52,1
3006,Honda,Civic,2014,55496,3197.96,Automatic,Gas,Excellent,4.4,6,540,3,1
3007,Hyundai,Elantra,2016,34676,6491.4,Automatic,Diesel,Excellent,5.0,27,404,77,1
3008,Nissan,Altima,2017,90862,3651.06,Automatic,Gas,Excellent,3.6,25,455,7,0
3009,BMW,X5,2008,47792,1500.0,Automatic,Gas,Good,4.5,18,453,70,1
3010,Toyota,Camry,2011,27367,1500.0,Automatic,Hybrid,Poor,3.7,15,353,70,1
3011,Nissan,Altima,2006,78041,1500.0,Automatic,Diesel,Good,4.8,31,225,34,1
3012,BMW,X5,2019,25330,14083.47,Automatic,Gas,Fair,4.8,24,250,96,1
3013,Mercedes,C-Class,2012,36226,1764.13,Automatic,Hybrid,Fair,4.0,27,569,16,0
3014,Hyundai,Elantra,2011,16913,1500.0,Automatic,Gas,Good,5.0,25,291,102,0
3015,Mercedes,C-Class,2019,25479,16560.24,Automatic,Gas,Good,4.9,13,338,8,1
3016,Hyundai,Elantra,2018,66643,8424.4,Automatic,Gas,Good,4.6,26,229,21,0
3017,Toyota,Camry,2012,18421,1500.0,Manual,Diesel,Fair,4.6,13,217,11,0
3018,Ford,F-150,2016,24619,7750.0,Manual,Gas,Fair,4.8,7,284,50,0
3019,Toyota,Camry,2017,59789,7147.38,Manual,Gas,Good,3.6,22,653,87,0
3020,Chevrolet,Malibu,2015,43210,7783.21,Automatic,Hybrid,Excellent,4.3,3,498,6,1
3021,Nissan,Altima,2021,197841,6952.78,Manual,Gas,Fair,4.4,16,320,110,0
3022,Honda,Civic,2021,179932,7162.94,Automatic,Gas,Excellent,4.0,26,562,15,0
3023,Ford,F-150,2008,35569,1500.0,Manual,Gas,Excellent,4.5,24,377,11,1
3024,Toyota,Camry,2012,83640,1500.0,Automatic,Gas,Fair,4.9,22,603,27,0
3025,BMW,X5,2009,93860,1500.0,Manual,Gas,Good,3.9,21,731,79,0
3026,Ford,F-150,2020,41836,15172.04,Automatic,Diesel,Good,4.2,7,554,45,0
3027,Nissan,Altima,2008,24408,1500.0,Automatic,Gas,Fair,3.7,22,414,38,0
3028,Hyundai,Elantra,2019,59433,10232.86,Automatic,Gas,Good,3.1,29,504,4,1
3029,Ford,F-150,2016,53975,4759.72,Automatic,Gas,Good,4.7,29,402,78,0
3030,Hyundai,Elantra,2009,46098,1500.0,Automatic,Gas,Excellent,4.2,25,124,45,1
3031,Nissan,Altima,2020,78072,7840.56,Automatic,Gas,Good,4.2,8,301,10,0
3032,Toyota,Camry,2018,38160,9285.54,Automatic,Gas,Fair,3.6,21,257,54,1
3033,Nissan,Altima,2014,29995,5271.59,Automatic,Gas,Good,4.1,14,298,29,1
3034,Ford,F-150,2011,63923,1500.0,Automatic,Diesel,Excellent,4.9,28,669,12,1
3035,BMW,X5,2017,75476,15075.95,Automatic,Gas,Excellent,4.2,31,568,56,0
3036,Mercedes,C-Class,2009,29555,1500.0,Automatic,Gas,,4.2,29,466,40,0
3037,Ford,F-150,2007,104490,1500.0,Automatic,Hybrid,Good,4.3,30,521,84,1
3038,Nissan,Altima,2019,20696,12316.53,Automatic,Gas,Good,3.5,34,116,37,0
3039,Mercedes,C-Class,2008,42324,1500.0,Automatic,Gas,Good,4.6,16,509,66,1
3040,Nissan,Altima,2019,51287,6666.04,Automatic,Hybrid,Excellent,3.4,19,540,20,1
3041,BMW,X5,2018,40874,16997.36,Automatic,Gas,Good,3.6,32,64,12,0
3042,Nissan,Altima,2023,42657,9072.09,Automatic,Gas,Fair,3.6,9,514,38,1
3043,Toyota,Camry,2017,183991,6975.93,Automatic,Gas,Excellent,4.1,23,186,30,0
3044,Honda,Civic,2014,35935,1500.0,Automatic,Gas,Good,4.0,3,104,47,0
3045,Hyundai,Elantra,2009,259038,1500.0,Manual,Gas,Good,4.2,19,598,82,0
3046,Hyundai,Elantra,2010,77829,1500.0,Automatic,Gas,Good,3.7,8,248,114,0
3047,Ford,F-150,2008,63274,1500.0,Automatic,Gas,,4.8,6,292,74,0
3048,Honda,Civic,2006,79677,1500.0,Automatic,Gas,Fair,4.7,16,548,71,0
3049,Nissan,Altima,2020,273199,7455.64,Automatic,Gas,Good,4.1,10,354,42,0
3050,BMW,X5,2022,32986,23236.84,Automatic,Gas,Fair,3.9,20,372,5,0
3051,Ford,F-150,2009,30569,1500.0,Automatic,Gas,Excellent,3.9,22,369,48,1
3052,Nissan,Altima,2008,38066,1500.0,Automatic,Gas,Good,4.0,30,452,93,1
3053,Mercedes,C-Class,2017,61040,11934.7,Automatic,Gas,Fair,3.4,15,366,115,0
3054,Chevrolet,Malibu,2023,21259,17033.72,Automatic,Gas,Good,3.6,10,417,99,0
3055,Nissan,Altima,2006,60682,1500.0,Automatic,Gas,Good,4.7,33,324,103,1
3056,Honda,Civic,2017,165401,7718.25,Manual,Gas,Good,4.4,33,452,51,0
3057,Ford,F-150,2015,65568,7154.94,Automatic,Gas,Excellent,5.0,30,447,12,1
3058,Honda,Civic,2008,50231,1500.0,Automatic,Hybrid,Good,4.0,26,684,10,1
3059,Ford,F-150,2019,41320,12553.38,Manual,Gas,Excellent,,18,342,37,0
3060,Nissan,Altima,2008,102652,1500.0,Automatic,Gas,,4.0,34,372,66,1
3061,Toyota,Camry,2013,36479,2405.82,Automatic,Gas,Good,4.0,7,435,67,0
3062,Mercedes,C-Class,2011,181287,1500.0,Automatic,Gas,Excellent,3.8,5,544,14,0
3063,Nissan,Altima,2023,190997,6753.4,Automatic,Gas,Poor,4.4,15,236,47,0
3064,Hyundai,Elantra,2023,69846,11873.45,Automatic,Gas,Fair,4.2,17,415,20,0
3065,Honda,Civic,2010,59461,1500.0,Automatic,Diesel,Good,3.9,6,23,109,1
3066,Chevrolet,Malibu,2010,111123,2197.33,Automatic,Gas,Fair,5.0,5,359,113,0
3067,Chevrolet,Malibu,2019,115483,8440.5,Automatic,Gas,Fair,5.0,29,560,52,0
3068,BMW,X5,2019,36916,21832.02,Automatic,Diesel,Excellent,4.9,4,291,68,0
3069,Ford,F-150,2013,43654,1720.59,Automatic,Gas,Fair,4.5,32,426,115,1
3070,Honda,Civic,2008,27081,1500.0,Automatic,Gas,Excellent,4.7,6,320,26,0
3071,BMW,X5,2022,76530,22240.15,Automatic,Hybrid,Good,5.0,27,271,47,0
3072,Honda,Civic,2022,89319,11586.92,Automatic,Gas,Good,4.7,8,545,79,0
3073,Hyundai,Elantra,2009,26636,1500.0,Automatic,Gas,Good,3.8,6,243,73,1
3074,Ford,F-150,2015,45564,5562.29,Automatic,Diesel,Excellent,4.4,19,443,3,0
3075,Nissan,Altima,2009,26679,1500.0,Manual,Gas,Excellent,4.6,32,446,2,1
3076,Nissan,Altima,2008,34916,1500.0,Automatic,Hybrid,Good,3.6,9,272,103,1
3077,Chevrolet,Malibu,2016,83333,5243.34,Automatic,Gas,Good,4.0,20,423,41,0
3078,Nissan,Altima,2006,38557,1500.0,Manual,Gas,Fair,4.9,30,259,118,1
3079,Nissan,Altima,2017,49986,5084.24,Automatic,Gas,Good,3.1,24,478,30,1
3080,Hyundai,Elantra,2014,22552,1500.0,Manual,Gas,Excellent,3.4,12,202,37,1
3081,Toyota,Camry,2013,66982,1500.0,Automatic,Gas,Excellent,,19,349,81,1
3082,Chevrolet,Malibu,2014,58304,6256.51,Automatic,Gas,Good,4.4,31,362,3,1
3083,BMW,X5,2011,38662,2663.16,Automatic,Gas,Good,3.4,25,566,9,0
3084,Mercedes,C-Class,2008,53454,1500.0,Automatic,Gas,Excellent,4.1,6,421,8,0
3085,Toyota,Camry,2023,66714,14758.01,Automatic,Gas,Good,4.9,29,543,9,1
3086,BMW,X5,2014,36720,8176.67,Manual,Gas,Good,4.2,21,483,17,0
3087,Ford,F-150,2007,24692,1500.0,Automatic,Gas,Excellent,4.8,28,482,24,1
3088,Toyota,Camry,2023,176900,9872.39,Automatic,Gas,Good,3.8,9,350,72,0
3089,Hyundai,Elantra,2006,40947,1500.0,Automatic,Hybrid,Fair,3.7,15,553,117,0
3090,BMW,X5,2014,56497,6910.17,Automatic,Gas,Good,4.7,5,346,14,1
3091,Ford,F-150,2006,109809,1500.0,Automatic,Gas,Fair,4.4,10,140,54,0
3092,Chevrolet,Malibu,2006,497540,1500.0,Automatic,Diesel,Excellent,3.5,13,367,80,0
3093,Mercedes,C-Class,2021,28376,26573.91,Automatic,Gas,Good,3.7,18,468,18,1
3094,Ford,F-150,2020,78424,14476.52,Automatic,Gas,Good,5.0,22,159,113,1
3095,Nissan,Altima,2020,39162,9980.47,Automatic,Gas,Good,3.6,21,267,88,1
3096,Honda,Civic,2018,43335,6878.73,Manual,Hybrid,Good,4.8,25,215,39,1
3097,Ford,F-150,2011,38865,1500.0,Automatic,Gas,Good,3.9,25,518,116,1
3098,Ford,F-150,2015,30473,5942.29,Automatic,Hybrid,Good,4.2,34,650,47,1
3099,Mercedes,C-Class,2005,58408,1500.0,Automatic,Diesel,Excellent,4.4,11,368,27,1
3100,Honda,Civic,2015,24718,3058.59,Automatic,Gas,Good,2.9,12,479,92,0
3101,Nissan,Altima,2008,105670,1500.0,Automatic,Gas,Good,3.3,25,475,71,0
3102,BMW,X5,2011,61883,1500.0,Manual,Gas,Poor,4.3,8,633,98,0
3103,BMW,X5,2019,77146,16142.29,Automatic,Gas,Good,3.8,5,302,91,0
3104,Ford,F-150,2022,45264,13862.6,Automatic,Gas,Good,4.8,22,367,34,1
3105,Hyundai,Elantra,2016,48034,4369.05,Automatic,Hybrid,Good,3.2,10,348,103,0
3106,Hyundai,Elantra,2021,71149,5674.65,Automatic,Gas,Fair,4.5,8,411,19,0
3107,Honda,Civic,2005,29779,1500.0,Automatic,Gas,Poor,3.4,27,775,6,1
3108,Honda,Civic,2015,48300,2612.98,Manual,Gas,Fair,4.0,10,404,30,0
3109,Nissan,Altima,2005,35747,1500.0,Automatic,Gas,Good,3.6,16,271,92,0
3110,Mercedes,C-Class,2019,35089,19408.65,Automatic,Gas,Excellent,5.0,10,226,12,1
3111,Chevrolet,Malibu,2014,16883,4081.98,Automatic,Gas,Good,3.4,13,587,15,1
3112,BMW,X5,2011,133732,1500.0,Automatic,Gas,Good,4.1,12,271,109,0
3113,Mercedes,C-Class,2006,39659,1500.0,Automatic,Gas,Fair,3.2,28,499,39,1
3114,Toyota,Camry,2014,120333,2520.94,Automatic,Hybrid,Excellent,5.0,25,298,103,1
3115,BMW,X5,2008,113695,1500.0,Automatic,Gas,Good,4.4,12,209,64,1
3116,Mercedes,C-Class,2016,27678,14293.8,Manual,Gas,Excellent,4.3,13,490,64,1
3117,BMW,X5,2023,31161,23872.09,Automatic,Gas,Fair,5.0,3,305,15,1
3118,Chevrolet,Malibu,2015,278257,2365.91,Automatic,Gas,Excellent,4.3,17,463,58,0
3119,Toyota,Camry,2012,171194,1500.0,Automatic,Gas,Good,4.3,7,474,100,0
3120,Hyundai,Elantra,2022,58752,13017.12,Automatic,Gas,,4.3,16,481,67,1
3121,Hyundai,Elantra,2015,69872,1500.0,Manual,Diesel,Excellent,4.5,25,359,1,1
3122,Chevrolet,Malibu,2015,41006,3164.93,Automatic,Gas,Good,3.9,28,502,7,1
3123,Nissan,Altima,2017,77606,6898.95,Automatic,Gas,Excellent,4.1,27,261,9,0
3124,Toyota,Camry,2007,38936,1500.0,Automatic,Gas,Good,4.7,34,31,1,1
3125,Ford,F-150,2016,17687,3889.34,Automatic,Hybrid,Fair,4.4,34,506,5,1
3126,Mercedes,C-Class,2007,27093,1500.0,Automatic,Gas,Poor,4.1,30,424,47,1
3127,Toyota,Camry,2014,60636,3845.6,Automatic,Gas,Excellent,3.4,22,308,100,1
3128,Nissan,Altima,2021,30374,7680.42,Automatic,Gas,Fair,5.0,10,179,10,0
3129,Nissan,Altima,2006,57505,1500.0,Manual,Diesel,Good,3.8,19,94,2,0
3130,Chevrolet,Malibu,2021,31420,11902.1,Automatic,Diesel,Fair,4.8,6,407,23,1
3131,BMW,X5,2020,37443,18273.18,Manual,Gas,Fair,4.3,6,647,103,0
3132,Toyota,Camry,2006,99897,1500.0,Automatic,Gas,Excellent,3.4,20,379,93,1
3133,Mercedes,C-Class,2010,69458,1500.0,Automatic,Gas,Good,5.0,29,345,56,0
3134,Toyota,Camry,2014,59527,2728.01,Automatic,Hybrid,Good,4.4,29,396,19,1
3135,Honda,Civic,2014,101455,4072.73,Automatic,Hybrid,Fair,5.0,21,726,38,0
3136,BMW,X5,2012,79886,1721.52,Manual,Hybrid,Good,4.1,5,512,47,0
3137,Mercedes,C-Class,2005,142619,1500.0,Automatic,Diesel,Good,4.6,11,259,84,1
3138,Hyundai,Elantra,2017,45437,7229.75,Automatic,Hybrid,Good,3.1,9,404,76,0
3139,Mercedes,C-Class,2013,46268,2768.32,Automatic,Gas,Poor,3.9,4,449,75,0
3140,Ford,F-150,2014,27428,2812.07,Automatic,Diesel,Fair,3.4,11,241,99,0
3141,Chevrolet,Malibu,2019,46286,10032.23,Manual,Gas,Good,4.0,26,513,52,1
3142,Ford,F-150,2009,106815,1500.0,Automatic,Hybrid,Good,4.5,8,277,49,0
3143,Mercedes,C-Class,2020,130612,13372.52,Automatic,Gas,Fair,3.8,8,173,71,0
3144,BMW,X5,2017,106530,9702.05,Automatic,Gas,Fair,4.7,30,411,23,0
3145,Toyota,Camry,2022,20403,15583.07,Automatic,Gas,Excellent,3.7,18,387,119,1
3146,Hyundai,Elantra,2015,114678,3631.44,Automatic,Gas,Good,4.7,4,399,50,1
3147,Toyota,Camry,2013,19868,1885.5,Automatic,Gas,Good,5.0,31,285,17,1
3148,BMW,X5,2020,102628,20419.05,Automatic,Gas,Good,4.8,18,306,48,1
3149,Mercedes,C-Class,2006,48017,1500.0,Automatic,Gas,Excellent,4.0,5,569,2,1
3150,Nissan,Altima,2006,91264,1500.0,Automatic,Gas,Good,2.9,24,466,69,0
3151,Toyota,Camry,2016,26917,6689.99,Automatic,Gas,Good,4.5,32,256,62,1
3152,Nissan,Altima,2012,120897,1500.0,Automatic,Gas,Good,4.1,18,107,85,1
3153,Toyota,Camry,2013,24859,1500.0,Automatic,Hybrid,Good,3.6,14,262,13,1
3154,Toyota,Camry,2016,40091,7052.75,Manual,Gas,Excellent,3.9,5,423,61,0
3155,Hyundai,Elantra,2013,32897,1953.12,Automatic,Gas,Fair,,13,305,11,0
3156,Chevrolet,Malibu,2014,20898,7053.78,Manual,Gas,Fair,3.5,13,293,88,0
3157,Chevrolet,Malibu,2006,63368,1500.0,Automatic,Gas,Good,4.5,25,311,97,1
3158,Honda,Civic,2020,176955,5271.03,Automatic,Gas,Fair,4.3,32,389,27,0
3159,Ford,F-150,2011,296601,3371.65,Automatic,Gas,Excellent,4.0,18,517,119,0
3160,BMW,X5,2006,63468,1500.0,Automatic,Gas,Fair,4.6,7,399,35,0
3161,BMW,X5,2005,117009,1500.0,Automatic,Gas,Excellent,5.0,22,409,18,1
3162,BMW,X5,2023,68820,28073.23,Manual,Gas,Good,4.0,10,366,85,0
3163,Honda,Civic,2008,80767,1500.0,Automatic,Gas,Good,,13,325,68,0
3164,Chevrolet,Malibu,2006,48762,1500.0,Automatic,Gas,Good,4.6,13,534,61,1
3165,Mercedes,C-Class,2018,67308,14122.28,Automatic,Hybrid,Good,4.8,20,511,41,0
3166,Nissan,Altima,2006,82659,1500.0,Automatic,Gas,Good,4.1,21,706,96,1
3167,Hyundai,Elantra,2019,42316,7954.3,Automatic,Gas,Good,4.0,12,491,43,0
3168,Nissan,Altima,2016,57153,4539.57,Manual,Gas,Fair,2.9,30,325,49,0
3169,Mercedes,C-Class,2009,57811,1500.0,Automatic,Gas,Good,3.7,6,264,11,0
3170,Hyundai,Elantra,2011,98306,1500.0,Automatic,Gas,Excellent,3.5,30,542,67,0
3171,Honda,Civic,2014,31583,4781.05,Automatic,Gas,Good,4.6,12,277,51,1
3172,Mercedes,C-Class,2018,58050,12391.53,Manual,Gas,Fair,4.1,16,521,52,0
3173,BMW,X5,2018,188565,9659.36,Manual,Gas,Good,4.0,8,286,119,1
3174,Ford,F-150,2009,120383,1500.0,Automatic,Gas,Good,4.2,33,452,85,0
3175,Toyota,Camry,2022,134525,11575.73,Manual,Gas,Good,3.7,7,241,43,0
3176,Nissan,Altima,2018,60758,8580.49,Automatic,Gas,Good,5.0,17,516,58,1
3177,Chevrolet,Malibu,2006,72591,1500.0,Manual,Diesel,Excellent,5.0,7,214,78,1
3178,Chevrolet,Malibu,2016,109244,5049.34,Automatic,Gas,Good,5.0,25,440,70,0
3179,Honda,Civic,2010,152688,1500.0,Automatic,Gas,,4.6,26,370,115,1
3180,Hyundai,Elantra,2008,18565,1500.0,Automatic,Gas,Excellent,4.2,8,415,117,1
3181,Chevrolet,Malibu,2017,27193,8884.41,Automatic,Gas,Excellent,5.0,33,340,29,1
3182,BMW,X5,2008,131355,1500.0,Automatic,Gas,Good,3.8,32,337,31,1
3183,Nissan,Altima,2018,50709,6322.33,Automatic,Gas,Good,3.7,21,423,111,0
3184,Mercedes,C-Class,2020,40013,12027.53,Automatic,Diesel,Poor,3.8,22,249,28,0
3185,BMW,X5,2008,28212,1500.0,Manual,Gas,Good,4.5,32,248,107,1
3186,Honda,Civic,2005,42915,1500.0,Automatic,Gas,Fair,3.7,34,346,50,1
3187,BMW,X5,2017,25811,18091.92,Automatic,Gas,Excellent,4.1,19,340,36,0
3188,Mercedes,C-Class,2008,209956,1500.0,Automatic,Diesel,Excellent,3.2,16,249,92,0
3189,Ford,F-150,2022,59073,13269.84,Manual,Gas,Fair,4.5,13,538,19,1
3190,Honda,Civic,2010,57828,1500.0,Manual,Gas,Good,3.3,16,349,67,0
3191,Ford,F-150,2007,85207,1500.0,Automatic,Gas,Excellent,3.6,7,366,12,0
3192,Toyota,Camry,2017,106660,5028.01,Automatic,Gas,Good,4.9,15,200,100,1
3193,Ford,F-150,2020,105612,12818.15,Automatic,Gas,Good,4.9,33,710,88,1
3194,Toyota,Camry,2009,114025,1500.0,Automatic,Diesel,Fair,4.4,14,764,76,0
3195,Toyota,Camry,2008,41006,1500.0,Automatic,Gas,Excellent,4.4,28,282,24,1
3196,Ford,F-150,2012,50075,1500.0,Manual,Gas,Good,3.9,34,583,65,1
3197,Honda,Civic,2023,94979,13770.45,Automatic,Hybrid,Good,3.7,26,386,92,0
3198,Hyundai,Elantra,2018,43632,3400.92,Automatic,Gas,Poor,4.0,21,640,80,1
3199,Mercedes,C-Class,2011,59690,1500.0,Automatic,Gas,Fair,3.3,12,450,21,0
3200,BMW,X5,2018,76058,16396.08,Automatic,Gas,Excellent,4.4,15,414,94,0
3201,BMW,X5,2010,95904,1500.0,Automatic,Gas,Good,4.2,17,25,98,1
3202,Mercedes,C-Class,2016,20607,8473.37,Automatic,Gas,Fair,3.6,22,268,26,0
3203,Nissan,Altima,2020,91935,8071.09,Automatic,Gas,Good,5.0,15,403,118,0
3204,Nissan,Altima,2021,52039,10994.77,Automatic,Hybrid,Fair,4.6,6,429,35,1
3205,Toyota,Camry,2017,91534,6233.22,Automatic,Diesel,Fair,4.6,24,217,95,0
3206,Toyota,Camry,2018,95431,8519.69,Automatic,Gas,Excellent,3.9,34,290,80,0
3207,Honda,Civic,2011,157117,1500.0,Manual,Gas,Excellent,4.2,11,483,58,0
3208,Chevrolet,Malibu,2018,134870,6429.15,Automatic,Gas,Fair,4.6,28,192,42,0
3209,Ford,F-150,2019,134314,12172.59,Automatic,Gas,Excellent,4.3,21,420,29,1
3210,Toyota,Camry,2016,142372,5403.04,Automatic,Gas,Excellent,5.0,22,585,29,0
3211,BMW,X5,2021,71312,22859.1,Automatic,Gas,Good,4.1,24,457,9,1
3212,Honda,Civic,2013,61041,1739.42,Automatic,Gas,Fair,3.9,24,450,78,0
3213,Ford,F-150,2019,101082,12256.89,Automatic,Diesel,Excellent,,9,96,72,1
3214,Honda,Civic,2016,92897,4131.01,Automatic,Gas,Good,3.4,17,276,2,1
3215,Ford,F-150,2006,49739,1500.0,Automatic,Gas,Excellent,4.8,19,708,75,1
3216,Ford,F-150,2009,76335,1500.0,Automatic,Gas,Excellent,3.4,16,310,2,0
3217,Mercedes,C-Class,2017,58626,14260.44,Manual,Gas,Good,4.6,16,589,111,0
3218,Toyota,Camry,2012,35869,1500.0,Automatic,Diesel,Excellent,3.8,11,308,18,0
3219,Hyundai,Elantra,2018,129868,6103.15,Manual,Hybrid,Fair,4.5,18,358,69,0
3220,Honda,Civic,2019,61890,4862.67,Automatic,Gas,Fair,4.7,4,477,57,1
3221,Hyundai,Elantra,2015,204684,1500.0,Automatic,Gas,Fair,4.3,16,415,71,0
3222,Honda,Civic,2005,22577,1500.0,Automatic,Gas,Excellent,,6,457,23,1
3223,Mercedes,C-Class,2007,42870,1500.0,Automatic,Gas,Good,3.7,5,277,19,0
3224,BMW,X5,2021,61058,27352.32,Automatic,Gas,Excellent,3.8,5,229,19,0
3225,Hyundai,Elantra,2023,118471,10589.03,Automatic,Gas,Excellent,3.1,13,267,58,0
3226,BMW,X5,2018,76090,16344.53,Automatic,Gas,Good,4.9,7,320,112,0
3227,Nissan,Altima,2012,72134,1500.0,Automatic,Gas,Good,4.3,18,365,83,1
3228,Toyota,Camry,2017,30443,6488.84,Manual,Gas,Excellent,3.5,25,555,49,1
3229,Toyota,Camry,2007,29906,1500.0,Automatic,Gas,Excellent,5.0,31,413,45,0
3230,Chevrolet,Malibu,2009,72656,1500.0,Automatic,Gas,Fair,3.8,30,472,104,0
3231,Mercedes,C-Class,2013,26411,3293.15,Automatic,Gas,Good,4.4,25,421,28,1
3232,BMW,X5,2010,43515,1500.0,Manual,Gas,Fair,3.7,32,232,75,0
3233,Ford,F-150,2006,80866,1500.0,Automatic,Gas,Poor,3.0,32,402,50,0
3234,Honda,Civic,2017,33209,8651.88,Manual,Gas,Good,,25,419,11,1
3235,Toyota,Camry,2009,156876,1500.0,Automatic,Hybrid,Excellent,3.9,21,513,55,1
3236,Hyundai,Elantra,2012,124786,1500.0,Automatic,Hybrid,Fair,4.7,11,239,9,0
3237,Honda,Civic,2005,23321,1500.0,Automatic,Diesel,Excellent,4.4,24,93,14,1
3238,Honda,Civic,2016,34220,5111.12,Automatic,Gas,Excellent,4.3,34,426,98,1
3239,Chevrolet,Malibu,2015,15192,1802.79,Manual,Gas,Fair,3.0,13,453,93,0
3240,BMW,X5,2011,37438,1500.0,Automatic,Gas,Good,5.0,14,373,113,1
3241,Toyota,Camry,2019,94829,11245.01,Manual,Gas,Excellent,4.3,29,404,21,1
3242,Honda,Civic,2015,46707,1802.25,Automatic,Gas,Good,4.1,28,531,48,0
3243,Toyota,Camry,2020,78942,10104.55,Automatic,Gas,Good,4.9,29,331,58,0
3244,Ford,F-150,2007,24018,1500.0,Automatic,Gas,Excellent,4.9,10,358,69,1
3245,Chevrolet,Malibu,2018,96643,10545.24,Automatic,Gas,Excellent,4.9,16,411,97,1
3246,Ford,F-150,2007,42913,1500.0,Automatic,Hybrid,Excellent,4.1,33,217,9,1
3247,Toyota,Camry,2005,60312,1500.0,Automatic,Gas,Good,3.6,32,377,67,1
3248,Nissan,Altima,2019,56628,5722.95,Automatic,Hybrid,Fair,4.8,19,390,78,1
3249,Hyundai,Elantra,2005,27919,1500.0,Automatic,Gas,Good,3.4,22,645,18,1
3250,Toyota,Camry,2021,29975,11867.37,Automatic,Gas,Good,5.0,17,355,12,0
3251,BMW,X5,2006,107009,1500.0,Automatic,Gas,Excellent,4.2,17,430,87,1
3252,Honda,Civic,2010,76068,1500.0,Automatic,Gas,Excellent,3.6,25,537,78,0
3253,Honda,Civic,2012,112423,1500.0,Automatic,Gas,Excellent,3.5,14,274,16,1
3254,Ford,F-150,2020,72750,12111.43,Automatic,Gas,Excellent,3.4,11,606,37,0
3255,Hyundai,Elantra,2023,65237,14388.43,Manual,Gas,Excellent,4.3,14,664,20,1
3256,Chevrolet,Malibu,2005,21255,1500.0,Automatic,Gas,Good,4.2,21,395,20,1
3257,Nissan,Altima,2007,50908,1500.0,Automatic,Gas,Excellent,3.5,14,319,15,1
3258,Mercedes,C-Class,2007,58898,1500.0,Automatic,Gas,Fair,4.0,13,644,105,0
3259,Hyundai,Elantra,2009,193274,1500.0,Automatic,Gas,Fair,3.4,30,519,25,0
3260,Honda,Civic,2016,90415,3781.03,Automatic,Diesel,Good,,8,412,17,1
3261,BMW,X5,2016,150487,9665.46,Automatic,Gas,Excellent,4.2,10,614,12,0
3262,Hyundai,Elantra,2017,85692,3166.58,Automatic,Gas,Fair,4.0,13,598,109,0
3263,Ford,F-150,2013,39074,1500.0,Automatic,Gas,Poor,3.4,5,349,42,1
3264,Ford,F-150,2011,64233,1500.0,Automatic,Hybrid,Excellent,4.0,18,437,39,1
3265,Mercedes,C-Class,2008,68991,1500.0,Automatic,Gas,Good,4.0,34,486,56,0
3266,BMW,X5,2023,34081,26953.88,Automatic,Gas,Fair,4.4,8,404,53,0
3267,Chevrolet,Malibu,2023,47541,15636.41,Automatic,Gas,Good,4.3,11,191,71,0
3268,Hyundai,Elantra,2010,52920,1500.0,Automatic,Gas,Good,4.7,11,259,72,1
3269,BMW,X5,2017,156901,10461.93,Automatic,Gas,Good,3.9,8,196,88,0
3270,Chevrolet,Malibu,2015,17180,4002.74,Automatic,Gas,Good,,7,473,47,0
3271,BMW,X5,2017,123437,10895.86,Manual,Diesel,Good,4.8,3,222,25,0
3272,BMW,X5,2017,34129,11416.76,Automatic,Gas,Fair,3.6,5,428,85,0
3273,Toyota,Camry,2019,26284,12811.93,Automatic,Diesel,Good,3.5,33,674,50,1
3274,Ford,F-150,2017,121535,8210.36,Automatic,Diesel,Excellent,4.2,5,614,118,0
3275,Hyundai,Elantra,2015,92886,6517.26,Automatic,Gas,Good,4.4,14,124,33,0
3276,BMW,X5,2023,127097,23002.12,Automatic,Gas,Good,3.9,6,208,74,0
3277,Hyundai,Elantra,2012,96801,2753.01,Automatic,Gas,Excellent,3.9,23,283,86,0
3278,Mercedes,C-Class,2012,206056,1500.0,Automatic,Hybrid,Good,4.0,18,224,83,0
3279,BMW,X5,2014,83720,1549.39,Automatic,Gas,Fair,5.0,13,151,29,1
3280,Honda,Civic,2020,54508,10567.0,Automatic,Gas,Good,4.2,10,398,3,0
3281,Ford,F-150,2023,73552,20043.71,Automatic,Gas,Excellent,3.6,31,505,39,1
3282,Honda,Civic,2015,126257,1500.0,Manual,Hybrid,Excellent,3.6,29,543,4,1
3283,Hyundai,Elantra,2017,37510,5687.81,Automatic,Gas,Good,4.0,11,328,37,1
3284,Hyundai,Elantra,2013,40492,1500.0,Manual,Gas,Good,4.3,30,359,95,1
3285,Ford,F-150,2023,49742,19678.42,Automatic,Gas,Good,4.5,32,453,6,1
3286,Hyundai,Elantra,2020,16936,9197.59,Automatic,Gas,Good,4.3,16,383,92,1
3287,Honda,Civic,2011,65045,1500.0,Automatic,Gas,Excellent,3.7,25,521,10,1
3288,BMW,X5,2023,19308,32742.71,Manual,Diesel,Excellent,3.9,31,464,12,1
3289,BMW,X5,2016,61810,9613.63,Manual,Gas,Good,4.6,28,343,110,0
3290,Toyota,Camry,2019,100626,8016.78,Automatic,Gas,Excellent,3.5,24,121,118,0
3291,Mercedes,C-Class,2018,44975,10702.45,Automatic,Gas,Fair,3.9,17,624,66,0
3292,Hyundai,Elantra,2015,163778,1500.0,Automatic,Gas,Excellent,4.6,21,297,3,0
3293,Honda,Civic,2014,24926,5471.09,Automatic,Gas,Good,4.7,11,453,65,1
3294,Hyundai,Elantra,2015,122364,5262.62,Automatic,Gas,Good,4.1,28,112,64,0
3295,Hyundai,Elantra,2010,89776,1500.0,Automatic,Gas,Good,4.0,19,398,35,1
3296,Chevrolet,Malibu,2006,21383,1500.0,Manual,Gas,Fair,,11,415,24,0
3297,Toyota,Camry,2015,304515,1500.0,Automatic,Gas,Good,4.5,5,422,47,0
3298,Honda,Civic,2023,57627,14617.76,Automatic,Gas,Good,5.0,27,852,112,1
3299,Honda,Civic,2010,35366,1500.0,Automatic,Gas,Good,5.0,18,305,52,1
3300,Hyundai,Elantra,2018,25738,7737.97,Automatic,Gas,Good,4.4,15,523,34,1
3301,Toyota,Camry,2010,52469,1500.0,Automatic,Gas,Fair,4.2,28,478,84,0
3302,BMW,X5,2021,55467,24532.96,Automatic,Gas,Good,3.6,19,298,80,0
3303,Honda,Civic,2014,63677,7997.14,Automatic,Gas,Good,3.1,34,520,94,0
3304,BMW,X5,2005,50077,1500.0,Automatic,Gas,Fair,4.3,26,375,111,0
3305,Toyota,Camry,2007,87547,1500.0,Manual,Gas,Fair,,24,531,103,1
3306,BMW,X5,2012,47449,3104.26,Automatic,Diesel,,5.0,32,694,25,1
3307,Ford,F-150,2012,18751,2401.96,Automatic,Gas,Good,4.9,27,422,69,1
3308,Chevrolet,Malibu,2019,54741,9604.94,Automatic,Gas,Excellent,4.3,6,357,29,1
3309,Nissan,Altima,2011,14465,1500.0,Automatic,Gas,Good,4.4,30,557,101,0
3310,Honda,Civic,2015,74032,3542.96,Automatic,Gas,Good,2.7,23,609,92,0
3311,Mercedes,C-Class,2011,33270,1500.0,Automatic,Gas,Fair,4.7,24,267,64,1
3312,Chevrolet,Malibu,2008,66040,1500.0,Automatic,Gas,Good,3.9,30,332,53,1
3313,Nissan,Altima,2016,131721,3382.42,Manual,Gas,Good,3.8,11,501,58,0
3314,BMW,X5,2010,33885,1500.0,Automatic,Gas,Excellent,4.0,24,380,41,1
3315,Honda,Civic,2018,113182,7895.31,Automatic,Gas,Good,4.0,11,256,87,0
3316,BMW,X5,2016,46164,8553.97,Manual,Gas,Fair,3.8,20,481,96,0
3317,Ford,F-150,2015,171427,4048.45,Automatic,Gas,Excellent,4.2,16,500,110,0
3318,Toyota,Camry,2023,48093,17332.46,Automatic,Hybrid,Excellent,3.9,22,349,51,1
3319,Honda,Civic,2009,36159,1500.0,Automatic,Gas,Good,4.3,5,409,18,0
3320,Nissan,Altima,2018,90431,6423.28,Manual,Gas,Good,3.3,6,313,41,0
3321,Nissan,Altima,2020,46098,11628.84,Automatic,Gas,Good,4.1,3,235,99,1
3322,Ford,F-150,2017,36139,8413.66,Manual,Gas,Good,3.5,20,325,61,1
3323,Ford,F-150,2008,44949,1500.0,Automatic,Gas,Good,3.8,6,411,107,1
3324,Hyundai,Elantra,2015,58292,3178.23,Automatic,Gas,Excellent,4.3,12,178,24,0
3325,Honda,Civic,2021,133961,7312.89,Automatic,Gas,Fair,3.2,6,336,47,0
3326,BMW,X5,2011,18761,1500.0,Automatic,Gas,Excellent,3.7,23,413,28,0
3327,Mercedes,C-Class,2018,60709,15726.74,Automatic,Gas,Good,4.5,27,579,36,0
3328,Nissan,Altima,2015,87111,3512.06,Automatic,Gas,Good,3.4,19,353,21,0
3329,Nissan,Altima,2013,67243,1500.0,Automatic,Diesel,Fair,5.0,10,213,56,1
3330,Ford,F-150,2017,131389,6866.71,Automatic,Gas,Fair,4.9,21,368,69,0
3331,Chevrolet,Malibu,2022,57262,13962.29,Automatic,Hybrid,Good,3.9,11,315,26,0
3332,Ford,F-150,2015,53598,5307.73,Automatic,Gas,Good,,18,482,114,1
3333,Mercedes,C-Class,2019,85425,18558.49,Automatic,Hybrid,Excellent,4.3,29,349,54,0
3334,BMW,X5,2023,63550,29844.44,Automatic,Gas,Excellent,,26,0,87,0
3335,BMW,X5,2005,47370,1500.0,Automatic,Gas,Fair,3.0,26,953,44,0
3336,Chevrolet,Malibu,2008,81608,1500.0,Automatic,Gas,Fair,3.9,27,421,33,0
3337,Nissan,Altima,2018,40476,4717.99,Automatic,Gas,Poor,4.1,17,413,26,0
3338,Ford,F-150,2018,41493,11361.53,Automatic,Gas,Excellent,4.3,22,168,22,1
3339,Hyundai,Elantra,2007,43617,1500.0,Automatic,Gas,Good,3.8,34,180,20,1
3340,BMW,X5,2021,134839,19541.95,Automatic,Hybrid,Good,5.0,18,386,2,0
3341,Mercedes,C-Class,2007,8667,1500.0,Manual,Gas,Good,3.3,30,450,41,1
3342,Honda,Civic,2020,75914,9577.28,Automatic,Gas,Good,3.5,23,505,54,0
3343,Toyota,Camry,2018,61118,7688.51,Automatic,Gas,Fair,4.5,14,435,57,0
3344,Toyota,Camry,2017,21839,9129.29,Automatic,Gas,,3.5,25,222,18,0
3345,Toyota,Camry,2019,72101,12353.32,Automatic,Gas,Excellent,3.5,20,24,5,0
3346,Hyundai,Elantra,2018,79654,7906.53,Automatic,Gas,Excellent,4.3,9,384,118,0
3347,Nissan,Altima,2023,85287,12111.65,Automatic,Hybrid,Excellent,3.6,18,319,96,0
3348,Ford,F-150,2010,12196,1500.0,Automatic,Gas,Good,4.1,30,210,46,1
3349,Chevrolet,Malibu,2014,135921,4486.1,Automatic,Gas,Excellent,3.8,21,524,75,0
3350,Hyundai,Elantra,2019,38459,7699.65,Automatic,Gas,Good,3.7,8,163,21,1
3351,Hyundai,Elantra,2010,90394,1500.0,Automatic,Hybrid,Good,2.9,31,492,22,0
3352,BMW,X5,2014,93399,4847.98,Automatic,Gas,Fair,4.3,8,188,3,0
3353,Honda,Civic,2011,35382,1500.0,Automatic,Hybrid,Fair,3.5,8,420,9,0
3354,Hyundai,Elantra,2021,88989,9670.44,Automatic,Gas,Excellent,4.1,28,540,2,1
3355,Mercedes,C-Class,2022,47510,27827.52,Automatic,Gas,Excellent,3.9,17,349,110,0
3356,Honda,Civic,2021,17277,14616.36,Automatic,Gas,Excellent,4.1,4,653,28,1
3357,Mercedes,C-Class,2013,120649,1500.0,Automatic,Gas,Poor,4.1,11,687,34,0
3358,Nissan,Altima,2014,37608,2034.39,Automatic,Gas,Good,4.3,10,435,53,1
3359,Ford,F-150,2014,35857,6929.57,Automatic,Gas,Excellent,3.8,9,481,59,0
3360,Toyota,Camry,2011,47012,1500.0,Automatic,Gas,Fair,4.9,29,559,10,0
3361,Hyundai,Elantra,2020,70498,10568.71,Automatic,Diesel,Good,,32,481,83,1
3362,Ford,F-150,2022,57851,14862.45,Automatic,Diesel,Fair,4.1,30,465,93,0
3363,Nissan,Altima,2010,83186,1500.0,Automatic,Diesel,Excellent,4.7,30,321,2,1
3364,Chevrolet,Malibu,2005,26803,1500.0,Automatic,Diesel,Good,4.5,18,146,48,1
3365,Chevrolet,Malibu,2005,38352,1500.0,Automatic,Gas,Good,,17,191,6,0
3366,Nissan,Altima,2016,55848,4826.04,Automatic,Gas,Fair,3.7,11,757,44,0
3367,Mercedes,C-Class,2006,186975,1500.0,Automatic,Diesel,Fair,3.6,22,448,54,0
3368,BMW,X5,2008,55921,1500.0,Automatic,Gas,Good,4.6,17,363,71,0
3369,BMW,X5,2021,114821,23046.35,Automatic,Gas,Excellent,3.8,4,589,36,0
3370,Mercedes,C-Class,2008,61275,1500.0,Automatic,Gas,Good,4.4,22,287,8,1
3371,Chevrolet,Malibu,2015,44792,1755.3,Automatic,Gas,Poor,4.4,16,487,83,1
3372,Chevrolet,Malibu,2008,51635,1500.0,Automatic,Gas,Good,5.0,30,411,10,0
3373,Hyundai,Elantra,2005,54119,1500.0,Automatic,Gas,Fair,4.4,28,469,33,0
3374,Chevrolet,Malibu,2011,86007,1500.0,Manual,Gas,Good,3.7,13,349,101,1
3375,Ford,F-150,2022,136593,13065.67,Automatic,Hybrid,Good,3.3,32,255,102,1
3376,Chevrolet,Malibu,2013,74295,1500.0,Automatic,Gas,Good,4.0,5,276,91,1
3377,Honda,Civic,2007,122057,1500.0,Automatic,Gas,Good,,4,282,93,0
3378,Hyundai,Elantra,2012,33561,1500.0,Automatic,Gas,Fair,2.9,20,399,19,0
3379,Toyota,Camry,2023,46687,15248.93,Manual,Diesel,Good,3.8,16,166,18,0
3380,Chevrolet,Malibu,2008,38770,1500.0,Automatic,Gas,Good,4.4,26,212,115,0
3381,Mercedes,C-Class,2022,72306,23683.99,Manual,Gas,Good,,31,420,51,1
3382,Toyota,Camry,2015,48272,6689.09,Automatic,Hybrid,Excellent,4.8,7,380,23,0
3383,Ford,F-150,2018,92768,4590.39,Automatic,Gas,Fair,3.3,14,428,1,0
3384,Mercedes,C-Class,2022,34248,25255.26,Automatic,Hybrid,Good,4.6,16,393,59,0
3385,Toyota,Camry,2020,61440,6714.26,Automatic,Gas,Fair,4.7,8,777,116,0
3386,Mercedes,C-Class,2007,90410,1500.0,Automatic,Gas,Good,4.8,10,419,107,1
3387,Ford,F-150,2019,17340,11350.12,Automatic,Gas,Fair,3.3,9,343,3,1
3388,Hyundai,Elantra,2008,213839,1500.0,Automatic,Gas,Fair,4.4,9,415,10,0
3389,Honda,Civic,2009,50519,1500.0,Automatic,Gas,Good,3.8,14,552,71,1
3390,Ford,F-150,2021,17764,14721.2,Manual,Hybrid,Fair,3.4,31,392,49,1
3391,Ford,F-150,2011,65831,1500.0,Automatic,Hybrid,Excellent,4.0,9,502,56,1
3392,Mercedes,C-Class,2020,61087,20555.87,Automatic,Hybrid,Good,3.7,14,459,90,1
3393,Hyundai,Elantra,2018,57003,4818.31,Automatic,Gas,Fair,4.8,29,356,16,0
3394,Nissan,Altima,2020,108522,8573.42,Automatic,Hybrid,Excellent,4.5,18,416,39,1
3395,BMW,X5,2011,93757,1500.0,Automatic,Gas,Good,3.5,29,639,109,1
3396,Chevrolet,Malibu,2013,71591,3493.18,Automatic,Diesel,Fair,3.8,9,436,96,0
3397,Chevrolet,Malibu,2008,78440,1500.0,Manual,Gas,Fair,4.0,10,252,76,0
3398,Honda,Civic,2015,56240,1924.51,Manual,Gas,Good,4.2,3,352,44,0
3399,Honda,Civic,2006,173736,1500.0,Automatic,Hybrid,Good,4.8,15,82,8,0
3400,Chevrolet,Malibu,2016,24648,5610.08,Automatic,Hybrid,Good,4.6,21,420,8,1
3401,BMW,X5,2016,65107,12528.16,Automatic,Gas,Good,4.2,33,596,45,1
3402,Chevrolet,Malibu,2008,62256,1500.0,Automatic,Gas,Good,4.0,3,198,11,1
3403,Nissan,Altima,2022,97535,11509.14,Automatic,Gas,Good,3.1,26,422,97,0
3404,BMW,X5,2011,36086,1500.0,Automatic,Gas,Good,5.0,20,547,25,1
3405,Honda,Civic,2005,21031,1500.0,Manual,Gas,Excellent,3.9,9,563,17,0
3406,Toyota,Camry,2017,65781,6105.35,Automatic,Gas,Excellent,5.0,24,591,95,1
3407,Mercedes,C-Class,2010,70879,1500.0,Automatic,Gas,Excellent,4.3,29,119,83,1
3408,Nissan,Altima,2010,146350,1500.0,Automatic,Gas,Good,5.0,19,475,109,0
3409,Nissan,Altima,2016,27939,4352.2,Automatic,Gas,Fair,4.6,30,174,55,0
3410,Hyundai,Elantra,2012,119708,1500.0,Manual,Gas,Excellent,3.3,17,250,79,1
3411,Honda,Civic,2023,247817,7907.74,Automatic,Gas,Excellent,3.8,24,523,56,0
3412,Honda,Civic,2009,47731,1500.0,Automatic,Gas,Good,4.1,27,423,44,0
3413,Ford,F-150,2022,27596,18154.49,Automatic,Gas,Good,3.7,21,508,53,0
3414,Nissan,Altima,2009,46901,1500.0,Automatic,Gas,Excellent,4.0,30,260,113,1
3415,Ford,F-150,2014,60379,6881.23,Automatic,Gas,Excellent,3.4,25,621,35,1
3416,Ford,F-150,2005,83974,1500.0,Automatic,Gas,Excellent,4.2,34,503,39,1
3417,Mercedes,C-Class,2014,41989,8319.89,Automatic,Gas,Good,4.3,6,533,2,0
3418,Ford,F-150,2009,152225,1500.0,Automatic,Gas,Excellent,3.6,19,237,98,0
3419,BMW,X5,2016,30677,12756.6,Automatic,Diesel,Good,5.0,9,575,25,0
3420,Chevrolet,Malibu,2011,21088,3143.7,Automatic,Gas,Good,4.2,18,352,38,1
3421,Toyota,Camry,2013,116311,1528.63,Automatic,Gas,Good,3.7,19,308,68,0
3422,Honda,Civic,2016,15294,4855.89,Automatic,Gas,Excellent,3.2,29,493,80,0
3423,BMW,X5,2005,52972,1500.0,Automatic,Gas,Good,4.2,22,487,32,1
3424,Toyota,Camry,2015,388717,2142.47,Manual,Diesel,Good,4.0,31,272,79,0
3425,Nissan,Altima,2019,59443,5032.67,Automatic,Gas,Fair,4.7,17,708,106,1
3426,Nissan,Altima,2006,30562,1500.0,Automatic,Gas,Excellent,4.1,34,672,78,1
3427,Nissan,Altima,2011,57847,1500.0,Automatic,Gas,Good,,11,490,41,1
3428,BMW,X5,2016,58076,10032.09,Automatic,Gas,Good,5.0,23,464,79,1
3429,BMW,X5,2022,65932,26235.21,Automatic,Gas,Excellent,4.5,25,449,71,0
3430,Honda,Civic,2007,89086,1500.0,Manual,Diesel,,4.0,15,167,7,0
3431,Chevrolet,Malibu,2011,32097,1500.0,Manual,Hybrid,Good,4.3,9,416,72,1
3432,Hyundai,Elantra,2015,164806,2041.17,Automatic,Gas,Good,4.5,33,414,83,0
3433,Ford,F-150,2022,69360,16696.69,Automatic,Diesel,Excellent,3.3,30,313,18,0
3434,Nissan,Altima,2016,92602,3673.67,Manual,Gas,,4.3,21,353,17,1
3435,Mercedes,C-Class,2010,41073,1500.0,Automatic,Hybrid,Good,3.9,31,42,82,0
3436,Chevrolet,Malibu,2009,129550,1500.0,Manual,Diesel,Good,4.5,13,235,83,0
3437,Mercedes,C-Class,2005,51316,1500.0,Automatic,Gas,Good,3.8,10,538,117,0
3438,Honda,Civic,2016,70723,5669.69,Automatic,Gas,Good,3.8,19,659,104,1
3439,Honda,Civic,2015,34205,5669.73,Automatic,Gas,Good,5.0,6,258,77,1
3440,Honda,Civic,2008,32920,1500.0,Automatic,Gas,Good,4.9,28,427,59,1
3441,Toyota,Camry,2022,90483,13545.93,Automatic,Gas,Excellent,2.2,6,564,11,0
3442,Mercedes,C-Class,2008,45882,1500.0,Automatic,Hybrid,Good,4.9,20,321,51,1
3443,Chevrolet,Malibu,2021,35871,14659.68,Automatic,Hybrid,Good,4.2,24,501,7,1
3444,Hyundai,Elantra,2006,40704,1500.0,Manual,Gas,,3.8,33,394,27,0
3445,Chevrolet,Malibu,2006,91068,1500.0,Automatic,Hybrid,Excellent,3.6,19,578,59,0
3446,BMW,X5,2016,41051,12885.97,Automatic,Diesel,Excellent,3.6,5,207,37,1
3447,BMW,X5,2010,55793,1500.0,Automatic,Gas,Excellent,,11,234,5,0
3448,Nissan,Altima,2014,60416,1500.0,Automatic,Gas,Fair,3.5,30,441,62,0
3449,Hyundai,Elantra,2020,18950,8086.08,Automatic,Gas,Good,3.4,28,414,72,1
3450,BMW,X5,2018,24768,18836.07,Automatic,Gas,Excellent,3.6,8,391,74,1
3451,Honda,Civic,2011,73259,1500.0,Automatic,Gas,Excellent,4.4,4,486,101,0
3452,Chevrolet,Malibu,2023,38475,16542.22,Automatic,Gas,Excellent,4.2,30,260,90,1
3453,Mercedes,C-Class,2021,112874,18235.65,Automatic,Diesel,Good,4.5,14,194,79,0
3454,Honda,Civic,2013,106946,1500.0,Automatic,Diesel,Excellent,4.2,33,324,55,0
3455,Toyota,Camry,2017,92180,8207.95,Automatic,Gas,Good,3.4,17,341,16,0
3456,BMW,X5,2009,178414,1500.0,Manual,Hybrid,Good,4.5,11,357,93,0
3457,Honda,Civic,2009,56962,1500.0,Manual,Gas,Fair,3.6,31,590,92,0
3458,Honda,Civic,2014,88373,1610.99,Manual,Diesel,Good,4.6,4,515,74,0
3459,Toyota,Camry,2014,42165,3980.29,Manual,Gas,Good,3.5,14,479,56,1
3460,Ford,F-150,2011,260777,1625.32,Automatic,Gas,Good,3.8,18,433,104,0
3461,Chevrolet,Malibu,2019,196846,8578.0,Automatic,Hybrid,Good,4.0,9,334,51,0
3462,Mercedes,C-Class,2011,60302,1500.0,Automatic,Gas,Fair,4.6,33,271,68,0
3463,Nissan,Altima,2019,75504,8558.47,Automatic,Gas,Good,4.3,3,220,46,0
3464,Ford,F-150,2007,135344,1500.0,Manual,Gas,Good,4.2,23,295,61,0
3465,BMW,X5,2023,54814,30081.57,Manual,Gas,Good,5.0,9,393,104,0
3466,Honda,Civic,2014,40377,1761.61,Automatic,Hybrid,Poor,3.1,5,226,117,0
3467,Hyundai,Elantra,2019,101153,9221.98,Automatic,Gas,Good,3.6,22,425,78,0
3468,Toyota,Camry,2007,62759,1500.0,Automatic,Diesel,Fair,3.6,7,370,108,1
3469,Toyota,Camry,2010,66822,1500.0,Automatic,Gas,Excellent,,5,340,33,0
3470,Hyundai,Elantra,2016,36295,5962.8,Automatic,Gas,Good,3.8,17,574,55,0
3471,Chevrolet,Malibu,2019,21362,9384.43,Automatic,Gas,Fair,4.6,8,30,115,0
3472,Ford,F-150,2010,68987,1500.0,Manual,Gas,Good,3.8,17,342,18,0
3473,Nissan,Altima,2017,103050,2968.37,Automatic,Gas,Poor,4.0,5,47,12,1
3474,Chevrolet,Malibu,2023,52287,16386.95,Manual,Gas,Excellent,,26,435,74,0
3475,Hyundai,Elantra,2007,141755,1500.0,Automatic,Gas,Fair,3.7,25,514,21,0
3476,Honda,Civic,2012,39247,1500.0,Automatic,Gas,Good,3.9,3,197,97,0
3477,Hyundai,Elantra,2012,31798,1500.0,Automatic,Gas,Excellent,4.6,4,216,78,1
3478,Chevrolet,Malibu,2019,57506,5600.21,Manual,Gas,Fair,3.2,6,145,73,0
3479,Mercedes,C-Class,2008,56979,1500.0,Automatic,Gas,Excellent,,23,409,26,1
3480,Toyota,Camry,2023,95033,15093.07,Manual,Gas,Excellent,4.9,16,348,79,1
3481,Toyota,Camry,2007,37609,1500.0,Automatic,Gas,Excellent,,16,358,21,1
3482,BMW,X5,2017,136060,10724.59,Automatic,Gas,Good,2.9,29,344,22,0
3483,BMW,X5,2012,194882,1500.0,Automatic,Gas,Poor,5.0,32,253,55,0
3484,Hyundai,Elantra,2020,58484,7627.11,Automatic,Gas,Excellent,4.6,12,569,46,1
3485,Nissan,Altima,2017,126731,4138.98,Automatic,Gas,Good,4.7,13,440,41,1
3486,Honda,Civic,2007,31764,1500.0,Automatic,Gas,Excellent,,6,222,107,1
3487,Mercedes,C-Class,2020,114134,16001.1,Automatic,Diesel,Good,5.0,17,294,5,0
3488,Ford,F-150,2013,112236,3499.67,Automatic,Gas,Excellent,3.7,22,269,44,1
3489,Chevrolet,Malibu,2018,100515,10109.29,Manual,Gas,Excellent,3.9,32,610,16,0
3490,Nissan,Altima,2017,59317,3453.22,Automatic,Gas,Excellent,3.8,27,506,116,1
3491,Honda,Civic,2011,10172,1500.0,Manual,Gas,Good,4.8,6,381,35,1
3492,BMW,X5,2019,40739,15622.17,Automatic,Diesel,Fair,4.1,22,656,5,1
3493,Hyundai,Elantra,2011,41128,1500.0,Automatic,Gas,Good,4.5,22,617,62,0
3494,Chevrolet,Malibu,2010,33291,1500.0,Automatic,Gas,Excellent,4.2,18,365,90,1
3495,BMW,X5,2006,64430,1500.0,Automatic,Gas,Good,4.1,4,338,26,0
3496,Hyundai,Elantra,2013,46565,3969.24,Automatic,Gas,Fair,3.6,15,345,61,0
3497,Chevrolet,Malibu,2021,36506,14613.06,Automatic,Gas,Excellent,5.0,10,257,51,1
3498,Ford,F-150,2009,31720,1500.0,Automatic,Gas,Excellent,,15,660,69,1
3499,Honda,Civic,2016,38975,5556.6,Automatic,Gas,Excellent,4.4,32,249,56,1
3500,Chevrolet,Malibu,2005,117348,1500.0,Automatic,Gas,Good,4.4,22,530,50,1
3501,Mercedes,C-Class,2014,40270,7130.36,Automatic,Diesel,Good,4.9,23,503,36,0
3502,Nissan,Altima,2015,43960,3312.42,Automatic,Diesel,Good,5.0,34,354,24,0
3503,Toyota,Camry,2020,45523,11222.15,Manual,Gas,Excellent,4.1,10,671,79,0
3504,Mercedes,C-Class,2018,73379,13925.25,Automatic,Gas,Good,4.5,32,166,30,0
3505,Mercedes,C-Class,2012,78727,1971.67,Automatic,Gas,Poor,5.0,6,388,69,0
3506,Nissan,Altima,2021,9635,14207.69,Automatic,Gas,Excellent,4.2,7,326,104,0
3507,Toyota,Camry,2022,110523,5683.49,Automatic,Diesel,Fair,,23,544,48,0
3508,Mercedes,C-Class,2016,141750,7879.97,Automatic,Gas,Good,4.0,8,453,22,0
3509,Chevrolet,Malibu,2021,31884,15516.84,Automatic,Gas,Excellent,3.4,25,140,33,1
3510,Chevrolet,Malibu,2018,33410,11555.43,Manual,Hybrid,Good,4.4,21,585,69,1
3511,Chevrolet,Malibu,2020,45699,9241.39,Automatic,Hybrid,Fair,4.8,32,472,96,1
3512,Toyota,Camry,2018,38040,9209.68,Automatic,Gas,Good,4.1,12,244,50,0
3513,Mercedes,C-Class,2013,68484,2887.27,Automatic,Gas,Fair,3.2,29,347,112,0
3514,Hyundai,Elantra,2008,18621,1500.0,Automatic,Gas,Excellent,4.8,5,205,23,1
3515,Toyota,Camry,2015,30614,2714.6,Automatic,Gas,Good,3.1,15,374,10,0
3516,Chevrolet,Malibu,2010,150771,1500.0,Automatic,Hybrid,Fair,3.3,11,422,36,0
3517,Nissan,Altima,2019,34305,8333.91,Automatic,Gas,Fair,4.1,19,349,114,0
3518,Mercedes,C-Class,2009,126254,1500.0,Automatic,Gas,Good,4.4,33,332,17,0
3519,Mercedes,C-Class,2015,74102,6764.57,Automatic,Gas,Good,4.5,12,158,53,1
3520,BMW,X5,2022,20220,28891.5,Automatic,Diesel,Excellent,4.2,14,450,91,0
3521,BMW,X5,2017,87657,15130.28,Automatic,Diesel,Excellent,5.0,15,111,109,1
3522,Ford,F-150,2015,55792,4527.63,Automatic,Hybrid,Excellent,4.2,26,404,8,1
3523,Hyundai,Elantra,2018,45557,8812.35,Automatic,Gas,Excellent,4.8,12,130,104,0
3524,Hyundai,Elantra,2022,69353,11741.14,Automatic,Diesel,,4.7,21,407,44,0
3525,Honda,Civic,2023,79600,13086.27,Automatic,Gas,Good,3.4,23,399,61,0
3526,Hyundai,Elantra,2019,91542,7037.1,Automatic,Gas,Poor,4.1,21,460,114,0
3527,BMW,X5,2013,121412,1500.0,Automatic,Gas,Good,5.0,28,529,6,0
3528,Toyota,Camry,2012,76487,1500.0,Automatic,Diesel,Good,3.9,19,557,71,1
3529,Hyundai,Elantra,2005,26228,1500.0,Automatic,Hybrid,Poor,3.8,28,158,90,0
3530,BMW,X5,2008,45062,1500.0,Automatic,Gas,Excellent,,32,391,81,1
3531,Ford,F-150,2018,350049,3069.01,Automatic,Gas,Good,3.9,7,701,37,0
3532,Mercedes,C-Class,2006,92475,1500.0,Automatic,Diesel,Good,3.7,10,417,54,0
3533,Hyundai,Elantra,2020,248096,7158.35,Automatic,Gas,Excellent,3.9,7,275,23,0
3534,Ford,F-150,2007,138311,1500.0,Automatic,Hybrid,Good,5.0,17,388,91,1
3535,Mercedes,C-Class,2012,69222,1500.0,Automatic,Gas,Excellent,4.1,6,342,57,0
3536,Nissan,Altima,2010,71742,1500.0,Automatic,Gas,,3.4,27,223,51,1
3537,Nissan,Altima,2020,58574,9345.93,Automatic,Gas,Excellent,3.3,15,530,104,0
3538,Mercedes,C-Class,2020,21106,17568.88,Automatic,Gas,Fair,5.0,19,487,58,1
3539,Hyundai,Elantra,2011,60526,1717.86,Automatic,Gas,Good,4.1,7,199,19,0
3540,Honda,Civic,2017,123797,5898.76,Automatic,Gas,Good,4.5,3,386,27,0
3541,BMW,X5,2017,41781,14128.59,Manual,Gas,Good,3.7,33,315,89,1
3542,Toyota,Camry,2009,76662,1500.0,Automatic,Gas,Excellent,,24,159,104,0
3543,Toyota,Camry,2022,99803,13597.84,Automatic,Hybrid,Good,5.0,17,187,25,0
3544,Chevrolet,Malibu,2019,34689,7883.86,Automatic,Gas,Good,3.8,12,210,21,1
3545,Mercedes,C-Class,2022,45670,29735.87,Automatic,Gas,Excellent,4.5,27,391,25,1
3546,Toyota,Camry,2006,32508,1500.0,Automatic,Diesel,Good,,13,331,51,1
3547,Hyundai,Elantra,2014,36559,1815.81,Manual,Gas,Excellent,5.0,32,256,71,1
3548,Honda,Civic,2017,27651,9525.51,Manual,Gas,Excellent,4.4,20,341,35,0
3549,Mercedes,C-Class,2022,34882,22799.92,Automatic,Gas,Fair,4.0,31,512,70,0
3550,Honda,Civic,2019,140318,7479.32,Automatic,Diesel,Good,4.0,15,453,104,0
3551,Hyundai,Elantra,2016,34569,4484.74,Automatic,Diesel,Good,3.9,22,550,50,1
3552,Toyota,Camry,2019,64593,9634.63,Automatic,Gas,Good,3.9,26,365,15,1
3553,Toyota,Camry,2017,44279,4272.74,Automatic,Diesel,Good,2.7,32,640,24,0
3554,Chevrolet,Malibu,2022,121457,13721.01,Automatic,Gas,Good,4.1,18,452,49,0
3555,Toyota,Camry,2019,131491,7029.26,Automatic,Gas,Good,,21,326,68,0
3556,Mercedes,C-Class,2015,100553,7000.56,Automatic,Diesel,Good,4.5,32,413,7,0
3557,Hyundai,Elantra,2023,71946,7216.14,Automatic,Gas,Poor,3.9,25,212,94,0
3558,Nissan,Altima,2007,52123,1500.0,Manual,Hybrid,Poor,,14,354,81,0
3559,Hyundai,Elantra,2011,29286,1500.0,Automatic,Gas,Good,4.2,25,464,54,1
3560,Mercedes,C-Class,2018,192166,10290.1,Manual,Gas,Fair,3.2,16,491,38,0
3561,Mercedes,C-Class,2018,37956,17762.98,Automatic,Hybrid,Good,4.3,33,338,94,0
3562,Chevrolet,Malibu,2017,89160,6823.83,Automatic,Gas,Good,3.1,4,810,45,0
3563,Chevrolet,Malibu,2016,113067,6925.06,Automatic,Hybrid,Excellent,4.9,30,374,103,0
3564,Toyota,Camry,2013,42908,3279.82,Automatic,Hybrid,Good,4.6,12,148,9,1
3565,Ford,F-150,2005,111614,1500.0,Automatic,Diesel,Fair,3.6,6,581,55,0
3566,Hyundai,Elantra,2023,94705,8292.13,Manual,Gas,Fair,4.6,3,491,83,0
3567,Hyundai,Elantra,2015,168852,1500.0,Manual,Gas,Fair,4.3,26,434,52,0
3568,Ford,F-150,2023,45179,20291.64,Automatic,Diesel,Excellent,3.6,28,330,77,1
3569,Chevrolet,Malibu,2022,27680,16959.9,Automatic,Gas,Good,3.0,28,459,111,1
3570,Toyota,Camry,2016,44209,7666.14,Automatic,Gas,Excellent,4.4,27,642,49,0
3571,Ford,F-150,2005,67867,1500.0,Automatic,Hybrid,Good,3.7,19,430,101,1
3572,Toyota,Camry,2023,62002,13914.4,Automatic,Gas,Good,4.9,34,179,55,1
3573,Toyota,Camry,2021,47284,11799.07,Automatic,Hybrid,Good,4.2,13,0,83,0
3574,Toyota,Camry,2009,19043,1500.0,Automatic,Gas,Good,3.8,9,457,70,1
3575,BMW,X5,2007,79402,1500.0,Automatic,Gas,Good,5.0,19,252,76,1
3576,Mercedes,C-Class,2006,195517,1500.0,Automatic,Gas,Excellent,4.5,30,385,79,1
3577,Toyota,Camry,2007,79106,1500.0,Automatic,Gas,Excellent,2.0,19,278,111,0
3578,BMW,X5,2012,86291,1500.0,Automatic,Gas,Fair,3.9,11,267,3,0
3579,Chevrolet,Malibu,2020,84412,12243.95,Manual,Gas,Excellent,3.4,12,285,68,0
3580,Ford,F-150,2010,75980,1500.0,Automatic,Hybrid,Excellent,3.7,28,298,101,0
3581,Mercedes,C-Class,2017,104715,9628.94,Manual,Gas,Fair,4.1,8,516,38,0
3582,Nissan,Altima,2020,75903,7707.15,Automatic,Gas,Poor,4.4,19,486,70,0
3583,Ford,F-150,2020,49632,13511.02,Manual,Gas,Good,4.4,18,218,49,1
3584,Mercedes,C-Class,2007,37138,1500.0,Automatic,Gas,Excellent,4.8,9,239,92,1
3585,Nissan,Altima,2017,51565,5971.07,Automatic,Gas,Excellent,4.6,21,456,8,0
3586,Ford,F-150,2018,72292,4429.54,Manual,Gas,Poor,4.5,28,557,115,1
3587,Mercedes,C-Class,2012,49530,1500.0,Automatic,Gas,Fair,4.3,6,555,116,0
3588,Ford,F-150,2016,72301,4899.21,Automatic,Gas,Good,5.0,32,249,95,1
3589,Ford,F-150,2012,77924,1500.0,Manual,Gas,Excellent,4.0,22,548,85,1
3590,Nissan,Altima,2013,98706,1500.0,Automatic,Gas,Excellent,4.0,26,133,118,0
3591,Ford,F-150,2005,129272,1500.0,Manual,Gas,Excellent,3.1,34,369,45,1
3592,Ford,F-150,2010,62743,1500.0,Automatic,Gas,Good,4.8,19,473,29,1
3593,Nissan,Altima,2023,27318,15148.55,Manual,Gas,Excellent,4.2,26,88,79,1
3594,Chevrolet,Malibu,2015,48675,5511.06,Automatic,Gas,Poor,5.0,11,713,49,0
3595,Toyota,Camry,2015,61478,6578.87,Automatic,Gas,Excellent,4.0,13,599,24,0
3596,Hyundai,Elantra,2017,19901,4028.31,Automatic,Gas,Good,4.3,25,497,21,1
3597,Honda,Civic,2015,137750,2879.07,Manual,Diesel,Excellent,4.5,3,255,113,0
3598,BMW,X5,2022,65213,22718.47,Automatic,Hybrid,Good,3.5,33,389,23,0
3599,Honda,Civic,2019,75268,8927.7,Automatic,Gas,Excellent,4.4,9,518,95,1
3600,Honda,Civic,2005,135851,1500.0,Automatic,Hybrid,Fair,4.2,24,231,98,0
3601,Mercedes,C-Class,2011,41024,1500.0,Automatic,Gas,Good,4.0,7,372,28,1
3602,Toyota,Camry,2017,84493,8774.53,Automatic,Gas,Excellent,4.9,7,536,32,0
3603,Mercedes,C-Class,2016,56054,8915.41,Manual,Gas,Fair,3.7,3,175,22,0
3604,Toyota,Camry,2022,53613,12099.64,Automatic,Gas,Good,4.4,8,449,62,1
3605,Nissan,Altima,2023,37672,12155.58,Automatic,Gas,Fair,5.0,15,136,67,1
3606,Nissan,Altima,2019,162650,5254.97,Automatic,Gas,Fair,3.8,17,258,118,0
3607,Hyundai,Elantra,2012,47796,1500.0,Automatic,Diesel,Fair,4.0,6,324,73,0
3608,Toyota,Camry,2023,91096,17825.99,Automatic,Gas,Excellent,5.0,32,477,6,1
3609,Ford,F-150,2014,19438,3235.61,Automatic,Gas,Excellent,4.5,32,294,65,1
3610,Chevrolet,Malibu,2011,121539,2766.18,Automatic,Gas,Poor,3.9,19,418,22,0
3611,Hyundai,Elantra,2022,112569,12460.77,Automatic,Hybrid,Good,4.7,30,296,51,1
3612,Hyundai,Elantra,2020,63478,9897.55,Automatic,Gas,Excellent,3.9,26,320,68,1
3613,Ford,F-150,2010,52252,1500.0,Automatic,Gas,Fair,3.3,26,587,109,0
3614,Chevrolet,Malibu,2013,76114,1500.0,Automatic,Gas,Excellent,5.0,33,227,116,0
3615,Mercedes,C-Class,2017,236398,7940.28,Automatic,Gas,Good,3.5,30,513,57,0
3616,Chevrolet,Malibu,2012,20786,1500.0,Automatic,Gas,Fair,5.0,15,399,72,1
3617,Mercedes,C-Class,2020,95723,13482.18,Automatic,Gas,Fair,3.9,13,313,55,0
3618,Nissan,Altima,2017,34649,6135.12,Automatic,Gas,Excellent,5.0,6,217,101,1
3619,Honda,Civic,2017,59162,6236.5,Manual,Gas,Good,3.4,31,228,42,1
3620,Nissan,Altima,2021,51599,10891.3,Automatic,Gas,Good,4.8,9,289,52,1
3621,Nissan,Altima,2009,46305,1500.0,Automatic,Gas,Good,4.5,21,377,61,0
3622,Honda,Civic,2021,59499,14211.58,Automatic,Gas,Excellent,4.7,26,490,19,1
3623,Chevrolet,Malibu,2013,30318,1500.0,Automatic,Gas,Good,4.8,9,354,108,1
3624,Hyundai,Elantra,2006,111024,1500.0,Automatic,Gas,Good,3.9,16,365,1,0
3625,Chevrolet,Malibu,2022,20404,15575.06,Automatic,Hybrid,Good,3.4,23,387,41,0
3626,Mercedes,C-Class,2013,82773,2242.69,Automatic,Gas,Fair,4.2,18,471,63,1
3627,Ford,F-150,2010,49221,1500.0,Automatic,Gas,Good,4.3,23,496,88,0
3628,Mercedes,C-Class,2015,29656,9134.73,Automatic,Gas,Excellent,3.9,11,191,48,1
3629,Ford,F-150,2010,67604,1500.0,Automatic,Diesel,Good,4.4,24,357,81,1
3630,Nissan,Altima,2010,23525,1500.0,Automatic,Gas,Fair,4.4,33,584,32,1
3631,Honda,Civic,2017,61317,7702.85,Automatic,Gas,Good,3.7,24,202,50,0
3632,Nissan,Altima,2015,25495,8006.39,Automatic,Gas,Good,4.4,4,411,14,1
3633,Toyota,Camry,2018,78965,5826.78,Automatic,Gas,Excellent,4.0,29,374,17,1
3634,Chevrolet,Malibu,2006,34385,1500.0,Automatic,Gas,Good,3.8,18,314,96,1
3635,Ford,F-150,2012,45679,1661.01,Automatic,Hybrid,Fair,4.7,7,638,97,1
3636,Mercedes,C-Class,2007,71422,1500.0,Automatic,Gas,Fair,3.7,14,405,30,0
3637,Honda,Civic,2007,37664,1500.0,Automatic,Gas,Good,3.9,22,626,117,0
3638,Ford,F-150,2005,57827,1500.0,Automatic,Gas,Good,4.2,28,400,111,1
3639,Mercedes,C-Class,2023,24141,23292.95,Automatic,Gas,,5.0,17,469,51,1
3640,Chevrolet,Malibu,2022,87424,9532.95,Automatic,Diesel,Poor,4.3,5,313,98,0
3641,Nissan,Altima,2021,172637,6322.34,Manual,Gas,Good,4.5,11,315,92,0
3642,Chevrolet,Malibu,2017,319759,2814.09,Automatic,Hybrid,Good,4.0,29,461,62,0
3643,BMW,X5,2007,63240,1500.0,Manual,Gas,Good,4.2,30,464,24,1
3644,Toyota,Camry,2005,96078,1500.0,Automatic,Gas,Excellent,4.2,9,489,63,0
3645,BMW,X5,2008,20570,1500.0,Automatic,Gas,Good,4.4,33,456,14,1
3646,Honda,Civic,2017,147508,5417.84,Automatic,Gas,Fair,4.0,6,199,118,0
3647,Ford,F-150,2021,95390,10030.77,Automatic,Gas,Fair,5.0,27,279,34,1
3648,Honda,Civic,2015,44785,5895.02,Automatic,Gas,Fair,4.0,11,527,59,1
3649,Nissan,Altima,2006,125782,1500.0,Automatic,Gas,Excellent,3.2,30,106,111,1
3650,Mercedes,C-Class,2020,51395,22168.87,Automatic,Gas,,5.0,17,443,65,1
3651,Chevrolet,Malibu,2006,45487,1500.0,Automatic,Gas,Excellent,,25,383,86,1
3652,BMW,X5,2023,79634,28854.33,Automatic,Gas,Excellent,5.0,23,527,33,1
3653,Hyundai,Elantra,2023,31633,9047.79,Manual,Gas,Fair,5.0,31,462,108,1
3654,BMW,X5,2020,110522,18960.54,Manual,Hybrid,Good,4.8,27,300,118,0
3655,Nissan,Altima,2023,31774,10697.82,Automatic,Gas,Fair,4.1,32,293,111,0
3656,BMW,X5,2013,31887,5057.91,Manual,Gas,Excellent,4.4,31,321,58,1
3657,Nissan,Altima,2005,34689,1500.0,Manual,Gas,Good,3.4,9,487,18,0
3658,Hyundai,Elantra,2014,94438,2545.72,Automatic,Gas,Good,5.0,27,54,111,1
3659,Honda,Civic,2023,41354,16548.81,Automatic,Gas,Excellent,3.7,13,423,103,1
3660,Chevrolet,Malibu,2005,26667,1500.0,Automatic,Hybrid,Good,4.0,21,267,12,1
3661,Ford,F-150,2006,41630,1500.0,Automatic,Gas,Excellent,4.3,13,428,74,1
3662,Mercedes,C-Class,2020,58734,20338.15,Automatic,Gas,Good,4.1,27,451,66,0
3663,Ford,F-150,2016,29478,3922.0,Automatic,Gas,Poor,3.8,3,150,2,0
3664,Honda,Civic,2012,30001,1518.76,Automatic,Gas,Fair,5.0,34,365,70,0
3665,Mercedes,C-Class,2022,212517,10244.91,Automatic,Gas,Poor,4.8,23,423,84,0
3666,BMW,X5,2006,35726,1500.0,Automatic,Hybrid,Fair,4.4,15,413,102,0
3667,Hyundai,Elantra,2017,49324,5798.29,Automatic,Gas,Fair,4.0,15,381,28,1
3668,Hyundai,Elantra,2010,48033,1500.0,Automatic,Hybrid,Good,4.8,4,216,42,0
3669,Toyota,Camry,2010,46498,1500.0,Manual,Gas,Good,3.9,19,239,3,0
3670,Honda,Civic,2013,86925,1500.0,Automatic,Gas,Good,5.0,32,193,48,0
3671,Honda,Civic,2020,105755,7648.41,Automatic,Gas,Fair,4.3,21,483,101,0
3672,Chevrolet,Malibu,2015,49832,5089.91,Manual,Gas,Excellent,4.9,25,382,101,1
3673,Ford,F-150,2011,28512,1500.0,Manual,Hybrid,Excellent,4.1,17,392,106,1
3674,Honda,Civic,2014,128625,3880.78,Automatic,Gas,Fair,4.2,21,144,89,0
3675,Honda,Civic,2014,56545,2114.97,Automatic,Diesel,,4.9,12,394,87,1
3676,BMW,X5,2022,169091,10649.76,Manual,Gas,Poor,5.0,12,495,13,0
3677,BMW,X5,2013,15562,3398.05,Automatic,Gas,Good,5.0,29,123,57,1
3678,Mercedes,C-Class,2019,67321,16693.23,Automatic,Hybrid,Good,4.7,11,319,88,0
3679,Nissan,Altima,2008,189314,1500.0,Automatic,Gas,Good,4.6,21,164,3,0
3680,Nissan,Altima,2012,48438,1500.0,Automatic,Diesel,Fair,3.9,13,336,114,0
3681,Toyota,Camry,2013,52297,2284.1,Automatic,Gas,Excellent,4.4,8,264,63,1
3682,Nissan,Altima,2017,71489,3383.22,Automatic,Diesel,Fair,3.7,33,457,115,0
3683,Chevrolet,Malibu,2013,42818,1500.0,Manual,Gas,,4.4,4,425,38,0
3684,Toyota,Camry,2008,49650,1500.0,Automatic,Gas,Excellent,4.5,26,593,59,0
3685,Mercedes,C-Class,2021,48889,24818.42,Automatic,Gas,Excellent,3.0,12,391,28,0
3686,BMW,X5,2020,41091,25532.06,Automatic,Gas,Excellent,4.2,17,450,26,1
3687,Nissan,Altima,2019,125155,8877.1,Manual,Gas,Excellent,4.4,7,316,84,0
3688,Ford,F-150,2007,78956,1500.0,Automatic,Gas,Excellent,4.1,20,234,91,1
3689,BMW,X5,2009,69590,1500.0,Automatic,Gas,Good,4.4,32,525,65,1
3690,Hyundai,Elantra,2009,97259,1500.0,Manual,Gas,Good,3.4,32,586,74,0
3691,Chevrolet,Malibu,2019,51092,6983.38,Automatic,Gas,Fair,3.7,9,505,74,1
3692,BMW,X5,2022,37627,27607.37,Automatic,Gas,Excellent,4.8,5,419,61,0
3693,Chevrolet,Malibu,2019,41707,9023.39,Manual,Gas,,4.2,32,253,57,0
3694,Chevrolet,Malibu,2006,59938,1500.0,Manual,Gas,Good,4.4,23,571,118,0
3695,Chevrolet,Malibu,2017,31712,8849.71,Automatic,Gas,Fair,,29,486,1,0
3696,Mercedes,C-Class,2008,44348,1500.0,Manual,Gas,Good,4.2,27,703,32,0
3697,Chevrolet,Malibu,2014,43929,5376.22,Automatic,Gas,Good,2.8,18,226,115,1
3698,Chevrolet,Malibu,2017,214214,5192.38,Automatic,Diesel,Fair,4.7,19,529,32,0
3699,Hyundai,Elantra,2014,11335,1883.08,Manual,Gas,Good,5.0,33,482,107,1
3700,Ford,F-150,2013,53756,2492.58,Manual,Gas,Excellent,3.6,4,348,27,0
3701,Toyota,Camry,2012,168622,1500.0,Automatic,Gas,Good,3.6,18,604,13,0
3702,Honda,Civic,2007,64415,1500.0,Automatic,Gas,Fair,4.5,23,460,17,0
3703,Hyundai,Elantra,2020,94094,10381.28,Automatic,Diesel,Excellent,5.0,32,259,28,1
3704,Toyota,Camry,2018,63569,9776.79,Automatic,Diesel,Good,4.2,22,382,89,1
3705,Chevrolet,Malibu,2013,40118,3314.54,Automatic,Gas,Good,3.5,3,257,52,0
3706,Ford,F-150,2015,15597,4595.16,Automatic,Gas,Fair,4.1,16,329,114,1
3707,BMW,X5,2007,67729,1500.0,Automatic,Gas,Excellent,3.6,18,505,36,1
3708,Ford,F-150,2009,37595,1500.0,Automatic,Gas,Excellent,3.8,25,548,47,1
3709,Hyundai,Elantra,2014,37041,1500.0,Automatic,Diesel,Good,4.0,11,433,66,0
3710,Chevrolet,Malibu,2017,44382,4021.81,Automatic,Gas,Good,3.6,19,287,32,1
3711,Ford,F-150,2008,170572,1500.0,Automatic,Gas,Good,3.7,10,457,32,0
3712,Nissan,Altima,2017,253445,2576.4,Automatic,Gas,Good,4.2,11,508,70,0
3713,Ford,F-150,2016,68208,5741.79,Manual,Gas,Fair,4.3,4,104,118,0
3714,Chevrolet,Malibu,2009,45303,1500.0,Automatic,Gas,Fair,3.3,15,417,95,0
3715,Mercedes,C-Class,2014,29544,6804.73,Automatic,Diesel,Fair,4.4,3,371,55,1
3716,Nissan,Altima,2013,79310,1871.43,Automatic,Gas,Good,4.0,24,543,73,1
3717,Ford,F-150,2011,174511,1500.0,Automatic,Diesel,Poor,,32,457,107,0
3718,Honda,Civic,2006,51616,1500.0,Automatic,Gas,Excellent,4.7,9,472,116,0
3719,Honda,Civic,2011,14365,1500.0,Automatic,Gas,Good,3.9,20,327,80,1
3720,Ford,F-150,2012,89503,1500.0,Automatic,Gas,Good,4.6,23,400,89,1
3721,Mercedes,C-Class,2011,108146,1500.0,Automatic,Gas,Fair,3.7,34,541,40,0
3722,BMW,X5,2018,23120,13859.95,Automatic,Diesel,Good,5.0,7,390,28,0
3723,Chevrolet,Malibu,2023,66562,11174.4,Automatic,Gas,Fair,3.7,9,426,81,0
3724,Honda,Civic,2009,78490,1500.0,Manual,Gas,Fair,4.4,14,169,31,0
3725,BMW,X5,2022,57304,24040.74,Automatic,Gas,Good,4.1,29,389,119,0
3726,Ford,F-150,2016,37254,4038.63,Automatic,Gas,Fair,3.6,19,98,87,1
3727,Hyundai,Elantra,2021,110146,10753.43,Automatic,Gas,Excellent,4.7,28,322,31,0
3728,BMW,X5,2017,47003,14427.67,Automatic,Gas,Excellent,3.8,26,409,26,0
3729,Nissan,Altima,2006,24560,1500.0,Manual,Gas,Poor,3.2,7,515,4,0
3730,Toyota,Camry,2017,17506,7755.12,Automatic,Gas,Good,2.5,14,250,103,0
3731,Honda,Civic,2011,127581,1775.35,Manual,Gas,Good,3.7,21,456,107,0
3732,Ford,F-150,2014,86681,6189.51,Automatic,Gas,Good,5.0,15,620,107,1
3733,Hyundai,Elantra,2010,63119,1500.0,Manual,Gas,Excellent,5.0,18,303,107,1
3734,Chevrolet,Malibu,2007,45974,1500.0,Automatic,Gas,Good,3.8,31,167,58,1
3735,Hyundai,Elantra,2007,43590,1500.0,Automatic,Gas,Good,4.0,27,443,117,1
3736,Mercedes,C-Class,2022,31399,30484.25,Automatic,Gas,Excellent,3.9,29,221,117,1
3737,Nissan,Altima,2015,46218,4449.81,Automatic,Gas,Excellent,3.4,21,277,79,1
3738,Ford,F-150,2009,16780,1500.0,Automatic,Gas,Good,3.6,25,538,101,0
3739,Chevrolet,Malibu,2023,38498,17856.93,Automatic,Gas,Good,4.8,12,681,102,0
3740,Mercedes,C-Class,2023,49683,28394.97,Automatic,Gas,Excellent,4.5,14,249,23,1
3741,Mercedes,C-Class,2019,86329,17264.09,Manual,Gas,Good,4.4,9,289,69,0
3742,Ford,F-150,2020,58456,9828.78,Automatic,Gas,Fair,3.4,16,334,105,1
3743,Nissan,Altima,2013,96466,2738.48,Automatic,Gas,Good,4.3,12,317,60,1
3744,BMW,X5,2008,134521,1500.0,Manual,Diesel,Fair,2.8,30,689,43,0
3745,BMW,X5,2019,112972,14326.61,Manual,Gas,Fair,4.7,10,320,89,0
3746,Mercedes,C-Class,2016,79404,10354.84,Automatic,Hybrid,Excellent,4.4,17,341,94,1
3747,BMW,X5,2007,60301,1500.0,Automatic,Gas,Excellent,3.4,28,642,119,1
3748,Toyota,Camry,2018,33240,8740.0,Automatic,Gas,Good,5.0,18,486,26,1
3749,Mercedes,C-Class,2021,93336,19526.88,Automatic,Gas,Good,3.1,10,547,67,0
3750,Mercedes,C-Class,2023,164037,19455.83,Automatic,Gas,Good,4.5,6,264,116,0
3751,Chevrolet,Malibu,2010,73516,1500.0,Automatic,Gas,Good,4.5,34,320,68,1
3752,BMW,X5,2008,189161,1500.0,Automatic,Gas,Good,3.5,32,244,55,0
3753,Nissan,Altima,2011,23972,2259.59,Automatic,Hybrid,Excellent,4.2,19,520,47,0
3754,Mercedes,C-Class,2023,29956,18313.87,Manual,Gas,Poor,3.2,6,583,82,0
3755,Hyundai,Elantra,2021,100019,11082.92,Automatic,Hybrid,Excellent,2.5,24,310,59,0
3756,Nissan,Altima,2020,70162,8496.89,Automatic,Gas,Fair,3.6,34,345,101,0
3757,Toyota,Camry,2019,131698,7381.14,Automatic,Gas,Excellent,3.8,28,351,75,0
3758,Chevrolet,Malibu,2012,59320,1776.0,Automatic,Gas,Excellent,4.6,13,167,75,1
3759,Ford,F-150,2023,35568,17976.18,Automatic,Gas,Excellent,4.2,15,298,100,1
3760,Nissan,Altima,2012,52672,1500.0,Automatic,Gas,Poor,4.3,8,515,16,0
3761,Mercedes,C-Class,2022,23870,30136.6,Manual,Hybrid,Excellent,3.6,24,268,58,1
3762,Toyota,Camry,2020,30419,12715.39,Automatic,Gas,Good,3.9,16,413,107,0
3763,Honda,Civic,2023,107308,10803.7,Automatic,Gas,Fair,3.6,30,203,89,0
3764,Toyota,Camry,2014,101080,1500.0,Automatic,Gas,Good,3.5,9,378,1,0
3765,Toyota,Camry,2021,74444,10680.26,Automatic,Gas,Good,3.8,14,315,90,0
3766,Chevrolet,Malibu,2017,21318,6565.81,Automatic,Gas,Poor,4.2,29,216,45,0
3767,Ford,F-150,2017,48288,7550.08,Automatic,Gas,Fair,3.9,3,518,94,0
3768,Honda,Civic,2011,28709,1500.0,Automatic,Gas,Good,4.0,34,526,115,0
3769,BMW,X5,2014,121287,4506.48,Automatic,Gas,Good,4.6,12,254,6,0
3770,BMW,X5,2006,42182,1500.0,Automatic,Gas,Poor,3.9,3,367,91,1
3771,Nissan,Altima,2008,31211,1500.0,Automatic,Gas,Poor,3.4,18,406,52,0
3772,Toyota,Camry,2010,60954,1500.0,Automatic,Gas,Good,4.5,9,127,19,0
3773,Hyundai,Elantra,2022,40778,10083.69,Automatic,Gas,Fair,4.4,30,190,102,0
3774,Chevrolet,Malibu,2010,145837,1500.0,Automatic,Gas,Good,4.4,22,592,109,0
3775,Hyundai,Elantra,2021,38526,9429.84,Automatic,Hybrid,Good,4.6,8,240,43,1
3776,Chevrolet,Malibu,2018,25860,13265.82,Manual,Hybrid,Excellent,4.5,24,588,19,0
3777,BMW,X5,2015,16452,10103.86,Automatic,Gas,Excellent,4.2,27,198,39,1
3778,Nissan,Altima,2023,58778,11830.45,Automatic,Hybrid,Good,5.0,20,498,108,0
3779,Nissan,Altima,2006,42737,1500.0,Automatic,Gas,Good,3.4,22,353,32,1
3780,Nissan,Altima,2007,25403,1500.0,Automatic,Gas,Excellent,3.8,6,374,112,0
3781,Honda,Civic,2015,122214,6578.82,Automatic,Gas,Good,4.8,25,678,65,1
3782,Ford,F-150,2010,89352,1500.0,Automatic,Hybrid,Good,4.3,18,211,89,1
3783,Honda,Civic,2018,58868,6048.75,Automatic,Gas,Poor,4.7,3,489,47,0
3784,Mercedes,C-Class,2023,135753,21132.64,Automatic,Diesel,Fair,4.3,23,483,13,0
3785,Mercedes,C-Class,2020,89100,18665.21,Automatic,Diesel,Good,5.0,32,903,74,0
3786,Hyundai,Elantra,2011,36544,1500.0,Automatic,Gas,Fair,3.6,29,238,82,0
3787,Ford,F-150,2012,32095,1896.11,Automatic,Gas,Good,5.0,22,306,36,1
3788,BMW,X5,2023,97810,24417.56,Automatic,Gas,Good,4.9,4,522,86,0
3789,Ford,F-150,2020,75949,9504.77,Manual,Gas,Poor,3.5,18,369,70,0
3790,Chevrolet,Malibu,2011,66293,1500.0,Manual,Gas,Good,4.6,23,330,27,0
3791,Mercedes,C-Class,2013,36029,1500.0,Automatic,Gas,Good,4.2,11,543,72,0
3792,Toyota,Camry,2017,86229,7062.83,Automatic,Gas,Excellent,3.8,17,360,24,0
3793,Toyota,Camry,2005,38051,1500.0,Automatic,Gas,Excellent,3.1,26,266,20,1
3794,BMW,X5,2012,56320,1500.0,Manual,Gas,Good,3.6,18,508,86,1
3795,Chevrolet,Malibu,2008,142652,1500.0,Automatic,Gas,Poor,4.6,11,456,9,0
3796,Hyundai,Elantra,2007,40275,1500.0,Manual,Gas,Good,4.7,9,353,119,1
3797,Honda,Civic,2007,23299,1500.0,Automatic,Gas,Fair,4.1,12,345,104,1
3798,Chevrolet,Malibu,2017,31839,4627.01,Automatic,Gas,Fair,4.7,9,262,114,0
3799,Toyota,Camry,2012,108725,1615.03,Manual,Hybrid,Excellent,4.8,32,508,39,1
3800,Toyota,Camry,2011,69761,1500.0,Automatic,Gas,Good,4.3,32,345,83,1
3801,Hyundai,Elantra,2005,55418,1500.0,Automatic,Gas,Good,,15,284,119,0
3802,Mercedes,C-Class,2020,44114,22582.21,Automatic,Diesel,Good,4.5,4,207,114,0
3803,Chevrolet,Malibu,2010,80114,1500.0,Automatic,Gas,Excellent,4.5,14,458,1,1
3804,Chevrolet,Malibu,2011,35973,1500.0,Automatic,Gas,Poor,4.6,15,323,11,0
3805,Toyota,Camry,2016,71926,3304.75,Automatic,Gas,Fair,4.7,5,98,105,0
3806,Honda,Civic,2013,38609,1795.47,Automatic,Diesel,Good,3.4,13,219,106,0
3807,BMW,X5,2015,34940,7221.54,Automatic,Hybrid,Good,3.9,28,364,74,0
3808,Nissan,Altima,2014,40843,5214.28,Automatic,Gas,Excellent,3.1,10,369,1,0
3809,BMW,X5,2005,47798,1500.0,Manual,Gas,Good,4.6,13,363,91,0
3810,Chevrolet,Malibu,2022,58145,10798.68,Automatic,Diesel,Fair,4.1,20,342,81,0
3811,BMW,X5,2008,68959,1500.0,Automatic,Gas,Fair,4.5,9,178,108,0
3812,Toyota,Camry,2009,6548,1500.0,Automatic,Gas,Good,3.3,14,268,44,0
3813,Toyota,Camry,2013,36879,2408.28,Automatic,Gas,Good,5.0,8,577,51,0
3814,Hyundai,Elantra,2021,47337,10740.49,Manual,Gas,Good,3.5,30,555,17,0
3815,Chevrolet,Malibu,2007,147714,1500.0,Automatic,Gas,Good,4.7,12,486,103,0
3816,Hyundai,Elantra,2020,31319,10953.42,Automatic,Gas,Excellent,4.3,22,473,119,1
3817,Chevrolet,Malibu,2009,66017,1500.0,Automatic,Gas,Good,4.1,29,535,107,1
3818,Nissan,Altima,2020,146828,6600.56,Automatic,Gas,Good,4.0,17,231,66,0
3819,Nissan,Altima,2007,27233,1500.0,Manual,Gas,Excellent,3.8,22,404,112,0
3820,Mercedes,C-Class,2019,75840,17438.44,Manual,Gas,Excellent,5.0,17,231,23,1
3821,Chevrolet,Malibu,2007,36998,1500.0,Automatic,Gas,,4.2,21,234,41,1
3822,Honda,Civic,2018,44232,8033.66,Manual,Gas,Good,,32,455,59,1
3823,BMW,X5,2020,36980,19881.36,Automatic,Hybrid,Good,4.0,34,542,74,1
3824,Chevrolet,Malibu,2021,38595,14521.81,Automatic,Gas,Excellent,4.3,8,370,117,0
3825,Ford,F-150,2022,306553,7572.16,Automatic,Gas,Excellent,4.7,21,647,106,0
3826,Mercedes,C-Class,2022,99376,19802.24,Automatic,Gas,Fair,3.8,17,431,94,0
3827,Ford,F-150,2018,115964,9733.15,Automatic,Gas,Excellent,3.9,27,283,99,0
3828,Toyota,Camry,2022,80434,13583.3,Manual,Gas,Good,4.2,22,236,25,0
3829,Nissan,Altima,2019,22839,5275.09,Automatic,Gas,Poor,4.7,22,552,17,0
3830,BMW,X5,2019,75885,19350.96,Automatic,Gas,Good,3.4,20,419,110,0
3831,Chevrolet,Malibu,2010,113977,1500.0,Automatic,Hybrid,Good,4.5,34,501,19,0
3832,Ford,F-150,2019,35880,10887.34,Automatic,Gas,Good,3.9,4,1,82,0
3833,BMW,X5,2022,106851,24549.21,Automatic,Gas,Excellent,4.0,9,436,82,1
3834,Toyota,Camry,2008,91363,1500.0,Automatic,Gas,Good,5.0,7,323,46,0
3835,Nissan,Altima,2012,181902,1790.02,Automatic,Gas,Good,4.1,5,190,35,0
3836,Honda,Civic,2019,46598,9209.65,Automatic,Gas,Excellent,4.7,8,390,74,0
3837,Mercedes,C-Class,2007,30990,1500.0,Automatic,Gas,Good,4.6,8,563,23,0
3838,BMW,X5,2019,48195,16394.93,Manual,Gas,Fair,,3,739,109,0
3839,BMW,X5,2017,141682,10980.13,Automatic,Gas,Excellent,3.1,21,436,86,0
3840,Honda,Civic,2013,19989,1500.0,Automatic,Gas,Good,4.7,14,293,44,0
3841,BMW,X5,2006,17308,1500.0,Automatic,Gas,Good,3.5,7,284,9,1
3842,Toyota,Camry,2012,63173,1500.0,Automatic,Diesel,Fair,3.2,34,544,32,0
3843,Toyota,Camry,2021,45910,8172.91,Manual,Gas,Fair,4.8,29,250,90,0
3844,Honda,Civic,2017,60152,6549.41,Automatic,Gas,Fair,3.6,31,493,93,0
3845,Mercedes,C-Class,2005,105576,1500.0,Automatic,Gas,Good,3.7,29,444,59,1
3846,Chevrolet,Malibu,2006,42978,1500.0,Manual,Hybrid,Excellent,5.0,9,427,42,1
3847,Ford,F-150,2019,19461,15112.47,Automatic,Diesel,Good,3.2,22,164,62,0
3848,Chevrolet,Malibu,2016,204166,1597.92,Automatic,Gas,Good,3.4,30,346,19,0
3849,BMW,X5,2018,32914,16505.02,Automatic,Hybrid,Good,3.9,10,181,112,1
3850,Ford,F-150,2006,31716,1500.0,Automatic,Gas,Poor,4.1,21,311,93,0
3851,Hyundai,Elantra,2022,116102,11944.07,Automatic,Hybrid,,3.7,8,537,117,0
3852,Honda,Civic,2011,47539,1500.0,Automatic,Gas,Good,3.5,17,584,35,0
3853,Honda,Civic,2010,57639,1500.0,Manual,Gas,Good,5.0,8,432,76,0
3854,Mercedes,C-Class,2018,79991,17783.28,Automatic,Gas,Excellent,4.4,11,314,8,1
3855,Ford,F-150,2012,114708,2013.6,Automatic,Gas,Good,4.6,6,638,89,0
3856,Toyota,Camry,2006,49017,1500.0,Automatic,Gas,Good,4.1,18,312,91,1
3857,Ford,F-150,2021,149040,5966.28,Automatic,Gas,Poor,4.4,25,229,111,0
3858,BMW,X5,2009,16622,1500.0,Automatic,Gas,Good,4.8,12,504,43,0
3859,Toyota,Camry,2018,94454,2145.74,Automatic,Gas,Poor,3.6,3,468,119,0
3860,Nissan,Altima,2007,36180,1500.0,Automatic,Gas,Good,4.4,13,318,45,0
3861,Nissan,Altima,2009,136402,1500.0,Automatic,Hybrid,Excellent,4.6,19,415,6,0
3862,Hyundai,Elantra,2020,65200,12437.09,Automatic,Diesel,Excellent,5.0,20,466,13,0
3863,Nissan,Altima,2022,39984,11880.03,Automatic,Hybrid,Excellent,5.0,22,430,11,1
3864,Honda,Civic,2021,89116,9925.14,Automatic,Gas,Good,4.2,30,468,102,0
3865,Ford,F-150,2015,102325,7888.78,Automatic,Gas,Excellent,,24,324,70,0
3866,Nissan,Altima,2021,88003,10692.86,Automatic,Gas,Good,2.6,22,478,69,0
3867,Chevrolet,Malibu,2020,32279,6161.97,Automatic,Gas,Poor,5.0,17,402,7,0
3868,Mercedes,C-Class,2006,44783,1500.0,Automatic,Gas,Good,3.8,8,329,55,0
3869,Chevrolet,Malibu,2008,59728,1500.0,Manual,Gas,Fair,4.1,18,363,55,0
3870,Nissan,Altima,2011,58410,1500.0,Automatic,Diesel,,4.5,4,385,19,1
3871,Hyundai,Elantra,2006,93887,1500.0,Automatic,Gas,Good,4.1,27,183,107,0
3872,Mercedes,C-Class,2010,17873,1500.0,Automatic,Hybrid,Excellent,4.3,29,304,6,1
3873,BMW,X5,2021,73174,19196.99,Automatic,Gas,Fair,5.0,5,409,89,0
3874,Chevrolet,Malibu,2011,50312,1500.0,Automatic,Gas,Excellent,4.0,25,197,9,1
3875,Hyundai,Elantra,2009,36203,1500.0,Automatic,Gas,Good,3.5,34,307,20,0
3876,Ford,F-150,2009,38349,1500.0,Automatic,Gas,Good,5.0,19,757,25,1
3877,Ford,F-150,2020,52642,13355.12,Automatic,Hybrid,Good,4.5,10,230,50,0
3878,Chevrolet,Malibu,2023,6900,14309.71,Automatic,Gas,Fair,5.0,22,342,72,1
3879,Nissan,Altima,2013,39309,2239.79,Automatic,Gas,Excellent,4.7,32,274,50,1
3880,Hyundai,Elantra,2009,35401,1500.0,Automatic,Gas,Good,3.4,29,382,101,1
3881,Ford,F-150,2012,82427,1500.0,Automatic,Gas,Fair,4.6,30,277,38,1
3882,BMW,X5,2013,36926,3577.18,Manual,Gas,Good,3.6,17,363,66,1
3883,Toyota,Camry,2009,52624,1500.0,Automatic,Gas,Good,4.2,15,292,57,1
3884,Nissan,Altima,2014,151049,3860.04,Automatic,Gas,Excellent,4.2,23,558,22,0
3885,Hyundai,Elantra,2006,108728,1500.0,Automatic,Gas,Fair,3.2,25,412,56,0
3886,BMW,X5,2013,102884,4678.95,Automatic,Gas,Poor,3.7,21,249,36,0
3887,Hyundai,Elantra,2015,44359,6358.83,Automatic,Diesel,Good,5.0,27,526,51,1
3888,Mercedes,C-Class,2008,82935,1500.0,Automatic,Gas,Fair,4.3,27,256,68,0
3889,BMW,X5,2006,52034,1500.0,Automatic,Gas,Good,4.1,26,165,112,0
3890,Nissan,Altima,2010,53228,1500.0,Automatic,Gas,Excellent,5.0,3,399,1,1
3891,Mercedes,C-Class,2018,76558,16388.81,Automatic,Gas,Excellent,4.0,30,686,48,1
3892,Nissan,Altima,2005,41848,1500.0,Automatic,Gas,Good,4.1,31,125,33,1
3893,Ford,F-150,2022,146649,14663.81,Automatic,Gas,Good,4.8,14,200,24,0
3894,Toyota,Camry,2011,54389,1500.0,Manual,Hybrid,Fair,4.0,20,512,49,1
3895,Nissan,Altima,2005,86770,1500.0,Automatic,Gas,Good,3.8,20,303,69,1
3896,Nissan,Altima,2005,143395,1500.0,Automatic,Gas,Poor,2.8,34,491,58,0
3897,Ford,F-150,2005,111189,1500.0,Automatic,Gas,Good,3.6,5,274,48,0
3898,Honda,Civic,2008,25710,1500.0,Automatic,Gas,Good,3.6,20,421,57,0
3899,Ford,F-150,2008,78193,1500.0,Automatic,Gas,Excellent,4.3,19,661,64,1
3900,Mercedes,C-Class,2022,99750,22707.2,Automatic,Gas,Good,3.8,13,220,99,0
3901,Ford,F-150,2015,102244,3206.97,Automatic,Gas,Fair,5.0,7,553,106,0
3902,Ford,F-150,2005,30700,1500.0,Manual,Gas,Excellent,3.6,24,501,114,1
3903,Toyota,Camry,2014,40367,1500.0,Automatic,Diesel,Poor,5.0,31,176,53,0
3904,Ford,F-150,2013,108742,1500.0,Automatic,Gas,Poor,4.3,34,483,60,1
3905,Hyundai,Elantra,2008,37908,1500.0,Automatic,Hybrid,Good,4.7,9,410,114,1
3906,Nissan,Altima,2010,50020,1500.0,Automatic,Hybrid,Good,4.6,28,413,90,1
3907,Hyundai,Elantra,2020,154125,8799.77,Automatic,Hybrid,Excellent,2.9,25,450,113,0
3908,Toyota,Camry,2006,58181,1500.0,Automatic,Gas,Excellent,4.2,34,347,43,1
3909,Chevrolet,Malibu,2022,38713,14366.35,Automatic,Diesel,Excellent,4.0,20,410,41,0
3910,Honda,Civic,2014,35363,3573.55,Automatic,Gas,Good,3.5,31,436,107,1
3911,Hyundai,Elantra,2021,73103,11297.29,Manual,Gas,Excellent,4.5,9,511,26,0
3912,Toyota,Camry,2017,26906,5519.44,Automatic,Gas,Good,5.0,20,170,59,1
3913,Mercedes,C-Class,2022,51616,25443.89,Automatic,Gas,Good,2.6,4,593,105,0
3914,Chevrolet,Malibu,2017,73125,6880.61,Automatic,Hybrid,Excellent,3.9,30,226,49,1
3915,Toyota,Camry,2021,130547,9660.84,Automatic,Gas,Good,3.5,8,514,116,0
3916,Toyota,Camry,2009,89368,1500.0,Automatic,Gas,Poor,4.2,24,411,64,0
3917,Honda,Civic,2015,39009,4686.72,Automatic,Gas,Good,4.0,10,207,5,0
3918,Nissan,Altima,2011,121424,1500.0,Automatic,Hybrid,Good,3.8,23,479,44,0
3919,Hyundai,Elantra,2014,50025,1500.0,Automatic,Gas,Fair,4.6,23,258,18,0
3920,Mercedes,C-Class,2021,28526,23402.76,Automatic,Gas,Good,5.0,28,560,57,1
3921,BMW,X5,2019,54001,15321.92,Automatic,Gas,Fair,5.0,19,293,89,0
3922,Hyundai,Elantra,2022,141903,9947.94,Automatic,Gas,Excellent,3.8,6,175,112,0
3923,BMW,X5,2023,66114,22164.5,Manual,Gas,Fair,3.1,19,630,105,0
3924,Toyota,Camry,2006,60325,1500.0,Automatic,Gas,Good,4.5,28,427,40,0
3925,Ford,F-150,2008,159903,1500.0,Automatic,Diesel,Fair,5.0,18,530,102,0
3926,Mercedes,C-Class,2007,25366,1500.0,Automatic,Gas,Excellent,4.7,23,272,113,1
3927,Chevrolet,Malibu,2011,27684,1500.0,Manual,Gas,Fair,5.0,17,116,46,1
3928,Ford,F-150,2022,22708,10253.49,Automatic,Gas,Poor,4.1,17,651,58,0
3929,Ford,F-150,2014,74876,3476.23,Automatic,Hybrid,Excellent,3.8,10,399,85,0
3930,Hyundai,Elantra,2011,66164,2511.24,Automatic,Hybrid,Poor,4.3,19,473,24,0
3931,Mercedes,C-Class,2012,151091,1858.04,Automatic,Gas,Excellent,4.0,32,498,28,0
3932,Nissan,Altima,2010,69292,1500.0,Automatic,Hybrid,Excellent,4.6,21,349,46,1
3933,Toyota,Camry,2005,46981,1500.0,Automatic,Gas,Good,4.8,3,433,68,0
3934,Toyota,Camry,2008,59938,1500.0,Automatic,Gas,Poor,4.8,15,639,72,0
3935,Toyota,Camry,2018,64255,6653.37,Automatic,Gas,Good,4.5,8,395,54,0
3936,Toyota,Camry,2021,21959,13579.57,Automatic,Gas,Good,4.3,12,541,113,1
3937,Hyundai,Elantra,2022,304430,5093.67,Automatic,Gas,Good,4.7,3,101,33,0
3938,BMW,X5,2015,81791,6901.55,Automatic,Gas,Poor,3.0,28,568,67,0
3939,Toyota,Camry,2018,67914,5725.33,Manual,Diesel,Fair,4.3,14,171,113,0
3940,BMW,X5,2013,86603,4658.41,Manual,Gas,Excellent,4.2,21,551,84,0
3941,BMW,X5,2019,91642,17739.87,Automatic,Gas,Good,,17,458,35,0
3942,Nissan,Altima,2016,55031,4486.78,Automatic,Gas,Excellent,4.1,23,385,39,1
3943,Toyota,Camry,2014,40997,4110.09,Automatic,Gas,Good,4.5,7,385,107,1
3944,Honda,Civic,2023,85791,14027.2,Automatic,Hybrid,Excellent,3.9,4,362,47,0
3945,Chevrolet,Malibu,2023,75465,16262.95,Automatic,Gas,Excellent,4.9,21,276,71,0
3946,Ford,F-150,2010,36829,1500.0,Automatic,Hybrid,Fair,4.5,16,369,91,0
3947,BMW,X5,2010,140283,1500.0,Manual,Gas,Good,4.3,31,731,5,1
3948,Mercedes,C-Class,2012,71397,1500.0,Manual,Gas,Good,3.8,11,595,113,0
3949,Mercedes,C-Class,2005,92771,1500.0,Automatic,Gas,Good,4.7,31,269,37,1
3950,Chevrolet,Malibu,2021,138019,11981.35,Automatic,Gas,Excellent,4.3,3,440,1,1
3951,Mercedes,C-Class,2021,60665,23357.1,Manual,Gas,Good,3.7,15,414,86,1
3952,Honda,Civic,2019,72415,9961.5,Manual,Gas,Good,,19,378,56,0
3953,Mercedes,C-Class,2011,97344,1500.0,Manual,Gas,Fair,4.6,30,249,7,0
3954,Ford,F-150,2023,38757,19700.0,Automatic,Gas,Good,4.5,34,466,113,1
3955,Ford,F-150,2007,61847,1500.0,Automatic,Gas,Good,4.5,4,526,64,1
3956,BMW,X5,2015,64558,8526.77,Automatic,Gas,Fair,4.3,26,274,8,0
3957,Toyota,Camry,2023,33737,12542.87,Automatic,Gas,Fair,4.8,24,693,108,0
3958,Nissan,Altima,2013,240525,1500.0,Automatic,Gas,Fair,4.9,16,628,94,0
3959,Honda,Civic,2014,25735,1500.0,Automatic,Gas,Poor,4.6,22,482,64,0
3960,BMW,X5,2006,27477,1500.0,Manual,Gas,Fair,3.8,25,215,57,0
3961,Honda,Civic,2005,131733,1500.0,Manual,Hybrid,Good,3.6,8,460,28,1
3962,Toyota,Camry,2020,91854,10005.23,Automatic,Hybrid,Fair,,27,442,26,0
3963,Hyundai,Elantra,2022,32351,12592.5,Manual,Gas,Good,5.0,8,476,34,1
3964,Mercedes,C-Class,2021,86195,23744.65,Automatic,Gas,Excellent,4.4,20,638,113,1
3965,Mercedes,C-Class,2010,144453,1500.0,Automatic,Gas,Good,5.0,21,373,96,0
3966,Nissan,Altima,2018,58796,8130.6,Automatic,Gas,Excellent,4.1,11,707,22,0
3967,Toyota,Camry,2019,284729,3708.28,Automatic,Hybrid,Excellent,4.0,17,460,20,0
3968,BMW,X5,2018,21280,20128.31,Automatic,Hybrid,Excellent,4.2,33,356,14,1
3969,Nissan,Altima,2007,90789,1500.0,Automatic,Diesel,Excellent,4.1,9,759,23,0
3970,Toyota,Camry,2023,120561,10791.45,Automatic,Gas,Fair,3.7,8,524,67,0
3971,Chevrolet,Malibu,2016,102212,6483.19,Automatic,Hybrid,Fair,3.5,31,331,19,0
3972,Ford,F-150,2006,52964,1500.0,Manual,Gas,Good,4.5,7,412,78,0
3973,Nissan,Altima,2007,50298,1500.0,Automatic,Diesel,Fair,4.8,21,495,104,1
3974,Nissan,Altima,2022,78157,14105.99,Automatic,Gas,Excellent,5.0,22,377,39,1
3975,BMW,X5,2005,97680,1500.0,Automatic,Gas,Fair,3.9,3,420,37,0
3976,Honda,Civic,2010,85946,1500.0,Automatic,Gas,Good,4.0,23,277,99,0
3977,Chevrolet,Malibu,2009,111751,1500.0,Automatic,Gas,Excellent,3.7,9,147,1,1
3978,BMW,X5,2005,32489,1500.0,Automatic,Gas,Excellent,4.9,20,415,19,0
3979,Toyota,Camry,2023,52226,11535.04,Automatic,Diesel,Good,4.7,29,421,15,0
3980,Toyota,Camry,2005,34063,1500.0,Automatic,Gas,Excellent,3.7,30,479,89,1
3981,Toyota,Camry,2020,47492,10907.6,Automatic,Gas,Good,3.7,10,313,1,0
3982,Hyundai,Elantra,2016,110098,5118.65,Automatic,Gas,Excellent,4.8,33,198,31,0
3983,Toyota,Camry,2012,63881,2880.42,Automatic,Gas,Excellent,4.4,14,255,101,1
3984,Honda,Civic,2020,286105,6970.11,Manual,Hybrid,Excellent,4.7,12,558,52,1
3985,Chevrolet,Malibu,2005,67241,1500.0,Automatic,Gas,Poor,3.7,8,300,43,0
3986,Mercedes,C-Class,2008,62057,1500.0,Automatic,Gas,Excellent,3.1,28,333,46,1
3987,Ford,F-150,2014,63812,1500.0,Manual,Hybrid,Excellent,3.7,18,353,86,0
3988,Honda,Civic,2015,40835,5522.54,Automatic,Diesel,Good,4.6,32,307,50,1
3989,Honda,Civic,2021,57832,9687.74,Automatic,Gas,Fair,5.0,21,296,20,1
3990,Hyundai,Elantra,2011,117791,1500.0,Manual,Gas,Good,3.9,20,269,105,0
3991,Mercedes,C-Class,2016,64111,8852.36,Automatic,Gas,Fair,5.0,26,610,62,1
3992,Mercedes,C-Class,2011,37194,1500.0,Automatic,Gas,Good,4.7,15,502,111,1
3993,Ford,F-150,2016,34370,8874.57,Manual,Gas,Excellent,3.4,22,587,43,1
3994,Ford,F-150,2019,45701,12517.13,Manual,Hybrid,Good,4.3,9,617,5,0
3995,Mercedes,C-Class,2006,62587,1500.0,Automatic,Gas,Good,4.7,9,47,79,0
3996,Toyota,Camry,2018,122534,6688.51,Automatic,Gas,Good,2.7,18,451,66,0
3997,Honda,Civic,2017,26787,6186.18,Automatic,Gas,Good,4.6,32,312,12,1
3998,BMW,X5,2008,49419,1500.0,Automatic,Gas,Excellent,4.9,28,567,57,1
3999,Ford,F-150,2018,65289,9916.14,Automatic,Hybrid,Good,4.4,27,288,60,0
4000,Hyundai,Elantra,2018,19925,6728.88,Automatic,Gas,Good,4.2,12,241,55,1
4001,Hyundai,Elantra,2020,36309,8676.4,Automatic,Gas,Good,4.1,17,184,71,0
4002,Ford,F-150,2011,39817,1500.0,Manual,Gas,Good,4.1,16,354,66,1
4003,Mercedes,C-Class,2023,37138,28065.18,Manual,Gas,Good,3.5,26,537,72,0
4004,Chevrolet,Malibu,2006,67180,1500.0,Manual,Hybrid,Excellent,3.8,14,438,73,1
4005,BMW,X5,2014,54375,8270.42,Manual,Gas,Fair,4.0,31,219,27,1
4006,BMW,X5,2022,42908,26650.1,Automatic,Gas,Good,4.3,17,722,28,0
4007,Ford,F-150,2021,77402,14594.58,Automatic,Gas,Excellent,3.9,10,497,37,1
4008,Toyota,Camry,2009,168357,1500.0,Automatic,Gas,Poor,3.7,9,516,79,0
4009,Chevrolet,Malibu,2016,160100,6392.72,Automatic,Gas,Good,4.7,28,592,19,0
4010,BMW,X5,2010,18889,1500.0,Automatic,Gas,Good,4.4,23,153,94,0
4011,Ford,F-150,2013,84646,2694.3,Automatic,Diesel,Excellent,3.9,11,263,51,1
4012,Hyundai,Elantra,2005,53808,1500.0,Manual,Gas,Good,4.5,16,523,13,1
4013,BMW,X5,2019,65715,20046.8,Automatic,Gas,Excellent,3.9,30,278,45,1
4014,Nissan,Altima,2010,47147,2331.2,Automatic,Hybrid,Good,4.2,29,358,6,0
4015,Chevrolet,Malibu,2023,64251,14423.85,Automatic,Diesel,Good,4.8,9,388,94,1
4016,Chevrolet,Malibu,2022,65568,10952.33,Automatic,Diesel,Good,3.8,33,208,1,1
4017,Nissan,Altima,2010,42303,1500.0,Automatic,Hybrid,Excellent,3.5,14,345,106,1
4018,Honda,Civic,2017,34967,4898.41,Automatic,Gas,Fair,4.1,16,537,102,0
4019,Hyundai,Elantra,2005,45742,1500.0,Automatic,Gas,Good,3.4,13,509,25,1
4020,Nissan,Altima,2017,68909,6200.05,Automatic,Gas,Good,4.0,34,566,99,1
4021,Mercedes,C-Class,2011,85767,1500.0,Automatic,Gas,Fair,4.0,21,551,26,0
4022,Mercedes,C-Class,2019,99908,12918.39,Automatic,Diesel,Good,2.7,30,460,13,1
4023,Ford,F-150,2016,44510,8200.74,Manual,Gas,Good,4.5,8,449,19,0
4024,Chevrolet,Malibu,2005,70990,1500.0,Automatic,Gas,Good,4.1,5,437,10,0
4025,Honda,Civic,2019,106670,7557.82,Manual,Hybrid,Good,4.9,8,305,45,0
4026,Honda,Civic,2008,120494,1500.0,Automatic,Gas,Good,4.3,31,245,71,0
4027,BMW,X5,2017,57797,13078.41,Automatic,Gas,Good,4.6,26,296,15,1
4028,BMW,X5,2009,52440,1500.0,Automatic,Gas,Good,4.9,11,351,87,0
4029,Nissan,Altima,2006,67149,1500.0,Automatic,Gas,Good,4.1,4,301,100,0
4030,Honda,Civic,2005,30036,1500.0,Automatic,Gas,Excellent,4.2,8,462,107,1
4031,Nissan,Altima,2020,53307,10755.47,Automatic,Diesel,Good,3.3,16,430,31,1
4032,Hyundai,Elantra,2010,93596,1500.0,Manual,Gas,Excellent,4.9,21,446,8,1
4033,Nissan,Altima,2020,88006,7193.65,Automatic,Diesel,Good,4.1,33,452,30,0
4034,BMW,X5,2018,50911,16617.0,Automatic,Gas,Good,3.6,32,579,98,1
4035,Chevrolet,Malibu,2007,68229,1500.0,Automatic,Gas,Good,4.6,32,398,97,0
4036,Nissan,Altima,2019,36505,5545.7,Automatic,Gas,Fair,2.9,25,551,1,0
4037,Toyota,Camry,2007,91317,1500.0,Automatic,Gas,Excellent,3.9,29,477,16,1
4038,Chevrolet,Malibu,2006,57142,1500.0,Automatic,Hybrid,Fair,4.7,6,569,114,1
4039,Honda,Civic,2005,50737,1500.0,Automatic,Gas,Good,,16,642,11,1
4040,Honda,Civic,2013,48192,2877.36,Automatic,Hybrid,Good,3.8,33,486,27,1
4041,Nissan,Altima,2013,57656,1500.0,Automatic,Hybrid,Good,,33,415,86,1
4042,Chevrolet,Malibu,2011,45764,1500.0,Automatic,Hybrid,Fair,3.0,23,414,40,0
4043,BMW,X5,2007,88866,1500.0,Automatic,Gas,Good,4.6,12,329,83,0
4044,BMW,X5,2022,47232,24494.7,Automatic,Hybrid,Good,4.1,8,324,44,0
4045,Mercedes,C-Class,2015,155714,3014.09,Automatic,Gas,Fair,4.0,13,535,70,0
4046,Honda,Civic,2011,144224,1500.0,Automatic,Gas,Fair,4.0,15,255,57,0
4047,Ford,F-150,2013,35069,3026.0,Automatic,Gas,Excellent,4.2,26,642,48,1
4048,Mercedes,C-Class,2005,62431,1500.0,Automatic,Hybrid,Fair,4.6,20,377,40,0
4049,BMW,X5,2018,40522,12060.12,Automatic,Gas,Fair,4.2,22,829,39,0
4050,Chevrolet,Malibu,2010,49217,1500.0,Automatic,Gas,Good,3.4,16,296,84,0
4051,Hyundai,Elantra,2011,199078,1500.0,Automatic,Gas,Fair,4.5,29,437,3,0
4052,BMW,X5,2014,49784,4944.11,Automatic,Gas,Poor,4.5,22,347,55,1
4053,Chevrolet,Malibu,2011,74320,1670.51,Automatic,Gas,Good,4.3,24,281,1,1
4054,Mercedes,C-Class,2006,82850,1500.0,Automatic,Diesel,Excellent,4.8,22,559,23,1
4055,Honda,Civic,2008,32847,1500.0,Automatic,Gas,Good,4.2,13,234,102,0
4056,BMW,X5,2021,35844,28513.99,Automatic,Hybrid,Excellent,4.9,23,298,67,1
4057,Nissan,Altima,2005,29038,1500.0,Automatic,Gas,Excellent,5.0,7,487,62,1
4058,Chevrolet,Malibu,2014,35186,2733.77,Automatic,Hybrid,Good,4.5,10,511,115,1
4059,Honda,Civic,2023,10828,15019.01,Automatic,Gas,Good,3.8,6,191,34,1
4060,Hyundai,Elantra,2019,83012,9693.82,Automatic,Gas,Good,4.1,14,487,17,1
4061,Hyundai,Elantra,2014,205359,3822.43,Automatic,Gas,Fair,4.9,8,419,48,0
4062,Ford,F-150,2023,65427,16426.94,Automatic,Gas,Good,3.3,25,262,91,1
4063,Chevrolet,Malibu,2016,25597,8546.89,Automatic,Diesel,Fair,4.0,26,281,53,0
4064,Mercedes,C-Class,2020,40714,23399.98,Automatic,Gas,Excellent,4.0,27,94,61,1
4065,Ford,F-150,2013,45463,5727.93,Automatic,Diesel,Fair,3.7,28,657,103,0
4066,Ford,F-150,2019,32514,7888.89,Automatic,Gas,Fair,4.7,10,552,87,0
4067,Toyota,Camry,2021,100318,10172.27,Automatic,Gas,Good,4.4,32,206,102,0
4068,BMW,X5,2018,97358,12901.48,Automatic,Gas,Excellent,3.8,6,519,11,1
4069,Chevrolet,Malibu,2022,29933,14736.11,Automatic,Gas,Good,4.6,22,313,15,1
4070,Ford,F-150,2006,92507,1500.0,Manual,Gas,Fair,4.1,12,537,90,0
4071,Toyota,Camry,2008,149654,1500.0,Automatic,Gas,Fair,3.7,13,325,118,0
4072,Mercedes,C-Class,2022,187500,16272.83,Automatic,Hybrid,Good,3.8,17,345,11,0
4073,Honda,Civic,2011,334077,1500.0,Automatic,Gas,Good,4.5,7,356,7,0
4074,Nissan,Altima,2017,34849,6769.64,Automatic,Gas,Excellent,4.8,5,301,47,1
4075,Nissan,Altima,2019,325960,4428.94,Automatic,Gas,Good,3.9,17,609,112,0
4076,Chevrolet,Malibu,2005,48410,1500.0,Automatic,Gas,Poor,4.5,4,534,8,0
4077,Ford,F-150,2015,41962,5815.52,Automatic,Diesel,Excellent,5.0,4,416,5,1
4078,Nissan,Altima,2014,72856,1500.0,Manual,Diesel,Fair,3.4,27,553,81,0
4079,BMW,X5,2009,42224,1500.0,Automatic,Gas,Fair,4.4,10,155,87,0
4080,Nissan,Altima,2020,76071,7748.68,Automatic,Diesel,Poor,4.7,24,215,66,1
4081,Nissan,Altima,2015,27118,2776.0,Automatic,Gas,,4.1,16,471,91,1
4082,Nissan,Altima,2010,51883,1500.0,Automatic,Gas,Excellent,4.9,32,510,63,1
4083,Hyundai,Elantra,2013,129488,1604.75,Automatic,Gas,Excellent,5.0,33,441,21,1
4084,Toyota,Camry,2017,57858,3905.09,Automatic,Diesel,Good,4.4,32,117,71,1
4085,Ford,F-150,2012,65183,1500.0,Automatic,Gas,Good,4.1,11,240,119,1
4086,BMW,X5,2018,79630,16432.18,Automatic,Gas,Excellent,4.8,7,462,117,0
4087,Ford,F-150,2005,120861,1500.0,Automatic,Gas,Fair,4.7,32,763,102,0
4088,Hyundai,Elantra,2021,22178,12820.34,Automatic,Gas,Excellent,2.7,14,582,90,1
4089,Chevrolet,Malibu,2009,85026,1500.0,Automatic,Hybrid,Excellent,4.2,12,636,94,1
4090,Chevrolet,Malibu,2006,50976,1500.0,Automatic,Gas,Good,4.0,3,450,12,0
4091,Chevrolet,Malibu,2013,66170,1500.0,Automatic,Gas,Excellent,4.4,26,449,112,1
4092,Mercedes,C-Class,2008,113093,1500.0,Automatic,Gas,Excellent,4.1,21,244,11,0
4093,Nissan,Altima,2021,29245,11229.71,Automatic,Gas,Good,4.1,32,542,54,1
4094,Mercedes,C-Class,2021,32611,20510.53,Automatic,Gas,Fair,3.7,27,389,81,0
4095,Toyota,Camry,2022,18746,8885.6,Automatic,Gas,Fair,4.6,13,503,10,1
4096,Chevrolet,Malibu,2020,43066,12710.98,Automatic,Gas,Good,5.0,19,404,119,1
4097,Hyundai,Elantra,2012,133020,2697.25,Automatic,Gas,Good,3.7,5,441,112,0
4098,BMW,X5,2015,55695,8899.6,Automatic,Gas,Good,3.4,3,386,16,0
4099,Ford,F-150,2022,26793,22468.06,Automatic,Gas,Good,4.2,19,433,15,0
4100,Nissan,Altima,2014,44738,2184.35,Manual,Gas,Good,4.2,33,550,58,0
4101,Honda,Civic,2017,24520,6907.24,Automatic,Gas,Good,4.9,8,210,79,1
4102,BMW,X5,2021,30481,24145.72,Automatic,Gas,Good,,15,176,119,0
4103,Nissan,Altima,2022,75606,11075.1,Automatic,Gas,Good,3.9,22,463,84,0
4104,Mercedes,C-Class,2014,29604,7148.17,Automatic,Gas,Good,2.9,28,616,4,1
4105,Mercedes,C-Class,2020,116725,16652.88,Automatic,Hybrid,Good,5.0,6,653,96,1
4106,BMW,X5,2009,57372,1500.0,Automatic,Gas,Fair,4.4,7,216,22,1
4107,Mercedes,C-Class,2017,63029,11571.55,Automatic,Diesel,Excellent,3.9,17,339,35,0
4108,Chevrolet,Malibu,2022,50664,11241.33,Manual,Diesel,Fair,,16,178,14,0
4109,Toyota,Camry,2021,95197,11046.1,Automatic,Gas,Good,3.5,21,317,94,1
4110,Ford,F-150,2013,95788,1892.46,Automatic,Gas,Excellent,4.4,17,568,31,0
4111,Toyota,Camry,2018,73205,11325.63,Manual,Gas,Good,3.5,34,398,74,1
4112,Nissan,Altima,2021,84025,11090.35,Manual,Gas,Good,4.3,14,343,70,1
4113,Ford,F-150,2008,52719,1500.0,Automatic,Diesel,Fair,5.0,20,481,91,1
4114,Hyundai,Elantra,2022,82894,11578.13,Automatic,Gas,Good,4.0,16,280,11,0
4115,Ford,F-150,2019,48887,13142.73,Automatic,Gas,Good,3.6,12,638,36,0
4116,Toyota,Camry,2015,59954,4428.1,Automatic,Gas,Good,4.4,34,401,74,0
4117,BMW,X5,2016,50777,11835.69,Automatic,Hybrid,Excellent,3.5,10,339,80,1
4118,Ford,F-150,2013,45509,1500.0,Automatic,Gas,Good,5.0,29,488,24,1
4119,Hyundai,Elantra,2017,39597,8136.21,Automatic,Gas,Good,5.0,25,540,85,1
4120,Hyundai,Elantra,2019,79269,7331.82,Automatic,Gas,Good,4.1,33,639,40,1
4121,Hyundai,Elantra,2019,131447,6348.31,Automatic,Gas,Good,3.7,28,368,105,0
4122,Toyota,Camry,2009,120893,1500.0,Automatic,Gas,Poor,3.9,31,562,100,0
4123,Ford,F-150,2023,28171,19149.75,Automatic,Gas,Good,4.0,6,415,113,0
4124,Honda,Civic,2018,129770,8926.97,Automatic,Gas,,4.4,20,308,42,0
4125,BMW,X5,2021,49469,25576.2,Automatic,Gas,Excellent,4.8,30,283,119,0
4126,Chevrolet,Malibu,2022,85857,13984.98,Automatic,Gas,Excellent,3.6,27,235,109,0
4127,Ford,F-150,2007,34761,1500.0,Automatic,Gas,Good,4.8,10,288,87,1
4128,Hyundai,Elantra,2006,65198,1500.0,Automatic,Gas,Excellent,4.6,34,567,21,1
4129,Honda,Civic,2005,72275,1500.0,Automatic,Gas,Good,3.9,6,506,96,1
4130,Chevrolet,Malibu,2014,24568,4676.36,Automatic,Gas,Good,3.5,13,213,117,1
4131,Chevrolet,Malibu,2023,86246,13892.33,Automatic,Gas,Good,4.3,7,138,81,0
4132,Nissan,Altima,2021,134263,8957.26,Automatic,Gas,Good,3.6,32,233,51,0
4133,Ford,F-150,2016,53917,4556.47,Automatic,Gas,Poor,4.8,12,283,81,0
4134,Toyota,Camry,2005,135415,1500.0,Automatic,Gas,Fair,3.5,8,354,55,0
4135,Ford,F-150,2016,53433,6872.79,Automatic,Gas,Excellent,4.5,31,575,85,1
4136,Honda,Civic,2021,99683,10610.45,Automatic,Gas,Good,4.2,6,317,4,0
4137,Chevrolet,Malibu,2007,15817,1500.0,Automatic,Gas,Excellent,3.9,20,652,62,1
4138,Ford,F-150,2015,255573,3927.16,Automatic,Gas,Excellent,4.1,23,147,87,0
4139,Toyota,Camry,2021,146865,9774.21,Automatic,Gas,Good,4.8,29,347,25,0
4140,Nissan,Altima,2007,50474,1500.0,Automatic,Hybrid,Good,3.5,19,517,96,0
4141,Ford,F-150,2012,18338,1500.0,Automatic,Gas,Excellent,4.0,9,527,70,1
4142,BMW,X5,2008,71169,1500.0,Automatic,Gas,Good,3.7,11,349,14,0
4143,Nissan,Altima,2011,25175,1500.0,Automatic,Hybrid,Good,4.2,5,550,41,0
4144,Toyota,Camry,2018,78191,7697.65,Manual,Gas,Excellent,3.8,24,521,102,1
4145,Honda,Civic,2018,76644,7659.75,Manual,Diesel,Good,3.1,11,297,106,0
4146,Chevrolet,Malibu,2008,34035,1500.0,Automatic,Gas,Fair,3.6,29,447,57,1
4147,Ford,F-150,2020,117310,10276.39,Automatic,Gas,Good,5.0,6,505,38,0
4148,Toyota,Camry,2005,97085,1500.0,Automatic,Gas,,4.3,24,308,62,0
4149,Nissan,Altima,2021,107526,10001.25,Manual,Gas,Excellent,4.3,32,654,41,1
4150,BMW,X5,2014,60193,5336.71,Automatic,Gas,Excellent,4.0,33,274,45,0
4151,Toyota,Camry,2020,25608,11780.78,Automatic,Gas,Excellent,4.2,21,421,80,1
4152,Mercedes,C-Class,2020,107658,15523.1,Automatic,Gas,Fair,3.9,11,212,96,0
4153,Hyundai,Elantra,2012,50908,1500.0,Automatic,Hybrid,Excellent,4.5,25,415,16,1
4154,BMW,X5,2011,26007,1549.27,Automatic,Gas,Excellent,4.3,25,239,19,1
4155,Nissan,Altima,2010,134756,1500.0,Automatic,Gas,Excellent,3.5,22,355,37,0
4156,Honda,Civic,2020,211006,2798.54,Automatic,Gas,Fair,4.4,8,162,107,0
4157,Chevrolet,Malibu,2020,58410,10996.42,Automatic,Gas,Excellent,2.7,29,519,85,1
4158,Nissan,Altima,2011,218703,1500.0,Manual,Gas,Good,4.4,13,453,79,0
4159,Hyundai,Elantra,2013,63246,1500.0,Automatic,Gas,Good,3.4,26,563,61,1
4160,Honda,Civic,2018,47654,8989.55,Automatic,Gas,Good,4.1,17,347,26,0
4161,Ford,F-150,2015,41016,4465.22,Automatic,Gas,Excellent,3.5,34,570,94,1
4162,Toyota,Camry,2018,159891,7553.34,Automatic,Diesel,Excellent,4.2,24,405,104,1
4163,Mercedes,C-Class,2011,37493,1500.0,Automatic,Gas,Fair,4.5,8,416,79,1
4164,BMW,X5,2005,93075,1500.0,Automatic,Gas,Poor,5.0,22,717,64,0
4165,BMW,X5,2017,42808,15359.81,Automatic,Gas,Good,3.3,26,327,107,0
4166,Toyota,Camry,2007,45424,1500.0,Automatic,Gas,Excellent,4.8,32,584,13,1
4167,Mercedes,C-Class,2008,111095,1500.0,Automatic,Gas,Excellent,4.3,12,471,91,0
4168,Toyota,Camry,2015,47666,1832.08,Manual,Gas,Fair,3.9,26,314,87,1
4169,Ford,F-150,2006,46963,1500.0,Automatic,Hybrid,Good,4.7,27,202,34,1
4170,Hyundai,Elantra,2018,118146,5229.72,Automatic,Gas,Fair,4.1,24,245,98,0
4171,Honda,Civic,2016,156129,4058.68,Automatic,Gas,Good,4.6,20,569,23,0
4172,Nissan,Altima,2021,88151,6516.88,Automatic,Gas,Fair,3.6,18,660,108,0
4173,BMW,X5,2016,40422,9766.19,Automatic,Gas,Fair,3.8,6,413,20,0
4174,Ford,F-150,2016,44074,8187.48,Automatic,Gas,Fair,4.8,22,421,54,0
4175,Honda,Civic,2005,62814,1500.0,Automatic,Gas,Good,5.0,15,516,73,0
4176,Ford,F-150,2017,72588,10333.34,Automatic,Gas,Good,4.2,26,410,58,0
4177,Mercedes,C-Class,2018,33099,15444.9,Automatic,Gas,Good,2.5,7,564,59,1
4178,BMW,X5,2006,92394,1500.0,Automatic,Gas,Good,4.1,22,443,20,0
4179,Nissan,Altima,2016,63026,5513.08,Manual,Gas,Good,4.2,26,420,111,1
4180,Toyota,Camry,2020,21387,14157.3,Automatic,Gas,Excellent,4.1,31,295,39,0
4181,Toyota,Camry,2008,34291,1500.0,Automatic,Gas,,4.4,21,258,78,1
4182,Honda,Civic,2012,44246,2875.08,Automatic,Gas,Good,3.9,20,0,113,0
4183,Nissan,Altima,2006,57313,1500.0,Automatic,Gas,Good,4.7,22,585,90,1
4184,Hyundai,Elantra,2014,186012,4031.5,Automatic,Gas,Excellent,3.5,29,378,91,0
4185,Chevrolet,Malibu,2013,69071,3547.98,Manual,Gas,Good,4.9,19,339,98,0
4186,Mercedes,C-Class,2019,36153,16998.54,Automatic,Gas,Excellent,,18,107,93,1
4187,Honda,Civic,2017,68348,5666.48,Automatic,Diesel,Fair,3.7,3,303,32,1
4188,Chevrolet,Malibu,2021,48472,13777.3,Automatic,Gas,Good,3.7,23,284,41,1
4189,Ford,F-150,2020,72755,13735.93,Automatic,Diesel,Excellent,4.4,31,280,109,0
4190,Mercedes,C-Class,2006,84824,1500.0,Automatic,Gas,Excellent,3.5,29,449,69,1
4191,Ford,F-150,2018,123690,7290.7,Automatic,Gas,Good,3.9,3,418,68,0
4192,Hyundai,Elantra,2007,59007,1500.0,Automatic,Gas,Excellent,4.9,32,195,87,1
4193,Nissan,Altima,2016,160071,1854.48,Manual,Gas,Poor,4.6,22,205,21,0
4194,BMW,X5,2012,103240,1500.0,Automatic,Hybrid,Good,5.0,26,205,97,1
4195,Mercedes,C-Class,2006,39164,1500.0,Automatic,Gas,Excellent,4.3,16,671,105,1
4196,Chevrolet,Malibu,2008,225463,1500.0,Automatic,Gas,Good,3.8,26,623,24,0
4197,Hyundai,Elantra,2018,72852,6551.69,Automatic,Gas,Excellent,4.2,4,272,16,1
4198,BMW,X5,2020,36276,16293.96,Automatic,Gas,Fair,4.1,17,103,32,0
4199,Toyota,Camry,2023,161417,9964.58,Automatic,Gas,Good,4.1,31,419,83,0
4200,Chevrolet,Malibu,2006,208285,1500.0,Automatic,Gas,Poor,4.2,5,407,26,0
4201,Honda,Civic,2016,58699,5053.11,Automatic,Gas,Good,3.6,32,447,3,0
4202,Toyota,Camry,2018,44258,5494.77,Automatic,Diesel,Fair,4.4,15,511,99,1
4203,Hyundai,Elantra,2010,53991,1500.0,Automatic,Gas,Excellent,,21,467,103,0
4204,Toyota,Camry,2017,91935,6645.95,Automatic,Gas,Good,3.8,3,232,82,0
4205,Honda,Civic,2008,128889,1500.0,Manual,Gas,Good,4.1,15,444,116,0
4206,Mercedes,C-Class,2022,84313,23243.81,Automatic,Hybrid,Good,2.8,17,528,7,0
4207,Toyota,Camry,2016,63642,7828.66,Automatic,Gas,Excellent,4.7,18,291,96,0
4208,Nissan,Altima,2023,147091,10245.03,Automatic,Gas,Good,,32,444,88,0
4209,Chevrolet,Malibu,2012,49627,4467.17,Automatic,Hybrid,Excellent,4.6,13,317,16,1
4210,BMW,X5,2011,111140,1500.0,Automatic,Gas,Good,3.4,5,699,53,0
4211,Toyota,Camry,2020,50370,8017.22,Automatic,Gas,Good,4.0,10,200,88,0
4212,Chevrolet,Malibu,2023,77545,16111.59,Manual,Gas,Good,4.5,8,573,4,0
4213,Ford,F-150,2010,55930,1500.0,Manual,Hybrid,Excellent,5.0,33,149,45,1
4214,Chevrolet,Malibu,2015,57900,1991.56,Automatic,Hybrid,Good,4.3,7,668,32,1
4215,BMW,X5,2009,47742,1500.0,Automatic,Diesel,Excellent,3.0,28,228,106,1
4216,Chevrolet,Malibu,2020,134176,8364.9,Automatic,Gas,Poor,4.8,30,428,98,1
4217,Honda,Civic,2011,38570,1500.0,Automatic,Gas,Excellent,4.1,17,155,83,1
4218,Hyundai,Elantra,2009,38401,1500.0,Automatic,Gas,Fair,4.2,11,197,78,1
4219,BMW,X5,2015,213757,2567.99,Automatic,Diesel,Good,,32,534,102,0
4220,Hyundai,Elantra,2019,107657,9489.23,Automatic,Hybrid,Good,2.9,25,554,58,0
4221,Mercedes,C-Class,2007,14313,1500.0,Automatic,Gas,,4.2,24,435,13,1
4222,Hyundai,Elantra,2009,42652,1500.0,Automatic,Gas,Good,4.0,7,511,22,1
4223,Ford,F-150,2009,20187,1500.0,Automatic,Gas,Good,4.9,23,556,95,1
4224,Honda,Civic,2013,33846,1865.4,Automatic,Gas,Good,4.6,12,297,44,0
4225,Mercedes,C-Class,2019,9107,20259.47,Automatic,Gas,Excellent,3.2,27,190,44,0
4226,Chevrolet,Malibu,2007,55149,1500.0,Automatic,Gas,Fair,5.0,31,397,30,1
4227,BMW,X5,2010,30176,1500.0,Automatic,Gas,Poor,4.5,28,313,23,1
4228,Ford,F-150,2021,62065,16288.73,Automatic,Gas,Good,3.3,8,458,12,0
4229,Honda,Civic,2012,22582,1500.0,Automatic,Diesel,Good,4.2,30,482,107,1
4230,Mercedes,C-Class,2015,62928,6933.69,Automatic,Diesel,Good,4.8,13,297,14,1
4231,Mercedes,C-Class,2010,46679,1500.0,Automatic,Hybrid,Good,3.5,6,505,36,0
4232,Ford,F-150,2012,147439,2373.85,Automatic,Gas,Excellent,5.0,22,498,45,0
4233,Nissan,Altima,2014,139638,1500.0,Automatic,Gas,Good,3.3,14,508,72,0
4234,Chevrolet,Malibu,2007,95914,1500.0,Automatic,Gas,Fair,3.7,22,338,24,0
4235,Ford,F-150,2018,49218,12242.6,Manual,Hybrid,Excellent,3.6,29,516,119,1
4236,Mercedes,C-Class,2018,197053,10096.57,Automatic,Gas,Good,5.0,8,478,3,0
4237,Toyota,Camry,2014,23580,1500.0,Manual,Gas,Fair,3.9,3,496,78,0
4238,Honda,Civic,2016,25793,5150.07,Automatic,Gas,Excellent,3.5,27,651,51,1
4239,Ford,F-150,2010,56938,1500.0,Automatic,Diesel,Excellent,,32,449,114,1
4240,Nissan,Altima,2016,231520,3889.69,Automatic,Gas,Fair,4.6,20,308,75,0
4241,Mercedes,C-Class,2018,53029,17772.74,Automatic,Gas,Excellent,4.6,4,233,109,1
4242,Chevrolet,Malibu,2006,53640,1500.0,Automatic,Gas,Excellent,4.0,7,569,55,1
4243,Hyundai,Elantra,2013,25206,1500.0,Automatic,Diesel,Good,4.4,18,453,38,1
4244,Mercedes,C-Class,2014,105615,5180.92,Automatic,Gas,Good,3.8,14,650,92,0
4245,Chevrolet,Malibu,2021,106075,9172.46,Automatic,Gas,Fair,5.0,14,95,87,0
4246,Ford,F-150,2021,96128,15360.44,Automatic,Gas,Good,4.9,13,536,82,0
4247,Chevrolet,Malibu,2007,41046,1500.0,Automatic,Gas,Good,4.8,22,360,20,1
4248,BMW,X5,2023,39182,29801.12,Manual,Gas,Good,4.7,21,346,97,1
4249,BMW,X5,2005,27560,1500.0,Automatic,Gas,Poor,4.5,23,285,2,1
4250,BMW,X5,2016,62964,13350.41,Automatic,Gas,Excellent,3.5,9,534,103,0
4251,Nissan,Altima,2011,31311,1500.0,Automatic,Hybrid,Excellent,4.6,28,492,101,1
4252,Nissan,Altima,2008,29541,1500.0,Automatic,Gas,Poor,4.3,4,228,26,0
4253,Toyota,Camry,2014,46433,2565.99,Automatic,Gas,Poor,5.0,31,424,115,0
4254,Nissan,Altima,2017,44645,5882.27,Manual,Gas,Excellent,4.7,34,505,2,1
4255,Hyundai,Elantra,2006,43356,1500.0,Automatic,Gas,Excellent,4.5,31,426,67,1
4256,Ford,F-150,2014,79210,3523.71,Manual,Diesel,Good,3.2,8,566,84,1
4257,Mercedes,C-Class,2008,62782,1500.0,Automatic,Gas,Excellent,4.1,6,356,74,1
4258,Mercedes,C-Class,2022,50367,23149.73,Automatic,Gas,Good,3.9,4,61,42,0
4259,Toyota,Camry,2009,66823,1500.0,Automatic,Gas,Excellent,4.4,19,428,85,0
4260,Nissan,Altima,2023,33027,16650.62,Automatic,Gas,Excellent,4.0,10,427,40,1
4261,Hyundai,Elantra,2006,63778,1500.0,Manual,Gas,Good,4.0,7,446,9,1
4262,Chevrolet,Malibu,2016,65536,4226.75,Automatic,Gas,Poor,4.5,12,566,2,0
4263,Toyota,Camry,2021,24298,12661.11,Automatic,Hybrid,Good,3.9,18,107,28,1
4264,Hyundai,Elantra,2014,108816,1524.21,Automatic,Gas,Good,4.3,4,364,3,0
4265,Chevrolet,Malibu,2006,35282,1500.0,Automatic,Gas,Poor,3.3,26,261,16,0
4266,Hyundai,Elantra,2010,63207,1500.0,Automatic,Gas,Good,3.7,21,218,4,1
4267,Chevrolet,Malibu,2012,120408,1500.0,Automatic,Hybrid,Good,4.6,9,389,23,0
4268,Honda,Civic,2023,104339,12249.29,Automatic,Gas,Good,3.5,4,505,94,0
4269,Hyundai,Elantra,2015,61120,3176.92,Automatic,Gas,Excellent,4.9,15,445,102,1
4270,Mercedes,C-Class,2016,48170,11564.37,Automatic,Gas,Good,4.8,25,296,77,1
4271,BMW,X5,2013,105715,3852.72,Automatic,Diesel,Good,4.0,33,378,6,0
4272,Nissan,Altima,2006,89753,1500.0,Automatic,Gas,Excellent,5.0,6,539,74,1
4273,Chevrolet,Malibu,2012,41315,1616.01,Manual,Gas,Excellent,4.9,34,502,55,1
4274,Honda,Civic,2015,37162,5663.45,Automatic,Gas,Good,3.6,18,317,81,1
4275,Hyundai,Elantra,2008,17267,1500.0,Automatic,Diesel,Good,4.6,12,307,8,0
4276,Mercedes,C-Class,2014,65671,7041.22,Manual,Gas,,4.2,19,142,73,1
4277,BMW,X5,2020,56975,23570.64,Automatic,Hybrid,Excellent,3.7,23,335,98,0
4278,Chevrolet,Malibu,2012,118387,1500.0,Automatic,Gas,Fair,3.6,30,139,81,1
4279,Hyundai,Elantra,2008,74267,1500.0,Automatic,Gas,Good,4.8,16,710,116,1
4280,Hyundai,Elantra,2014,133323,1500.0,Automatic,Gas,Excellent,3.8,14,271,107,0
4281,Chevrolet,Malibu,2016,39402,4018.47,Automatic,Gas,Good,4.1,15,566,114,1
4282,Toyota,Camry,2018,118526,7389.75,Automatic,Gas,Excellent,3.6,32,672,86,1
4283,Toyota,Camry,2020,43592,10222.22,Automatic,Gas,Good,3.8,22,432,64,0
4284,Mercedes,C-Class,2022,95469,21297.21,Automatic,Gas,Good,4.1,10,384,67,0
4285,BMW,X5,2016,24952,9813.16,Automatic,Gas,Good,4.4,19,201,41,0
4286,Chevrolet,Malibu,2022,68946,16426.29,Automatic,Gas,Good,2.6,20,324,40,0
4287,Mercedes,C-Class,2011,18200,1500.0,Automatic,Gas,Excellent,4.2,23,640,93,0
4288,Mercedes,C-Class,2011,51006,1500.0,Automatic,Diesel,Good,3.8,12,452,103,0
4289,Ford,F-150,2013,77980,3474.52,Automatic,Gas,Excellent,5.0,28,404,27,1
4290,Hyundai,Elantra,2005,43801,1500.0,Automatic,Gas,Good,5.0,30,596,39,1
4291,Nissan,Altima,2010,31880,1500.0,Automatic,Gas,Fair,4.0,15,504,119,0
4292,Hyundai,Elantra,2010,99475,1500.0,Manual,Gas,Good,3.2,4,377,53,0
4293,Toyota,Camry,2016,56270,4280.77,Manual,Gas,Poor,4.3,29,432,40,0
4294,BMW,X5,2016,44634,13069.72,Automatic,Hybrid,Excellent,4.1,34,284,52,1
4295,Hyundai,Elantra,2014,61398,3202.86,Automatic,Diesel,Good,5.0,19,315,37,0
4296,Chevrolet,Malibu,2010,291268,1500.0,Automatic,Gas,Excellent,5.0,8,369,67,0
4297,Mercedes,C-Class,2021,119623,17841.24,Manual,Gas,Good,4.7,14,483,19,0
4298,Chevrolet,Malibu,2023,120275,14375.37,Automatic,Gas,Excellent,3.8,31,212,34,0
4299,Ford,F-150,2022,77755,16698.49,Automatic,Gas,Excellent,4.6,15,411,78,1
4300,BMW,X5,2010,66163,1500.0,Automatic,Gas,Excellent,4.4,30,341,85,1
4301,Mercedes,C-Class,2023,14219,27911.49,Automatic,Gas,Good,4.3,28,264,66,1
4302,Chevrolet,Malibu,2014,39839,5311.73,Automatic,Gas,Excellent,3.3,6,342,10,0
4303,Toyota,Camry,2012,44875,1500.0,Automatic,Gas,Fair,4.8,17,51,52,1
4304,Nissan,Altima,2010,19439,1500.0,Automatic,Gas,Excellent,4.3,18,286,42,1
4305,Ford,F-150,2011,29898,1500.0,Automatic,Gas,Excellent,4.1,23,235,60,1
4306,BMW,X5,2005,18242,1500.0,Automatic,Gas,Good,3.8,21,358,81,1
4307,Ford,F-150,2022,58513,7580.53,Automatic,Gas,Poor,3.7,17,58,2,0
4308,Toyota,Camry,2016,97856,5480.95,Automatic,Gas,Excellent,4.4,28,428,91,0
4309,BMW,X5,2020,116315,21087.79,Automatic,Diesel,Excellent,3.2,34,536,1,0
4310,Ford,F-150,2014,76793,4878.14,Automatic,Hybrid,Fair,4.7,8,382,50,0
4311,Honda,Civic,2014,33589,3024.76,Automatic,Gas,Good,3.6,22,474,36,1
4312,Toyota,Camry,2018,18784,7181.11,Automatic,Gas,Good,,31,323,97,0
4313,Toyota,Camry,2014,20866,5017.83,Automatic,Gas,Excellent,5.0,8,166,22,1
4314,Toyota,Camry,2014,27962,3919.15,Automatic,Gas,Good,3.7,31,400,113,1
4315,Honda,Civic,2015,35125,4614.64,Automatic,Gas,Excellent,,7,502,99,1
4316,Honda,Civic,2006,54401,1500.0,Automatic,Gas,Good,4.9,29,201,98,1
4317,Chevrolet,Malibu,2012,32581,1500.0,Automatic,Gas,Fair,5.0,4,330,82,0
4318,Mercedes,C-Class,2011,73378,1500.0,Automatic,Gas,Fair,3.3,22,362,36,1
4319,Nissan,Altima,2012,52085,1787.7,Automatic,Hybrid,Good,3.6,4,827,3,0
4320,Ford,F-150,2005,60254,1500.0,Automatic,Gas,Fair,3.7,7,433,44,1
4321,Chevrolet,Malibu,2006,118675,1500.0,Automatic,Gas,Excellent,4.8,5,114,118,0
4322,Ford,F-150,2022,29491,18776.69,Automatic,Gas,Excellent,5.0,8,77,16,1
4323,Nissan,Altima,2019,76973,6085.35,Automatic,Gas,Good,3.6,33,509,11,0
4324,Mercedes,C-Class,2005,59374,1500.0,Automatic,Gas,Good,5.0,13,772,10,1
4325,Honda,Civic,2009,49016,1500.0,Automatic,Gas,Excellent,3.8,7,357,51,1
4326,Mercedes,C-Class,2006,101839,1500.0,Automatic,Gas,Good,4.4,20,348,42,0
4327,Honda,Civic,2007,101458,1500.0,Manual,Hybrid,Good,3.4,16,464,85,0
4328,Nissan,Altima,2023,33931,14741.2,Manual,Gas,Good,4.1,12,280,25,1
4329,Mercedes,C-Class,2022,53675,21813.12,Automatic,Diesel,Fair,4.1,29,18,99,1
4330,Chevrolet,Malibu,2022,70878,13789.14,Automatic,Gas,Good,4.0,26,555,6,1
4331,BMW,X5,2018,50827,17162.22,Automatic,Gas,Excellent,4.4,24,308,110,0
4332,Chevrolet,Malibu,2012,85051,1500.0,Automatic,Gas,Good,3.6,27,557,44,1
4333,Ford,F-150,2016,70877,7256.75,Automatic,Gas,Good,3.7,5,285,8,0
4334,Chevrolet,Malibu,2014,179788,3488.5,Automatic,Gas,Excellent,4.5,18,418,34,0
4335,Nissan,Altima,2021,23904,12973.1,Manual,Gas,Good,5.0,32,528,41,1
4336,Toyota,Camry,2015,55633,1933.3,Automatic,Gas,Poor,4.2,18,560,110,0
4337,Ford,F-150,2006,34714,1500.0,Automatic,Gas,Excellent,4.5,13,434,1,0
4338,Mercedes,C-Class,2008,86031,1500.0,Automatic,Gas,Excellent,4.7,6,427,3,0
4339,Ford,F-150,2005,22690,1500.0,Automatic,Gas,Excellent,4.7,13,492,52,1
4340,BMW,X5,2019,73702,18730.81,Manual,Gas,Good,3.6,10,469,102,0
4341,Honda,Civic,2017,41026,6459.98,Automatic,Gas,Fair,3.7,18,206,91,1
4342,Mercedes,C-Class,2012,38541,2448.24,Automatic,Gas,Good,,25,209,116,1
4343,Hyundai,Elantra,2008,25137,1500.0,Automatic,Gas,Good,5.0,10,83,77,0
4344,Ford,F-150,2014,45295,4168.41,Automatic,Gas,Good,4.5,11,514,43,0
4345,Mercedes,C-Class,2023,114771,25251.93,Automatic,Gas,Good,4.5,16,340,47,0
4346,Mercedes,C-Class,2022,58976,24371.96,Automatic,Diesel,Good,4.4,10,523,114,0
4347,Mercedes,C-Class,2009,87256,1500.0,Automatic,Gas,Excellent,3.4,26,460,83,0
4348,Honda,Civic,2023,162557,12924.87,Automatic,Gas,Good,5.0,18,249,19,0
4349,Hyundai,Elantra,2020,70140,4577.0,Automatic,Gas,Good,4.5,24,381,70,1
4350,Nissan,Altima,2005,42818,1500.0,Automatic,Gas,Excellent,4.6,29,331,47,1
4351,Chevrolet,Malibu,2016,79249,6669.51,Manual,Gas,Good,3.1,4,308,117,0
4352,Mercedes,C-Class,2006,43192,1500.0,Automatic,Gas,,4.7,30,537,78,0
4353,Toyota,Camry,2012,44238,1500.0,Automatic,Gas,Good,4.0,25,776,5,1
4354,Nissan,Altima,2022,24054,7656.01,Manual,Gas,Poor,3.4,22,567,64,0
4355,BMW,X5,2020,104375,20394.75,Manual,Hybrid,Excellent,3.6,21,395,107,0
4356,Honda,Civic,2009,47495,1500.0,Automatic,Gas,Good,3.4,22,588,116,1
4357,Ford,F-150,2017,66786,9796.99,Automatic,Gas,Excellent,3.4,22,656,45,1
4358,Honda,Civic,2023,32158,15208.57,Automatic,Gas,Excellent,4.2,21,191,64,1
4359,Ford,F-150,2007,77774,1500.0,Automatic,Gas,Good,4.0,27,583,45,1
4360,Honda,Civic,2012,37904,1500.0,Automatic,Gas,Good,4.4,32,515,36,0
4361,Ford,F-150,2016,54993,4717.07,Automatic,Gas,Fair,5.0,21,578,9,0
4362,Mercedes,C-Class,2006,101386,1500.0,Automatic,Gas,Good,4.1,20,521,23,0
4363,Chevrolet,Malibu,2015,96226,4528.92,Automatic,Gas,Good,2.9,15,365,32,0
4364,Ford,F-150,2016,59087,4027.91,Manual,Diesel,Fair,4.1,19,704,93,0
4365,Hyundai,Elantra,2022,20725,9988.39,Automatic,Gas,Good,4.9,29,450,45,1
4366,Ford,F-150,2017,360658,1500.0,Automatic,Gas,Excellent,4.1,3,334,28,0
4367,Toyota,Camry,2009,170674,1500.0,Automatic,Gas,Excellent,5.0,23,475,104,1
4368,Ford,F-150,2016,92374,8004.07,Manual,Hybrid,Good,4.5,30,545,52,1
4369,Toyota,Camry,2006,38104,1500.0,Automatic,Gas,Good,3.1,30,414,11,1
4370,BMW,X5,2009,55929,1500.0,Automatic,Diesel,Excellent,4.3,7,458,19,0
4371,Mercedes,C-Class,2011,43215,1500.0,Manual,Gas,,4.4,30,413,64,1
4372,Toyota,Camry,2016,127811,4854.92,Automatic,Gas,Excellent,4.8,27,300,65,1
4373,Chevrolet,Malibu,2020,70087,13187.8,Automatic,Gas,Good,5.0,22,276,73,0
4374,Nissan,Altima,2012,37402,1500.0,Manual,Gas,Excellent,4.7,23,189,57,1
4375,Mercedes,C-Class,2013,45141,1771.29,Manual,Gas,Excellent,4.5,15,627,66,1
4376,Toyota,Camry,2019,117326,11001.45,Automatic,Gas,Good,4.6,8,366,4,0
4377,Mercedes,C-Class,2009,156382,1500.0,Automatic,Gas,Fair,4.1,31,0,29,0
4378,Hyundai,Elantra,2017,149791,3821.85,Automatic,Gas,Good,3.3,12,459,4,0
4379,Mercedes,C-Class,2009,94298,1500.0,Automatic,Gas,Good,4.2,25,456,1,1
4380,Mercedes,C-Class,2015,51453,9533.47,Automatic,Diesel,Excellent,4.4,11,120,92,1
4381,BMW,X5,2014,8562,7437.69,Automatic,Diesel,Fair,3.5,31,275,18,1
4382,Chevrolet,Malibu,2017,71560,6957.66,Automatic,Gas,Good,5.0,8,268,110,0
4383,Honda,Civic,2013,59808,1500.0,Automatic,Hybrid,Poor,4.8,3,288,13,0
4384,Honda,Civic,2018,65120,3899.05,Automatic,Gas,Poor,3.4,26,581,104,1
4385,Toyota,Camry,2022,61842,10830.69,Automatic,Gas,Fair,5.0,32,377,70,1
4386,Mercedes,C-Class,2019,27017,20544.48,Automatic,Gas,Excellent,,20,335,49,1
4387,Toyota,Camry,2014,83654,1941.54,Automatic,Gas,Good,3.7,34,568,119,0
4388,BMW,X5,2011,87494,1500.0,Automatic,Gas,Excellent,4.8,27,474,107,1
4389,BMW,X5,2012,90165,1631.19,Automatic,Gas,Fair,4.2,29,138,47,1
4390,Ford,F-150,2007,105656,1500.0,Automatic,Gas,Fair,5.0,25,307,103,0
4391,Hyundai,Elantra,2019,86028,4075.18,Automatic,Gas,Poor,3.7,9,448,86,0
4392,BMW,X5,2020,46816,22990.99,Automatic,Diesel,Good,3.2,28,259,30,0
4393,Ford,F-150,2008,57382,1500.0,Automatic,Diesel,Good,4.0,12,704,27,0
4394,Chevrolet,Malibu,2010,63238,1500.0,Automatic,Gas,Good,4.7,14,416,72,1
4395,Toyota,Camry,2005,63870,1500.0,Automatic,Gas,Good,3.6,23,286,107,0
4396,Nissan,Altima,2008,108981,1500.0,Automatic,Gas,Good,3.4,26,231,28,1
4397,Chevrolet,Malibu,2015,88097,6341.51,Manual,Gas,Good,4.3,28,539,117,1
4398,BMW,X5,2016,208231,6450.72,Automatic,Gas,Fair,3.3,17,302,2,0
4399,Chevrolet,Malibu,2009,225005,1500.0,Automatic,Gas,Good,4.4,19,456,20,0
4400,Chevrolet,Malibu,2020,62804,8358.53,Automatic,Gas,Fair,4.0,5,227,75,1
4401,Hyundai,Elantra,2017,5990,6077.29,Automatic,Gas,Fair,4.5,27,410,78,0
4402,Hyundai,Elantra,2017,125756,7206.93,Automatic,Hybrid,Good,3.4,17,304,24,0
4403,Hyundai,Elantra,2021,43294,10843.89,Automatic,Diesel,Good,5.0,3,352,77,1
4404,Chevrolet,Malibu,2011,37016,1500.0,Automatic,Gas,Good,4.1,13,280,72,0
4405,BMW,X5,2012,47142,3740.06,Automatic,Gas,Good,4.7,26,553,44,1
4406,Nissan,Altima,2017,45798,9435.4,Automatic,Hybrid,Excellent,4.8,8,326,21,1
4407,Mercedes,C-Class,2020,86453,18955.63,Automatic,Gas,Good,3.5,30,378,22,0
4408,Chevrolet,Malibu,2008,23490,1500.0,Automatic,Gas,Poor,4.7,33,385,73,1
4409,Ford,F-150,2012,31362,1500.0,Automatic,Gas,Excellent,3.3,31,641,58,0
4410,BMW,X5,2020,73562,20221.14,Automatic,Gas,Good,3.4,18,533,106,1
4411,Chevrolet,Malibu,2014,87008,3120.64,Automatic,Diesel,Fair,5.0,33,518,107,0
4412,Nissan,Altima,2016,87985,4117.38,Automatic,Gas,Good,4.9,28,163,11,1
4413,Mercedes,C-Class,2016,37338,9002.75,Manual,Gas,Good,5.0,23,301,80,1
4414,Hyundai,Elantra,2009,33290,1500.0,Automatic,Gas,Good,4.0,14,578,114,1
4415,BMW,X5,2020,44179,19044.6,Automatic,Gas,Good,4.3,24,224,53,0
4416,Honda,Civic,2005,69142,1500.0,Automatic,Gas,Excellent,4.5,29,412,9,1
4417,Mercedes,C-Class,2013,145988,1596.27,Automatic,Gas,Poor,4.2,23,240,67,1
4418,Ford,F-150,2016,17527,9235.95,Automatic,Gas,Good,3.8,17,255,118,0
4419,Chevrolet,Malibu,2009,52447,1500.0,Automatic,Gas,,3.7,27,652,100,1
4420,Nissan,Altima,2007,26913,1500.0,Manual,Gas,Good,4.3,20,507,52,1
4421,Honda,Civic,2009,22217,1500.0,Automatic,Gas,Excellent,3.6,12,547,115,1
4422,Nissan,Altima,2006,106956,1500.0,Automatic,Gas,Poor,3.5,24,517,106,0
4423,Honda,Civic,2018,83014,6176.67,Automatic,Gas,Fair,,14,379,13,1
4424,BMW,X5,2006,78406,1500.0,Automatic,Gas,Excellent,4.1,22,296,1,1
4425,Honda,Civic,2017,104048,4864.74,Automatic,Gas,Poor,4.8,34,339,44,1
4426,Ford,F-150,2011,44898,1500.0,Automatic,Gas,Good,3.9,21,371,75,1
4427,Ford,F-150,2014,46185,5946.49,Automatic,Hybrid,Good,3.9,30,666,24,1
4428,Toyota,Camry,2017,222223,5992.57,Automatic,Gas,Good,4.5,7,199,5,0
4429,Ford,F-150,2020,51640,13619.12,Automatic,Gas,Excellent,3.7,20,316,66,1
4430,Mercedes,C-Class,2018,93067,13778.9,Automatic,Gas,Good,3.8,21,263,81,0
4431,Honda,Civic,2015,60103,3840.16,Automatic,Gas,Excellent,3.8,25,558,81,0
4432,Ford,F-150,2014,19752,4796.58,Automatic,Gas,Good,4.1,14,678,20,0
4433,BMW,X5,2010,17557,1500.0,Manual,Gas,Good,5.0,3,446,64,1
4434,Nissan,Altima,2008,42302,1500.0,Automatic,Gas,Fair,3.4,4,458,15,0
4435,Hyundai,Elantra,2005,112832,1500.0,Manual,Gas,Good,5.0,5,413,68,0
4436,Nissan,Altima,2011,96083,1500.0,Automatic,Gas,Excellent,4.6,28,465,54,1
4437,Toyota,Camry,2013,103615,1500.0,Automatic,Gas,Fair,5.0,31,515,11,0
4438,Nissan,Altima,2012,33116,1512.47,Automatic,Gas,Good,5.0,32,463,23,1
4439,Honda,Civic,2009,157869,1500.0,Manual,Gas,Good,5.0,14,474,1,0
4440,Toyota,Camry,2023,33559,17158.93,Automatic,Diesel,Excellent,4.8,16,516,42,1
4441,Honda,Civic,2014,68029,4445.91,Automatic,Hybrid,Fair,3.4,9,133,114,0
4442,BMW,X5,2015,59503,8138.41,Automatic,Gas,Fair,3.5,6,400,47,0
4443,Toyota,Camry,2019,53942,8956.38,Manual,Gas,Fair,4.4,14,445,115,0
4444,Chevrolet,Malibu,2010,133673,1500.0,Manual,Gas,Fair,3.2,26,462,68,0
4445,Mercedes,C-Class,2019,39219,17915.17,Manual,Gas,Good,4.6,10,374,38,0
4446,Mercedes,C-Class,2009,26641,1500.0,Manual,Gas,Fair,2.9,33,424,2,1
4447,Honda,Civic,2023,60596,18357.19,Automatic,Gas,Good,4.9,3,292,45,1
4448,Nissan,Altima,2023,47103,14925.63,Automatic,Gas,Excellent,4.0,7,133,27,0
4449,Hyundai,Elantra,2014,454262,1500.0,Automatic,Gas,Good,4.3,34,547,98,0
4450,Hyundai,Elantra,2016,89850,6059.17,Automatic,Gas,Good,3.8,3,229,77,0
4451,Chevrolet,Malibu,2008,46835,1500.0,Automatic,Gas,Excellent,3.1,17,375,111,1
4452,Toyota,Camry,2022,31771,16438.78,Manual,Gas,Excellent,4.9,15,287,61,1
4453,Chevrolet,Malibu,2020,19376,15682.98,Automatic,Gas,Excellent,5.0,31,638,82,1
4454,Chevrolet,Malibu,2012,32366,2693.96,Automatic,Gas,Good,4.0,25,388,11,1
4455,Nissan,Altima,2008,64149,1500.0,Manual,Gas,Excellent,,15,353,69,1
4456,Hyundai,Elantra,2016,140983,2755.89,Automatic,Gas,Excellent,4.0,6,512,29,0
4457,Toyota,Camry,2006,117361,1500.0,Automatic,Gas,Good,4.4,34,723,25,0
4458,BMW,X5,2008,68696,1500.0,Automatic,Gas,Poor,4.7,17,460,78,0
4459,Nissan,Altima,2009,49320,1500.0,Automatic,Gas,Fair,4.5,14,343,54,0
4460,Chevrolet,Malibu,2007,70353,1500.0,Automatic,Gas,Good,5.0,10,504,48,0
4461,Chevrolet,Malibu,2013,43862,1500.0,Automatic,Gas,Poor,4.5,18,164,46,0
4462,BMW,X5,2022,167882,21147.69,Automatic,Gas,Good,4.2,14,406,41,0
4463,Chevrolet,Malibu,2015,53449,4519.79,Manual,Gas,Good,3.7,26,699,102,1
4464,Chevrolet,Malibu,2007,56851,1500.0,Automatic,Gas,Good,3.9,27,423,41,1
4465,Chevrolet,Malibu,2006,15843,1500.0,Automatic,Gas,Good,4.7,29,416,61,1
4466,Mercedes,C-Class,2013,53249,3813.78,Manual,Gas,Excellent,3.3,8,403,101,0
4467,Nissan,Altima,2018,98902,6342.66,Automatic,Diesel,Good,4.9,25,340,11,1
4468,Ford,F-150,2008,31551,1500.0,Automatic,Gas,Good,4.0,17,447,44,1
4469,Nissan,Altima,2013,38160,3190.08,Automatic,Diesel,Good,3.7,9,516,32,0
4470,BMW,X5,2017,96338,10011.3,Automatic,Gas,Fair,3.5,7,350,49,0
4471,Chevrolet,Malibu,2022,24686,16746.95,Automatic,Hybrid,Good,4.6,25,26,6,0
4472,Nissan,Altima,2019,112947,6572.8,Automatic,Gas,Good,4.2,17,469,116,1
4473,Mercedes,C-Class,2014,43508,4564.7,Automatic,Hybrid,Good,5.0,27,719,57,1
4474,Hyundai,Elantra,2020,47422,7191.69,Automatic,Gas,Poor,3.4,30,343,6,1
4475,BMW,X5,2016,30505,10223.15,Automatic,Gas,Good,,32,179,47,1
4476,Honda,Civic,2009,75118,1500.0,Automatic,Gas,Fair,4.1,14,501,63,1
4477,Nissan,Altima,2006,261953,1500.0,Automatic,Hybrid,Fair,3.7,13,661,49,0
4478,Honda,Civic,2014,95692,5456.35,Manual,Gas,,4.2,6,479,22,0
4479,Chevrolet,Malibu,2005,35647,1500.0,Automatic,Gas,Good,4.4,15,658,67,1
4480,Mercedes,C-Class,2011,118346,1500.0,Automatic,Gas,Excellent,4.5,20,519,19,1
4481,Mercedes,C-Class,2021,49513,12200.28,Automatic,Gas,Poor,5.0,10,506,55,1
4482,Nissan,Altima,2020,136583,8694.25,Automatic,Gas,Excellent,3.4,9,322,34,0
4483,BMW,X5,2007,97149,1500.0,Automatic,Gas,,4.4,24,442,41,1
4484,BMW,X5,2018,10240,16408.14,Automatic,Hybrid,Good,3.8,25,395,105,0
4485,Mercedes,C-Class,2014,32779,4825.14,Automatic,Diesel,Good,4.5,30,390,7,1
4486,BMW,X5,2011,105517,1500.0,Automatic,Gas,Good,4.5,18,361,57,1
4487,Mercedes,C-Class,2021,65577,18497.3,Automatic,Gas,Fair,3.6,5,433,16,1
4488,Nissan,Altima,2010,32394,1500.0,Automatic,Gas,Good,3.7,24,205,59,1
4489,Ford,F-150,2008,40939,1500.0,Automatic,Gas,Poor,4.5,28,521,38,1
4490,Mercedes,C-Class,2021,19077,23979.83,Automatic,Gas,Good,4.2,32,268,9,1
4491,Honda,Civic,2013,56782,6068.94,Automatic,Gas,Excellent,4.1,18,362,77,0
4492,BMW,X5,2008,225576,1500.0,Automatic,Gas,Excellent,4.6,18,449,34,0
4493,Mercedes,C-Class,2011,97047,1500.0,Automatic,Diesel,Good,4.6,9,260,46,1
4494,Mercedes,C-Class,2006,222849,1500.0,Automatic,Hybrid,Excellent,3.9,25,105,37,0
4495,Nissan,Altima,2021,101664,9872.59,Automatic,Gas,,3.7,15,342,43,0
4496,BMW,X5,2012,110911,2837.02,Automatic,Hybrid,Excellent,3.4,15,185,47,0
4497,Ford,F-150,2019,195721,7836.29,Automatic,Gas,Good,4.2,23,506,6,0
4498,Nissan,Altima,2019,75083,6365.26,Automatic,Gas,Good,3.3,21,226,38,1
4499,Ford,F-150,2012,53512,1500.0,Automatic,Gas,Good,4.3,20,622,112,0
4500,Hyundai,Elantra,2020,111256,9953.69,Automatic,Gas,Excellent,4.9,31,399,116,0
4501,Nissan,Altima,2023,143243,14514.63,Automatic,Gas,Excellent,4.0,9,408,61,0
4502,BMW,X5,2015,44892,6917.46,Manual,Gas,Good,3.9,22,102,4,0
4503,Toyota,Camry,2006,38834,1500.0,Manual,Gas,Excellent,5.0,20,421,5,1
4504,BMW,X5,2021,65076,21869.13,Automatic,Gas,Good,5.0,31,387,70,1
4505,BMW,X5,2020,98607,19349.82,Manual,Gas,Good,3.7,26,205,60,0
4506,Ford,F-150,2019,96650,10425.93,Automatic,Gas,Excellent,4.3,20,413,77,0
4507,Ford,F-150,2017,25476,8183.59,Automatic,Gas,Good,4.4,24,340,110,0
4508,BMW,X5,2019,188520,15512.58,Automatic,Gas,Good,4.3,6,367,88,0
4509,BMW,X5,2008,40753,1500.0,Automatic,Gas,Good,5.0,11,403,92,0
4510,BMW,X5,2020,51070,19434.11,Manual,Gas,Good,4.3,23,329,77,1
4511,Ford,F-150,2016,34836,7117.49,Automatic,Diesel,Good,4.3,18,436,106,0
4512,BMW,X5,2008,302246,1500.0,Manual,Gas,Good,4.6,6,387,113,0
4513,BMW,X5,2007,69233,1500.0,Automatic,Gas,Fair,4.9,10,470,56,1
4514,Hyundai,Elantra,2021,35933,12338.65,Automatic,Gas,Excellent,4.8,5,320,82,0
4515,Chevrolet,Malibu,2022,100544,15610.13,Automatic,Gas,Good,4.5,32,240,59,0
4516,Toyota,Camry,2022,94985,13707.72,Automatic,Gas,Good,3.3,31,293,7,0
4517,Honda,Civic,2021,53496,13633.47,Automatic,Gas,Good,3.9,11,616,68,0
4518,Toyota,Camry,2016,99147,5776.22,Automatic,Diesel,Good,4.7,10,543,31,0
4519,Chevrolet,Malibu,2008,36491,1500.0,Manual,Gas,Good,4.4,32,582,88,1
4520,Honda,Civic,2016,44544,4541.0,Automatic,Gas,Good,4.7,14,592,86,0
4521,Nissan,Altima,2019,17923,10374.68,Automatic,Diesel,Good,5.0,16,330,85,1
4522,BMW,X5,2020,27055,20350.52,Automatic,Gas,Fair,3.5,30,444,48,0
4523,Chevrolet,Malibu,2009,177119,1500.0,Manual,Hybrid,Poor,4.9,26,411,42,0
4524,Hyundai,Elantra,2019,160308,5488.22,Automatic,Gas,Good,4.0,12,498,90,0
4525,Nissan,Altima,2021,62284,10518.65,Automatic,Gas,Fair,4.8,23,356,30,0
4526,BMW,X5,2022,162390,20650.78,Automatic,Gas,Excellent,4.2,19,413,117,0
4527,Ford,F-150,2009,54391,1500.0,Automatic,Gas,Good,5.0,13,410,116,1
4528,Mercedes,C-Class,2017,51738,14822.21,Automatic,Gas,Excellent,4.3,12,479,51,1
4529,Chevrolet,Malibu,2023,61939,14450.56,Automatic,Gas,Excellent,3.8,15,498,35,1
4530,Ford,F-150,2017,55550,9280.9,Manual,Gas,Good,4.5,27,414,62,1
4531,Chevrolet,Malibu,2022,52621,16400.3,Manual,Gas,Good,4.4,4,418,51,0
4532,Hyundai,Elantra,2018,118900,7633.89,Automatic,Gas,Good,4.9,3,433,87,0
4533,Chevrolet,Malibu,2008,65518,1500.0,Manual,Gas,Good,4.5,24,646,109,1
4534,Ford,F-150,2008,91811,1500.0,Automatic,Hybrid,Good,5.0,3,140,104,0
4535,Hyundai,Elantra,2023,111171,12416.56,Automatic,Diesel,Good,4.1,18,254,50,0
4536,Honda,Civic,2017,75577,4063.78,Automatic,Gas,Excellent,4.1,12,501,30,0
4537,Toyota,Camry,2016,33451,5215.64,Automatic,Gas,Good,3.8,28,440,19,0
4538,BMW,X5,2011,26589,1500.0,Automatic,Gas,Good,4.3,31,439,96,1
4539,Chevrolet,Malibu,2016,65464,7212.45,Automatic,Gas,Good,4.3,12,500,50,1
4540,BMW,X5,2008,54027,1500.0,Automatic,Hybrid,Excellent,4.4,33,432,54,1
4541,Mercedes,C-Class,2006,63097,1500.0,Automatic,Gas,Excellent,4.2,9,316,83,1
4542,Ford,F-150,2006,59300,1500.0,Automatic,Diesel,Good,3.8,32,494,86,1
4543,BMW,X5,2009,282135,1500.0,Automatic,Gas,Good,3.7,9,403,4,0
4544,Ford,F-150,2014,26953,5766.95,Automatic,Gas,Good,4.0,31,332,109,1
4545,BMW,X5,2014,18142,6721.52,Automatic,Hybrid,Excellent,,3,503,12,1
4546,Toyota,Camry,2013,73088,2666.45,Manual,Gas,Good,5.0,28,497,15,1
4547,Toyota,Camry,2017,47769,4948.34,Automatic,Gas,Fair,4.2,15,432,15,1
4548,Hyundai,Elantra,2011,72376,1500.0,Automatic,Gas,Fair,3.6,7,657,10,0
4549,Toyota,Camry,2009,84993,1500.0,Automatic,Gas,Good,4.2,5,599,118,1
4550,Hyundai,Elantra,2014,129374,1500.0,Automatic,Gas,Excellent,5.0,31,550,61,0
4551,Toyota,Camry,2014,24237,1659.15,Manual,Hybrid,Good,4.8,15,784,19,1
4552,Toyota,Camry,2010,42871,1500.0,Automatic,Gas,Excellent,4.5,29,378,53,1
4553,Toyota,Camry,2023,77439,15633.42,Automatic,Diesel,Good,4.8,14,330,72,0
4554,Ford,F-150,2012,95061,2716.05,Manual,Gas,Excellent,5.0,32,529,115,1
4555,Chevrolet,Malibu,2005,223254,1500.0,Automatic,Gas,Fair,3.5,20,362,57,0
4556,Hyundai,Elantra,2021,106236,9649.72,Automatic,Hybrid,Good,4.0,34,401,95,0
4557,BMW,X5,2011,57868,1500.0,Automatic,Gas,,3.9,29,252,9,1
4558,Toyota,Camry,2018,35092,9130.77,Automatic,Gas,Good,4.6,33,490,29,1
4559,Ford,F-150,2021,42677,16290.54,Automatic,Gas,Excellent,4.3,7,179,7,1
4560,Ford,F-150,2013,41956,1646.61,Automatic,Gas,Good,4.7,7,385,72,0
4561,Ford,F-150,2021,88711,14655.88,Automatic,Gas,Good,3.9,4,397,105,0
4562,Hyundai,Elantra,2009,69856,1500.0,Automatic,Diesel,Good,5.0,8,334,17,1
4563,Chevrolet,Malibu,2012,27059,1500.0,Automatic,Hybrid,Fair,4.2,9,136,79,1
4564,Hyundai,Elantra,2010,46094,1500.0,Automatic,Gas,,4.6,3,135,16,1
4565,BMW,X5,2015,101369,9017.86,Automatic,Gas,Fair,4.9,5,288,71,1
4566,Chevrolet,Malibu,2023,73939,15073.14,Automatic,Diesel,Good,4.9,22,480,106,1
4567,Honda,Civic,2008,84219,1500.0,Automatic,Gas,Good,4.4,4,443,83,1
4568,Nissan,Altima,2022,75338,14913.45,Automatic,Gas,Good,4.7,12,397,38,1
4569,Ford,F-150,2005,158872,1500.0,Automatic,Gas,Fair,5.0,13,267,89,0
4570,Hyundai,Elantra,2017,68983,4222.32,Automatic,Gas,Excellent,4.5,23,451,76,1
4571,Honda,Civic,2018,47495,8064.97,Automatic,Gas,Good,3.8,15,130,96,1
4572,Mercedes,C-Class,2005,34563,1500.0,Automatic,Gas,Good,4.5,34,40,47,1
4573,Hyundai,Elantra,2015,69547,3313.28,Automatic,Gas,Excellent,4.2,18,363,10,1
4574,Toyota,Camry,2021,13843,15296.52,Automatic,Gas,Excellent,2.8,22,318,24,1
4575,Nissan,Altima,2008,53606,1500.0,Automatic,Gas,Fair,4.5,13,551,50,1
4576,Toyota,Camry,2016,52917,7625.66,Manual,Gas,Excellent,,20,423,68,1
4577,Chevrolet,Malibu,2014,26405,3021.06,Automatic,Gas,Excellent,4.9,33,647,43,1
4578,Nissan,Altima,2010,34304,1500.0,Automatic,Gas,Poor,3.7,13,317,37,0
4579,Hyundai,Elantra,2005,97323,1500.0,Automatic,Gas,Good,3.3,3,473,45,0
4580,BMW,X5,2011,68763,1500.0,Manual,Diesel,Excellent,4.3,26,362,106,1
4581,Honda,Civic,2020,63644,11284.52,Automatic,Hybrid,Good,4.4,20,607,54,0
4582,BMW,X5,2018,71955,14168.52,Automatic,Gas,Good,4.3,22,369,103,1
4583,Hyundai,Elantra,2010,63295,1500.0,Manual,Gas,Fair,4.2,30,528,43,1
4584,Chevrolet,Malibu,2009,126211,1500.0,Automatic,Hybrid,Good,3.6,34,238,68,1
4585,Toyota,Camry,2022,64476,9374.12,Automatic,Gas,Fair,4.1,28,337,100,1
4586,Nissan,Altima,2019,24961,10722.97,Automatic,Hybrid,Excellent,4.0,7,387,37,1
4587,BMW,X5,2010,159225,1500.0,Automatic,Gas,Good,4.8,4,589,89,0
4588,Hyundai,Elantra,2023,74772,13444.65,Automatic,Gas,Excellent,4.4,28,70,41,0
4589,BMW,X5,2005,42042,1500.0,Manual,Gas,Excellent,4.0,27,350,94,1
4590,Hyundai,Elantra,2005,28224,1500.0,Automatic,Gas,Good,5.0,20,345,1,0
4591,Toyota,Camry,2017,75928,6252.61,Automatic,Gas,Excellent,4.0,24,88,93,0
4592,Nissan,Altima,2007,55809,1500.0,Automatic,Gas,Good,4.5,9,330,16,0
4593,Honda,Civic,2014,153966,3125.68,Automatic,Gas,Fair,4.1,24,168,37,1
4594,Toyota,Camry,2007,48652,1500.0,Automatic,Gas,Good,5.0,13,50,37,1
4595,BMW,X5,2013,36227,3844.86,Automatic,Gas,Excellent,4.3,13,360,7,1
4596,Honda,Civic,2012,102485,1500.0,Automatic,Gas,Good,4.3,33,355,40,1
4597,Hyundai,Elantra,2007,104314,1500.0,Automatic,Gas,Fair,4.1,30,363,51,1
4598,Honda,Civic,2017,66250,5460.49,Automatic,Gas,Good,4.3,15,437,64,0
4599,Hyundai,Elantra,2010,89842,1500.0,Automatic,Gas,Good,4.9,6,268,97,1
4600,Toyota,Camry,2017,58535,6773.28,Automatic,Gas,Excellent,4.7,3,668,114,1
4601,BMW,X5,2016,68893,12216.62,Automatic,Gas,Excellent,4.2,20,395,22,0
4602,Chevrolet,Malibu,2017,120450,5568.19,Automatic,Gas,Good,5.0,33,592,43,1
4603,BMW,X5,2006,87133,1500.0,Manual,Hybrid,Excellent,4.7,14,148,62,1
4604,Hyundai,Elantra,2020,54091,5282.71,Automatic,Gas,Fair,3.9,28,274,54,1
4605,Ford,F-150,2010,134782,1500.0,Automatic,Gas,Good,3.4,30,502,27,0
4606,Nissan,Altima,2023,14488,12350.54,Automatic,Gas,Good,4.0,12,366,29,1
4607,Mercedes,C-Class,2017,205098,7284.85,Manual,Gas,Fair,4.4,30,239,16,0
4608,Chevrolet,Malibu,2021,21513,10613.54,Automatic,Gas,Fair,4.6,32,124,85,1
4609,Honda,Civic,2013,41099,1500.0,Automatic,Hybrid,Good,5.0,24,509,11,1
4610,Chevrolet,Malibu,2021,58422,8497.98,Automatic,Gas,Fair,,10,497,21,0
4611,Nissan,Altima,2006,54836,1500.0,Automatic,Gas,Poor,3.9,32,436,9,1
4612,Honda,Civic,2023,109518,10751.35,Manual,Diesel,Fair,3.5,33,325,27,0
4613,Nissan,Altima,2023,31738,10947.89,Automatic,Gas,Fair,3.4,5,233,103,0
4614,Honda,Civic,2011,70014,1500.0,Automatic,Gas,Good,3.8,9,392,86,0
4615,Chevrolet,Malibu,2014,42322,4222.86,Automatic,Gas,Good,4.4,33,202,79,1
4616,Honda,Civic,2014,71473,5577.19,Automatic,Gas,Excellent,4.7,27,287,107,1
4617,Honda,Civic,2013,57591,1500.0,Manual,Gas,Excellent,3.6,22,589,23,1
4618,Ford,F-150,2021,63307,15132.04,Automatic,Gas,Excellent,3.7,13,122,51,0
4619,BMW,X5,2019,43046,21902.34,Automatic,Gas,Excellent,3.1,9,501,93,1
4620,BMW,X5,2006,44088,1500.0,Automatic,Gas,Good,4.3,9,624,103,1
4621,Mercedes,C-Class,2008,71137,1500.0,Automatic,Hybrid,Excellent,3.8,31,522,80,0
4622,Mercedes,C-Class,2023,105475,16119.9,Automatic,Gas,Fair,5.0,30,459,3,0
4623,Hyundai,Elantra,2021,41815,5017.66,Automatic,Gas,Fair,4.4,28,330,16,1
4624,Hyundai,Elantra,2009,35551,1500.0,Automatic,Gas,Excellent,4.1,11,303,8,1
4625,Hyundai,Elantra,2011,86515,1500.0,Automatic,Gas,Excellent,3.8,5,62,90,1
4626,Ford,F-150,2022,58717,15202.26,Automatic,Gas,Fair,3.3,13,405,42,0
4627,Mercedes,C-Class,2011,98547,1500.0,Manual,Gas,Fair,3.4,19,339,73,0
4628,Nissan,Altima,2021,34770,9749.66,Automatic,Gas,Fair,3.8,10,295,35,0
4629,Hyundai,Elantra,2011,20585,1500.0,Automatic,Gas,Poor,3.8,22,396,71,0
4630,Hyundai,Elantra,2008,43486,1500.0,Automatic,Gas,Poor,3.6,4,409,72,0
4631,Chevrolet,Malibu,2012,37804,1500.0,Automatic,Diesel,Good,4.4,23,304,99,1
4632,Toyota,Camry,2017,57109,7352.47,Automatic,Gas,Excellent,4.5,22,641,48,1
4633,Nissan,Altima,2008,40859,1500.0,Automatic,Gas,Fair,3.9,3,509,54,1
4634,Hyundai,Elantra,2010,93396,1500.0,Automatic,Gas,Excellent,5.0,18,534,110,1
4635,Hyundai,Elantra,2009,50367,1500.0,Manual,Gas,Fair,3.2,30,384,103,0
4636,Hyundai,Elantra,2016,65531,5126.21,Automatic,Gas,Good,4.2,25,476,36,1
4637,Toyota,Camry,2008,65813,1500.0,Automatic,Gas,Fair,4.1,6,265,6,0
4638,Toyota,Camry,2013,67303,1500.0,Automatic,Diesel,Excellent,3.9,26,499,71,0
4639,Ford,F-150,2008,59013,1500.0,Automatic,Gas,Good,3.8,11,369,12,1
4640,Nissan,Altima,2023,81337,11591.39,Automatic,Gas,Good,4.2,34,246,103,1
4641,Ford,F-150,2018,37145,7911.51,Automatic,Diesel,Fair,4.1,10,396,59,1
4642,Honda,Civic,2009,138642,1500.0,Automatic,Hybrid,Excellent,,3,356,65,0
4643,Toyota,Camry,2022,51952,10328.88,Automatic,Gas,Fair,3.4,10,748,50,0
4644,Chevrolet,Malibu,2014,27257,2076.5,Automatic,Gas,Fair,,7,465,43,1
4645,Mercedes,C-Class,2023,67026,26623.25,Automatic,Gas,Good,4.0,3,636,43,0
4646,Chevrolet,Malibu,2016,35928,4016.51,Automatic,Gas,Fair,4.0,27,569,49,1
4647,Mercedes,C-Class,2022,89250,22069.54,Manual,Gas,Good,4.1,27,405,89,0
4648,Toyota,Camry,2021,225429,10653.78,Automatic,Gas,Excellent,4.1,9,333,76,0
4649,Toyota,Camry,2015,37348,3895.13,Automatic,Hybrid,Excellent,3.9,17,138,55,1
4650,Toyota,Camry,2007,73088,1500.0,Automatic,Gas,Fair,4.1,9,269,91,0
4651,Ford,F-150,2021,20883,19226.8,Manual,Hybrid,Good,3.7,29,499,87,0
4652,Nissan,Altima,2005,78616,1500.0,Automatic,Hybrid,Excellent,5.0,3,354,83,0
4653,Mercedes,C-Class,2019,35191,21255.3,Automatic,Gas,Good,3.7,11,456,85,0
4654,Nissan,Altima,2013,41154,2551.86,Manual,Gas,Good,4.0,3,95,50,0
4655,Ford,F-150,2019,30922,14321.67,Automatic,Gas,Excellent,3.8,31,468,21,1
4656,Ford,F-150,2007,92901,1500.0,Automatic,Gas,Good,3.8,33,564,88,0
4657,BMW,X5,2023,109576,27011.38,Automatic,Gas,Excellent,4.2,14,133,13,0
4658,Chevrolet,Malibu,2017,60720,6571.91,Automatic,Gas,Excellent,4.1,9,455,42,1
4659,Chevrolet,Malibu,2016,35644,6313.2,Automatic,Gas,Good,3.9,27,601,115,0
4660,Honda,Civic,2005,155393,1500.0,Automatic,Diesel,Good,4.0,11,652,100,0
4661,Hyundai,Elantra,2021,38168,11922.67,Automatic,Gas,Excellent,3.8,34,324,15,1
4662,Ford,F-150,2017,16363,8907.62,Automatic,Gas,Good,4.4,7,516,50,1
4663,Mercedes,C-Class,2005,78828,1500.0,Manual,Gas,Excellent,5.0,14,614,1,0
4664,BMW,X5,2014,30857,8450.37,Automatic,Gas,Excellent,,31,460,51,1
4665,BMW,X5,2019,108354,15922.35,Automatic,Hybrid,Excellent,4.4,34,592,34,0
4666,Hyundai,Elantra,2011,47634,1500.0,Automatic,Diesel,Excellent,4.2,24,394,42,1
4667,Nissan,Altima,2022,86010,11073.66,Automatic,Gas,Excellent,4.6,4,459,62,0
4668,Hyundai,Elantra,2020,138815,3896.43,Automatic,Gas,Fair,4.6,20,306,95,0
4669,Hyundai,Elantra,2018,28989,8945.47,Automatic,Gas,Good,4.3,28,375,114,1
4670,Hyundai,Elantra,2022,42635,11708.3,Automatic,Gas,Excellent,4.2,11,465,32,1
4671,Chevrolet,Malibu,2011,57216,1500.0,Automatic,Gas,Excellent,3.9,31,295,100,1
4672,Ford,F-150,2021,150622,12647.42,Automatic,Gas,Excellent,3.7,3,366,61,0
4673,Honda,Civic,2022,40334,11864.82,Automatic,Gas,Fair,4.1,12,514,93,0
4674,Ford,F-150,2016,41910,6602.32,Automatic,Hybrid,Good,3.4,30,707,54,1
4675,Nissan,Altima,2012,79768,1500.0,Manual,Gas,Excellent,3.8,30,92,74,1
4676,Toyota,Camry,2006,42347,1500.0,Automatic,Gas,Good,4.9,16,696,58,1
4677,Hyundai,Elantra,2011,65612,1500.0,Automatic,Gas,Good,4.3,23,361,85,0
4678,Ford,F-150,2008,23601,1500.0,Automatic,Hybrid,Excellent,4.7,16,544,100,1
4679,Nissan,Altima,2022,226069,7873.14,Manual,Gas,Good,5.0,9,574,24,0
4680,Toyota,Camry,2010,26672,1500.0,Automatic,Diesel,Good,4.1,14,634,27,0
4681,Toyota,Camry,2013,49362,1500.0,Automatic,Gas,Excellent,4.3,28,290,21,1
4682,Hyundai,Elantra,2013,58718,1500.0,Automatic,Gas,Good,4.0,24,366,18,1
4683,Honda,Civic,2018,188643,3114.95,Automatic,Gas,Good,3.7,24,391,116,0
4684,Mercedes,C-Class,2012,27040,2262.28,Automatic,Gas,Good,3.6,8,346,55,0
4685,Chevrolet,Malibu,2023,196854,10290.36,Automatic,Gas,Good,4.7,15,597,68,0
4686,Ford,F-150,2007,94306,1500.0,Automatic,Hybrid,Good,4.3,10,388,47,0
4687,Toyota,Camry,2022,76899,13498.62,Automatic,Gas,Good,,25,157,54,1
4688,Ford,F-150,2009,33163,1500.0,Automatic,Gas,Good,4.8,23,305,18,1
4689,Mercedes,C-Class,2018,84346,12843.74,Manual,Gas,Good,3.8,28,163,73,0
4690,Chevrolet,Malibu,2008,38789,1500.0,Automatic,Gas,Excellent,4.7,4,365,116,1
4691,Mercedes,C-Class,2011,128027,1500.0,Automatic,Gas,Good,4.0,12,500,64,0
4692,Chevrolet,Malibu,2016,33435,5373.63,Automatic,Gas,Good,4.9,8,301,49,1
4693,BMW,X5,2006,55943,1500.0,Automatic,Gas,Good,3.9,18,339,94,1
4694,Chevrolet,Malibu,2015,42908,1713.67,Automatic,Diesel,Fair,3.6,12,358,35,1
4695,Hyundai,Elantra,2018,33106,6650.37,Automatic,Gas,Fair,3.7,17,421,109,1
4696,Honda,Civic,2020,93413,10800.93,Automatic,Diesel,Excellent,,23,477,94,1
4697,Mercedes,C-Class,2010,82559,1500.0,Automatic,Gas,Fair,3.7,22,521,39,1
4698,Toyota,Camry,2008,123674,1500.0,Automatic,Diesel,Good,3.9,12,738,110,0
4699,Hyundai,Elantra,2019,20579,8249.01,Automatic,Gas,Good,4.7,13,418,58,0
4700,BMW,X5,2005,113380,1500.0,Automatic,Gas,Fair,5.0,23,510,57,0
4701,Honda,Civic,2011,269216,1500.0,Manual,Gas,Good,3.4,27,161,6,0
4702,Ford,F-150,2016,45661,6784.53,Automatic,Gas,Good,5.0,30,343,78,1
4703,Hyundai,Elantra,2014,186668,1500.0,Automatic,Diesel,Fair,3.9,31,359,110,0
4704,Mercedes,C-Class,2009,51128,1500.0,Automatic,Gas,Excellent,4.4,4,247,93,1
4705,Nissan,Altima,2016,26279,5202.56,Automatic,Diesel,Excellent,3.2,24,319,96,0
4706,Nissan,Altima,2022,49842,12504.38,Automatic,Gas,Good,4.5,33,383,78,1
4707,Toyota,Camry,2014,112299,4305.89,Automatic,Gas,Fair,3.0,29,324,20,0
4708,Chevrolet,Malibu,2010,36210,1500.0,Automatic,Diesel,Fair,4.4,27,790,50,0
4709,Toyota,Camry,2016,41764,8093.1,Manual,Gas,Excellent,4.4,30,476,9,0
4710,Nissan,Altima,2011,85487,1748.78,Automatic,Gas,Fair,4.3,12,700,76,0
4711,Ford,F-150,2022,59984,17030.16,Automatic,Gas,Excellent,3.8,31,623,14,1
4712,BMW,X5,2006,85031,1500.0,Automatic,Hybrid,Poor,4.5,34,304,23,1
4713,BMW,X5,2014,69057,6089.32,Automatic,Gas,Good,4.4,23,405,48,0
4714,Mercedes,C-Class,2019,79839,16294.65,Automatic,Gas,Excellent,4.1,14,334,98,0
4715,BMW,X5,2016,46194,15305.57,Automatic,Gas,Excellent,4.6,13,375,80,0
4716,Mercedes,C-Class,2021,68805,25540.71,Automatic,Gas,Excellent,4.1,24,253,82,1
4717,Hyundai,Elantra,2008,34323,1500.0,Automatic,Hybrid,Excellent,4.5,17,333,56,1
4718,Mercedes,C-Class,2011,129710,1500.0,Automatic,Diesel,Fair,4.1,28,453,105,0
4719,Hyundai,Elantra,2013,40922,1500.0,Automatic,Gas,Excellent,4.3,30,449,40,0
4720,Mercedes,C-Class,2023,117866,14001.85,Automatic,Gas,Poor,,6,438,97,0
4721,Nissan,Altima,2011,52043,1500.0,Automatic,Gas,Good,4.0,7,391,69,1
4722,Nissan,Altima,2006,67588,1500.0,Manual,Gas,Good,3.5,26,529,39,1
4723,Chevrolet,Malibu,2010,44490,1500.0,Manual,Gas,Excellent,4.4,30,361,74,0
4724,Hyundai,Elantra,2022,32545,10117.53,Automatic,Gas,Fair,4.9,3,608,86,1
4725,Honda,Civic,2010,21018,1500.0,Automatic,Gas,Good,4.4,3,122,43,0
4726,Hyundai,Elantra,2017,31786,7959.28,Manual,Gas,Fair,4.4,12,498,108,0
4727,Mercedes,C-Class,2023,49298,16021.54,Automatic,Gas,Poor,4.2,6,473,97,0
4728,Mercedes,C-Class,2006,67990,1500.0,Automatic,Gas,Excellent,4.6,15,298,31,1
4729,Honda,Civic,2016,109779,3744.72,Automatic,Hybrid,Excellent,4.1,16,346,70,0
4730,Toyota,Camry,2019,45823,7967.39,Automatic,Gas,Fair,3.9,28,469,100,1
4731,Mercedes,C-Class,2018,35271,12116.32,Automatic,Gas,,4.9,21,537,3,0
4732,Chevrolet,Malibu,2010,25194,1500.0,Automatic,Gas,Good,3.9,7,137,4,1
4733,BMW,X5,2022,79860,22459.5,Automatic,Gas,Good,4.7,13,494,27,0
4734,BMW,X5,2009,137299,1500.0,Automatic,Gas,Good,4.9,28,331,102,1
4735,Ford,F-150,2022,128001,13383.96,Manual,Gas,Good,4.5,10,568,89,0
4736,Ford,F-150,2007,91670,1500.0,Automatic,Gas,Excellent,3.5,3,124,101,1
4737,BMW,X5,2007,87827,1500.0,Automatic,Gas,Good,4.2,7,766,27,0
4738,BMW,X5,2014,165806,4278.39,Automatic,Diesel,Excellent,4.1,32,267,105,0
4739,Nissan,Altima,2023,73075,9422.86,Automatic,Gas,Good,,23,614,100,0
4740,Chevrolet,Malibu,2007,88227,1500.0,Automatic,Hybrid,Poor,4.3,20,389,110,0
4741,Honda,Civic,2016,49391,4464.07,Automatic,Gas,Fair,4.7,15,277,47,1
4742,Ford,F-150,2020,26443,12516.11,Automatic,Gas,Fair,3.9,7,439,60,0
4743,Nissan,Altima,2021,39723,9245.57,Automatic,Gas,Fair,4.1,26,554,36,0
4744,Nissan,Altima,2011,59546,1500.0,Manual,Gas,Good,4.1,28,167,118,0
4745,Honda,Civic,2017,62098,6293.82,Automatic,Gas,Fair,4.9,9,505,46,0
4746,Nissan,Altima,2006,190188,1500.0,Automatic,Gas,Fair,4.0,14,398,61,0
4747,Hyundai,Elantra,2008,62866,1500.0,Automatic,Gas,Fair,3.5,4,486,42,0
4748,Chevrolet,Malibu,2014,121455,1537.29,Automatic,Gas,Good,3.3,15,401,7,0
4749,BMW,X5,2011,46117,1500.0,Automatic,Gas,Excellent,4.4,16,314,30,1
4750,Mercedes,C-Class,2021,49661,22313.11,Automatic,Gas,Excellent,3.7,8,233,50,0
4751,Honda,Civic,2010,26973,1500.0,Automatic,Gas,Excellent,4.6,18,500,116,1
4752,BMW,X5,2023,38353,17633.55,Automatic,Gas,Poor,3.4,12,500,47,0
4753,BMW,X5,2009,82140,1500.0,Automatic,Gas,Good,3.9,31,499,93,0
4754,Toyota,Camry,2014,60146,1500.0,Automatic,Gas,Fair,3.4,29,464,40,0
4755,Hyundai,Elantra,2013,105425,4941.31,Manual,Gas,Good,4.5,13,541,105,1
4756,Honda,Civic,2017,66752,8001.33,Automatic,Gas,Good,4.6,3,610,5,0
4757,Nissan,Altima,2023,48461,11019.08,Automatic,Gas,Excellent,4.4,17,118,70,1
4758,Mercedes,C-Class,2010,217287,1500.0,Manual,Diesel,Excellent,3.5,18,48,58,0
4759,Honda,Civic,2008,56593,1500.0,Automatic,Gas,Good,3.8,12,657,44,1
4760,Nissan,Altima,2007,120306,1500.0,Automatic,Gas,Good,4.3,12,198,71,1
4761,BMW,X5,2007,47064,1500.0,Automatic,Diesel,Excellent,,5,237,103,1
4762,Mercedes,C-Class,2008,91652,1500.0,Automatic,Gas,Fair,4.1,13,356,32,0
4763,Nissan,Altima,2009,104486,1500.0,Automatic,Gas,Good,5.0,13,151,79,0
4764,Chevrolet,Malibu,2012,67852,1500.0,Automatic,Gas,Fair,4.1,18,342,115,1
4765,Nissan,Altima,2020,14578,12005.14,Automatic,Gas,Excellent,3.3,8,257,77,1
4766,Toyota,Camry,2007,60533,1500.0,Automatic,Gas,Good,3.8,32,364,82,0
4767,Hyundai,Elantra,2016,125276,4531.69,Automatic,Gas,Excellent,3.8,11,441,74,0
4768,BMW,X5,2012,82165,1500.0,Automatic,Diesel,Fair,,3,348,40,1
4769,Nissan,Altima,2017,78237,7307.28,Automatic,Gas,Good,5.0,30,340,57,1
4770,Hyundai,Elantra,2008,21303,1500.0,Automatic,Gas,Good,4.6,8,438,11,1
4771,Ford,F-150,2018,38860,8443.51,Automatic,Gas,Fair,4.0,20,556,40,0
4772,Ford,F-150,2018,76635,8669.85,Automatic,Hybrid,Excellent,4.9,27,640,104,1
4773,Hyundai,Elantra,2017,76590,7108.24,Automatic,Gas,Excellent,3.5,15,367,47,1
4774,Hyundai,Elantra,2010,124094,1500.0,Automatic,Gas,Fair,4.8,4,673,2,0
4775,Toyota,Camry,2021,54889,13515.73,Automatic,Gas,Good,4.8,30,531,91,1
4776,Chevrolet,Malibu,2008,76381,1500.0,Automatic,Gas,Excellent,4.1,21,215,52,1
4777,BMW,X5,2012,60465,2440.53,Automatic,Gas,Good,4.9,30,210,118,1
4778,Honda,Civic,2021,33118,13745.21,Automatic,Hybrid,Excellent,3.9,4,313,109,0
4779,Toyota,Camry,2007,15467,1500.0,Manual,Gas,Excellent,3.4,29,616,114,1
4780,Chevrolet,Malibu,2021,77544,11052.67,Manual,Gas,Good,4.8,6,324,108,0
4781,Hyundai,Elantra,2013,66460,1500.0,Manual,Hybrid,Fair,4.1,6,116,72,0
4782,Honda,Civic,2006,41319,1500.0,Manual,Gas,Good,4.6,12,365,49,1
4783,Hyundai,Elantra,2017,22663,7625.69,Automatic,Gas,Good,5.0,19,102,59,0
4784,Hyundai,Elantra,2006,87364,1500.0,Automatic,Gas,Fair,3.8,26,241,38,0
4785,Ford,F-150,2015,51044,6701.59,Automatic,Gas,Good,4.1,18,311,16,1
4786,Ford,F-150,2019,83627,9154.09,Automatic,Gas,Good,5.0,23,422,88,0
4787,Honda,Civic,2015,183217,2346.92,Automatic,Hybrid,Fair,4.6,30,553,87,0
4788,Toyota,Camry,2007,16566,1500.0,Automatic,Gas,Excellent,3.8,10,504,119,1
4789,Ford,F-150,2007,39349,1500.0,Automatic,Gas,Good,3.6,31,223,78,0
4790,BMW,X5,2016,52805,6999.8,Automatic,Gas,Poor,3.9,8,344,27,0
4791,Hyundai,Elantra,2009,143328,1500.0,Automatic,Gas,Poor,3.8,32,411,74,0
4792,Mercedes,C-Class,2011,22430,1500.0,Automatic,Gas,Excellent,4.3,4,360,28,1
4793,Nissan,Altima,2011,191284,1500.0,Manual,Gas,Excellent,4.2,25,359,89,0
4794,Honda,Civic,2017,64959,5292.17,Automatic,Gas,Excellent,4.4,28,141,66,1
4795,Honda,Civic,2013,56522,1980.62,Manual,Gas,Good,3.7,17,227,45,0
4796,Ford,F-150,2017,53165,8997.84,Automatic,Gas,Good,4.2,33,339,33,1
4797,Toyota,Camry,2016,46084,3818.36,Automatic,Gas,Good,3.0,33,0,60,0
4798,Hyundai,Elantra,2017,112293,3967.99,Automatic,Gas,Fair,4.3,27,496,50,0
4799,BMW,X5,2014,31536,9326.69,Automatic,Gas,Good,4.9,25,194,46,1
4800,Toyota,Camry,2005,73662,1500.0,Automatic,Gas,Fair,3.3,13,503,35,0
4801,Chevrolet,Malibu,2012,47547,1500.0,Automatic,Gas,Excellent,4.5,23,489,111,1
4802,Chevrolet,Malibu,2020,37900,14436.19,Automatic,Gas,Excellent,3.8,18,318,41,0
4803,Mercedes,C-Class,2017,282542,9880.69,Manual,Gas,Good,4.7,6,550,58,0
4804,Ford,F-150,2007,76989,1500.0,Automatic,Gas,Excellent,4.3,13,511,77,1
4805,Ford,F-150,2007,86505,1500.0,Automatic,Gas,Good,4.4,16,353,55,1
4806,Ford,F-150,2009,118499,1500.0,Automatic,Gas,Fair,4.2,10,336,5,0
4807,Mercedes,C-Class,2015,25519,11720.12,Automatic,Gas,Excellent,5.0,8,564,5,0
4808,Chevrolet,Malibu,2011,171334,1500.0,Automatic,Gas,Good,4.4,31,434,22,0
4809,Toyota,Camry,2014,13288,3554.58,Automatic,Gas,Good,,34,556,34,1
4810,Mercedes,C-Class,2014,37749,8838.75,Automatic,Gas,Excellent,4.3,23,41,65,1
4811,Mercedes,C-Class,2006,45459,1500.0,Automatic,Gas,Good,4.0,25,414,59,1
4812,Toyota,Camry,2007,84883,1500.0,Automatic,Gas,Fair,4.3,34,163,17,1
4813,Ford,F-150,2012,68270,1500.0,Automatic,Gas,Good,3.9,29,396,51,0
4814,BMW,X5,2015,54171,9424.91,Automatic,Gas,Good,3.8,21,507,49,0
4815,Toyota,Camry,2017,59444,8545.14,Automatic,Gas,Fair,4.3,27,660,9,0
4816,Chevrolet,Malibu,2011,33295,3121.8,Automatic,Gas,Fair,4.2,6,259,74,1
4817,Honda,Civic,2017,24383,7209.91,Automatic,Gas,Excellent,4.8,30,321,15,1
4818,Hyundai,Elantra,2006,92587,1500.0,Automatic,Gas,Good,4.0,6,385,109,0
4819,Honda,Civic,2010,90782,1500.0,Automatic,Gas,Good,3.0,33,253,29,0
4820,Nissan,Altima,2013,154925,1500.0,Automatic,Gas,Good,4.0,26,546,53,0
4821,Nissan,Altima,2006,37271,1500.0,Automatic,Hybrid,Good,3.2,8,389,25,1
4822,Mercedes,C-Class,2022,90734,24214.5,Automatic,Gas,Excellent,4.4,32,418,85,1
4823,Hyundai,Elantra,2020,50502,7845.76,Automatic,Hybrid,Good,3.2,13,493,81,0
4824,Honda,Civic,2016,122306,3022.16,Manual,Gas,Good,3.6,3,389,91,0
4825,BMW,X5,2011,110544,1500.0,Automatic,Gas,Good,4.0,4,277,28,1
4826,Ford,F-150,2011,67963,1500.0,Automatic,Gas,Fair,5.0,11,390,23,0
4827,Chevrolet,Malibu,2021,48838,9520.48,Automatic,Gas,Fair,3.6,18,271,103,1
4828,Nissan,Altima,2017,106570,7902.64,Automatic,Gas,Good,4.2,8,416,100,1
4829,BMW,X5,2015,88268,9405.12,Automatic,Diesel,Good,4.5,25,549,3,0
4830,Chevrolet,Malibu,2010,39709,1500.0,Automatic,Diesel,Good,5.0,29,223,33,1
4831,Chevrolet,Malibu,2018,26992,9741.55,Automatic,Gas,Good,4.7,11,170,71,0
4832,Ford,F-150,2010,50356,1500.0,Automatic,Gas,Poor,4.9,21,407,69,1
4833,Hyundai,Elantra,2010,148634,1500.0,Automatic,Hybrid,Good,4.7,7,284,90,0
4834,Mercedes,C-Class,2006,119120,1500.0,Automatic,Diesel,Excellent,3.5,23,404,17,0
4835,Honda,Civic,2019,30717,8239.58,Automatic,Gas,Good,4.4,12,448,81,0
4836,Ford,F-150,2021,29713,15275.78,Automatic,Gas,Good,4.7,32,78,111,0
4837,BMW,X5,2012,128644,4793.92,Manual,Gas,Good,3.6,9,503,67,0
4838,Mercedes,C-Class,2009,30291,1500.0,Automatic,Gas,Good,3.9,31,224,67,1
4839,BMW,X5,2021,81273,24360.58,Automatic,Gas,Excellent,3.7,4,396,34,1
4840,Mercedes,C-Class,2005,41371,1500.0,Automatic,Gas,Excellent,4.7,22,301,8,1
4841,Hyundai,Elantra,2022,157980,9002.69,Manual,Gas,Good,4.2,29,317,45,0
4842,Nissan,Altima,2019,37712,7835.48,Automatic,Gas,Good,4.0,33,654,60,1
4843,BMW,X5,2009,118897,1500.0,Automatic,Gas,Excellent,,6,447,56,1
4844,Ford,F-150,2011,66897,1500.0,Automatic,Hybrid,Fair,4.2,30,535,70,1
4845,Mercedes,C-Class,2022,69655,21590.7,Automatic,Hybrid,Good,3.9,10,422,101,0
4846,Mercedes,C-Class,2010,18357,1500.0,Automatic,Gas,Fair,4.3,28,493,109,1
4847,Chevrolet,Malibu,2009,15966,1500.0,Automatic,Gas,Excellent,3.5,34,462,22,1
4848,Chevrolet,Malibu,2023,52452,17886.28,Automatic,Gas,Excellent,4.3,5,438,33,1
4849,Toyota,Camry,2014,69434,3155.8,Automatic,Gas,Good,3.9,4,566,50,0
4850,BMW,X5,2019,30481,23147.28,Manual,Gas,,3.5,11,423,71,1
4851,Chevrolet,Malibu,2014,31156,2554.53,Manual,Gas,Fair,3.4,30,742,113,1
4852,Toyota,Camry,2020,83858,13158.2,Automatic,Gas,Excellent,3.5,13,544,104,0
4853,Nissan,Altima,2016,83927,5102.16,Automatic,Gas,,4.1,6,229,83,0
4854,Nissan,Altima,2022,55124,10276.09,Automatic,Gas,Fair,4.3,11,373,112,0
4855,Chevrolet,Malibu,2005,95618,1500.0,Manual,Diesel,Good,4.4,8,459,46,0
4856,BMW,X5,2020,29598,23921.97,Automatic,Gas,Excellent,4.4,3,406,52,1
4857,Mercedes,C-Class,2010,48360,1500.0,Automatic,Gas,Good,3.7,32,503,119,1
4858,Honda,Civic,2007,160930,1500.0,Automatic,Gas,Good,4.8,29,519,74,1
4859,Hyundai,Elantra,2006,62379,1500.0,Automatic,Gas,Excellent,3.9,5,196,87,0
4860,BMW,X5,2006,64588,1500.0,Automatic,Gas,Good,4.5,9,592,66,0
4861,Hyundai,Elantra,2017,238844,2666.36,Automatic,Gas,Fair,4.1,11,325,21,0
4862,Ford,F-150,2013,25858,1500.0,Automatic,Gas,Fair,4.4,10,310,24,1
4863,Nissan,Altima,2020,96554,9811.54,Automatic,Diesel,Excellent,4.1,30,310,48,1
4864,Chevrolet,Malibu,2009,162493,1500.0,Automatic,Gas,Excellent,4.4,23,521,13,0
4865,Chevrolet,Malibu,2011,49270,1500.0,Manual,Gas,Excellent,4.2,30,359,64,1
4866,Hyundai,Elantra,2017,100285,7679.17,Automatic,Gas,Good,4.7,15,300,5,0
4867,Mercedes,C-Class,2017,33216,15292.23,Automatic,Gas,Good,3.7,26,336,18,0
4868,Hyundai,Elantra,2011,39654,1500.0,Manual,Gas,Fair,3.1,20,130,116,0
4869,Ford,F-150,2014,75431,2027.98,Automatic,Hybrid,Good,3.6,21,273,75,0
4870,Mercedes,C-Class,2019,96677,17394.27,Automatic,Gas,Excellent,4.8,26,214,37,1
4871,Ford,F-150,2010,117308,1500.0,Automatic,Gas,Good,4.1,11,359,54,0
4872,Honda,Civic,2009,153549,1500.0,Automatic,Diesel,Excellent,4.3,28,499,32,0
4873,Nissan,Altima,2006,57499,1500.0,Automatic,Gas,Excellent,3.6,26,483,28,0
4874,Chevrolet,Malibu,2019,122536,7607.51,Automatic,Gas,Excellent,4.2,22,588,86,0
4875,Chevrolet,Malibu,2020,48757,14548.67,Automatic,Gas,Excellent,3.6,31,555,45,0
4876,Honda,Civic,2023,102873,14554.64,Automatic,Gas,Good,3.7,8,320,28,0
4877,Toyota,Camry,2013,67811,1500.0,Automatic,Gas,Good,4.0,29,402,65,1
4878,Nissan,Altima,2023,78229,11568.1,Automatic,Gas,Excellent,4.5,23,395,70,0
4879,Mercedes,C-Class,2011,77196,1500.0,Automatic,Gas,Poor,4.5,14,77,75,0
4880,Honda,Civic,2008,22860,1500.0,Manual,Gas,Good,4.5,33,217,42,1
4881,Mercedes,C-Class,2007,30501,1500.0,Automatic,Gas,Excellent,3.2,6,374,33,0
4882,Hyundai,Elantra,2015,63673,2523.19,Automatic,Gas,Excellent,4.2,11,374,16,1
4883,BMW,X5,2005,21755,1500.0,Automatic,Gas,Good,,12,476,13,1
4884,Chevrolet,Malibu,2010,98590,1500.0,Automatic,Hybrid,Poor,3.3,5,469,21,0
4885,Mercedes,C-Class,2015,101005,7831.37,Automatic,Gas,Good,4.2,19,134,59,1
4886,Ford,F-150,2005,72860,1500.0,Automatic,Gas,Fair,4.0,31,477,112,1
4887,Mercedes,C-Class,2011,30556,1620.05,Automatic,Gas,Good,4.5,9,426,47,1
4888,BMW,X5,2010,137047,1500.0,Automatic,Gas,Good,4.2,28,493,39,1
4889,Nissan,Altima,2018,203277,5067.56,Automatic,Gas,Good,3.9,10,560,110,0
4890,Chevrolet,Malibu,2006,65397,1500.0,Automatic,Diesel,Good,4.8,13,378,88,1
4891,Hyundai,Elantra,2008,81334,1500.0,Automatic,Gas,Good,2.9,15,586,43,0
4892,Honda,Civic,2015,67578,2105.72,Automatic,Diesel,Fair,4.2,5,266,27,0
4893,Hyundai,Elantra,2019,82307,7536.63,Automatic,Hybrid,Excellent,,21,258,109,0
4894,BMW,X5,2022,55729,26736.57,Automatic,Gas,Good,3.7,16,464,37,1
4895,Chevrolet,Malibu,2005,58645,1500.0,Automatic,Gas,Good,4.5,24,344,114,1
4896,Mercedes,C-Class,2007,103097,1500.0,Automatic,Gas,Good,3.4,18,439,3,0
4897,Nissan,Altima,2007,244598,1500.0,Manual,Gas,Excellent,3.3,17,698,76,0
4898,Toyota,Camry,2011,25847,1500.0,Automatic,Gas,Good,5.0,4,459,7,1
4899,Nissan,Altima,2005,56258,1500.0,Automatic,Diesel,Good,3.4,8,431,58,1
4900,Toyota,Camry,2015,29487,3874.88,Automatic,Gas,Good,5.0,23,269,20,1
4901,Ford,F-150,2010,155626,1500.0,Manual,Gas,Fair,4.1,32,145,79,0
4902,Nissan,Altima,2007,42081,1500.0,Automatic,Gas,Good,3.9,9,389,65,1
4903,Chevrolet,Malibu,2023,25186,14815.76,Automatic,Hybrid,Good,4.5,33,560,115,1
4904,Toyota,Camry,2006,87808,1500.0,Automatic,Gas,Poor,5.0,11,351,74,0
4905,Honda,Civic,2022,170516,4703.04,Automatic,Hybrid,Fair,3.5,11,460,14,0
4906,Chevrolet,Malibu,2016,89157,7835.77,Automatic,Hybrid,Excellent,3.9,19,613,79,1
4907,Honda,Civic,2014,67702,4086.62,Automatic,Gas,Excellent,4.7,25,610,98,0
4908,Nissan,Altima,2009,76533,1500.0,Automatic,Gas,Good,4.4,5,464,49,0
4909,Honda,Civic,2013,139930,1500.0,Manual,Gas,Good,4.9,6,425,89,0
4910,Toyota,Camry,2006,35435,1500.0,Automatic,Gas,,4.5,4,172,95,0
4911,Chevrolet,Malibu,2006,55987,1500.0,Automatic,Gas,Fair,5.0,3,305,74,1
4912,Mercedes,C-Class,2010,45632,1500.0,Manual,Gas,Fair,4.3,12,357,37,1
4913,BMW,X5,2014,29711,11550.95,Automatic,Gas,Excellent,4.3,32,272,6,1
4914,Toyota,Camry,2022,49166,12972.94,Automatic,Gas,Good,4.4,34,437,6,1
4915,Toyota,Camry,2016,116381,6179.08,Automatic,Gas,Excellent,4.1,5,686,28,0
4916,Mercedes,C-Class,2008,84116,1500.0,Automatic,Gas,Excellent,4.7,12,627,102,0
4917,Chevrolet,Malibu,2021,88131,12260.11,Automatic,Gas,Good,4.3,11,436,78,0
4918,Chevrolet,Malibu,2019,65374,10472.71,Automatic,Diesel,Excellent,4.7,19,516,13,1
4919,Hyundai,Elantra,2010,81960,1500.0,Manual,Gas,Good,4.8,17,290,13,1
4920,Nissan,Altima,2020,37036,10967.31,Automatic,Gas,Good,4.5,5,619,10,1
4921,Honda,Civic,2021,49726,9299.79,Automatic,Gas,Fair,4.5,29,165,80,1
4922,Nissan,Altima,2007,67184,1500.0,Automatic,Hybrid,Excellent,3.6,23,536,39,1
4923,Mercedes,C-Class,2014,70721,5957.99,Automatic,Gas,Fair,3.9,5,474,99,0
4924,Nissan,Altima,2009,72555,1500.0,Automatic,Gas,Poor,4.7,6,286,79,0
4925,Mercedes,C-Class,2018,55105,12919.91,Automatic,Gas,Fair,5.0,6,368,23,1
4926,Chevrolet,Malibu,2017,47741,7353.42,Automatic,Gas,Fair,3.0,19,229,37,0
4927,Honda,Civic,2010,398181,1500.0,Automatic,Diesel,Good,3.9,34,236,8,0
4928,Nissan,Altima,2016,103163,5630.2,Automatic,Gas,Good,4.2,8,161,90,0
4929,Toyota,Camry,2012,76717,1500.0,Automatic,Gas,Good,3.7,13,515,60,0
4930,Ford,F-150,2009,52055,1500.0,Automatic,Gas,Good,3.7,14,580,86,0
4931,Hyundai,Elantra,2019,45673,10466.34,Automatic,Gas,Good,4.5,25,75,5,0
4932,BMW,X5,2020,55354,15416.88,Automatic,Gas,Fair,5.0,30,675,98,0
4933,Toyota,Camry,2005,71374,1500.0,Automatic,Gas,Good,3.0,9,398,27,0
4934,Chevrolet,Malibu,2020,19374,12504.25,Manual,Gas,Excellent,4.1,15,443,19,1
4935,BMW,X5,2009,23350,1500.0,Automatic,Gas,Good,4.5,8,179,43,0
4936,Ford,F-150,2007,40858,1500.0,Manual,Gas,Excellent,4.7,25,598,43,1
4937,Ford,F-150,2019,67797,8884.17,Automatic,Diesel,Good,4.4,32,430,35,1
4938,Honda,Civic,2017,51866,5694.14,Manual,Gas,Excellent,5.0,5,570,109,1
4939,BMW,X5,2020,145346,18696.62,Automatic,Gas,Good,4.2,23,583,84,0
4940,Honda,Civic,2015,24601,1631.97,Automatic,Gas,Fair,5.0,16,600,115,1
4941,Toyota,Camry,2006,38146,1500.0,Automatic,Gas,Good,3.8,34,302,55,0
4942,Mercedes,C-Class,2010,149052,1500.0,Automatic,Hybrid,Excellent,4.2,16,368,61,0
4943,Mercedes,C-Class,2010,64774,1500.0,Automatic,Gas,Good,3.5,25,308,47,0
4944,Mercedes,C-Class,2018,101814,14009.28,Automatic,Diesel,Excellent,4.7,12,534,102,0
4945,BMW,X5,2015,204996,5293.63,Automatic,Gas,Good,4.1,7,449,77,0
4946,Mercedes,C-Class,2012,39486,1557.19,Automatic,Diesel,Good,4.4,32,560,56,1
4947,Toyota,Camry,2012,56410,1500.0,Manual,Gas,Fair,4.0,28,566,82,1
4948,Honda,Civic,2005,50845,1500.0,Automatic,Gas,Excellent,4.6,4,140,18,0
4949,BMW,X5,2011,18531,1500.0,Automatic,Gas,Good,4.4,34,602,65,0
4950,Honda,Civic,2010,49700,1500.0,Automatic,Gas,Fair,3.6,8,542,96,1
4951,BMW,X5,2012,101583,1500.0,Automatic,Gas,Poor,3.6,25,344,53,0
4952,Honda,Civic,2023,82814,17641.22,Automatic,Hybrid,Excellent,4.2,13,452,119,0
4953,Ford,F-150,2012,86807,1500.0,Automatic,Gas,Good,4.6,20,381,89,1
4954,Honda,Civic,2018,47795,9520.96,Automatic,Gas,Excellent,5.0,28,492,85,1
4955,Mercedes,C-Class,2022,40390,27737.85,Manual,Diesel,Good,4.4,26,344,91,1
4956,Ford,F-150,2020,128226,9064.59,Automatic,Gas,Excellent,4.8,23,471,11,0
4957,Honda,Civic,2013,44427,1500.0,Automatic,Gas,,3.2,13,410,112,0
4958,BMW,X5,2019,71428,16760.48,Automatic,Gas,Excellent,5.0,26,335,1,1
4959,BMW,X5,2014,66039,4223.07,Automatic,Gas,Good,4.6,17,428,83,1
4960,Hyundai,Elantra,2020,143922,8140.19,Automatic,Diesel,,,5,805,96,0
4961,BMW,X5,2008,107242,1500.0,Automatic,Diesel,Poor,4.1,4,297,8,0
4962,Chevrolet,Malibu,2017,27524,6509.19,Automatic,Gas,Good,3.5,9,362,19,1
4963,Toyota,Camry,2009,29362,1500.0,Automatic,Gas,Excellent,3.7,7,299,55,1
4964,BMW,X5,2011,84740,1500.0,Automatic,Gas,Excellent,5.0,23,315,16,1
4965,Ford,F-150,2013,57606,2266.27,Manual,Hybrid,Excellent,3.6,15,522,99,1
4966,Hyundai,Elantra,2012,45565,1500.0,Automatic,Gas,Fair,3.6,10,507,66,0
4967,BMW,X5,2020,110125,16973.51,Automatic,Gas,Good,3.8,31,399,12,0
4968,Chevrolet,Malibu,2010,67001,1500.0,Automatic,Gas,Good,3.5,11,553,93,0
4969,Mercedes,C-Class,2020,61788,21634.57,Automatic,Gas,Excellent,4.2,33,519,74,1
4970,Ford,F-150,2010,95597,1500.0,Automatic,Gas,Fair,4.9,34,375,62,1
4971,Chevrolet,Malibu,2018,47807,7431.43,Automatic,Diesel,Good,3.8,32,169,86,0
4972,Mercedes,C-Class,2005,153447,1500.0,Automatic,Gas,Poor,3.4,10,524,98,0
4973,Nissan,Altima,2013,37315,1500.0,Automatic,Diesel,Good,4.4,34,425,58,1
4974,Nissan,Altima,2017,88801,7424.35,Automatic,Gas,Good,4.2,12,403,21,0
4975,Ford,F-150,2023,141534,14285.34,Automatic,Diesel,Good,4.8,4,330,37,0
4976,Honda,Civic,2021,26202,14633.61,Automatic,Gas,Excellent,3.9,12,511,5,1
4977,Toyota,Camry,2015,48727,6352.58,Manual,Gas,Good,4.0,13,452,70,0
4978,Hyundai,Elantra,2012,118815,1500.0,Automatic,Gas,Good,4.1,25,364,32,0
4979,Toyota,Camry,2009,119892,1500.0,Automatic,Gas,Excellent,4.3,13,216,67,0
4980,Chevrolet,Malibu,2014,54019,1500.0,Automatic,Hybrid,Excellent,4.0,7,560,10,0
4981,Mercedes,C-Class,2011,38530,1500.0,Automatic,Gas,Excellent,3.9,16,490,69,1
4982,Toyota,Camry,2014,106251,1500.0,Automatic,Gas,Fair,3.1,25,438,88,0
4983,Mercedes,C-Class,2008,121799,1500.0,Automatic,Diesel,Excellent,3.9,5,1,84,0
4984,Mercedes,C-Class,2013,29768,1500.0,Automatic,Diesel,Good,4.6,22,394,62,1
4985,Chevrolet,Malibu,2018,29075,9892.06,Automatic,Gas,Excellent,4.7,25,363,37,1
4986,Chevrolet,Malibu,2006,68538,1500.0,Automatic,Hybrid,Good,3.9,4,307,95,0
4987,Chevrolet,Malibu,2013,87344,1500.0,Automatic,Gas,Good,5.0,20,513,47,1
4988,Toyota,Camry,2005,50039,1500.0,Automatic,Gas,Fair,4.2,3,507,81,0
4989,Nissan,Altima,2014,90001,4849.99,Automatic,Gas,Excellent,3.4,3,465,49,1
4990,Chevrolet,Malibu,2014,39101,1859.89,Automatic,Gas,Good,3.2,30,555,24,0
4991,Hyundai,Elantra,2007,16834,1500.0,Automatic,Gas,Good,4.9,19,246,82,1
4992,Toyota,Camry,2010,46428,1500.0,Automatic,Gas,Poor,4.0,8,331,26,0
4993,Chevrolet,Malibu,2010,62189,1500.0,Automatic,Gas,Excellent,3.5,15,411,106,0
4994,BMW,X5,2006,50741,1500.0,Automatic,Diesel,Excellent,2.8,23,306,55,1
4995,Mercedes,C-Class,2022,29876,23008.65,Automatic,Gas,Good,4.0,33,509,7,1
4996,Hyundai,Elantra,2006,20142,1500.0,Manual,Hybrid,Excellent,4.4,28,321,107,1
4997,Chevrolet,Malibu,2016,43982,8171.04,Manual,Gas,Excellent,,26,594,78,1
4998,Ford,F-150,2009,102600,1500.0,Automatic,Gas,Good,3.6,23,260,41,0
4999,Mercedes,C-Class,2011,127225,2231.78,Manual,Gas,Good,3.9,3,719,113,0
5000,Mercedes,C-Class,2020,122103,18935.45,Automatic,Gas,Good,4.9,30,704,2,0
5001,Chevrolet,Malibu,2005,36697,1500.0,Automatic,Diesel,Good,3.4,26,385,30,0
5002,Nissan,Altima,2005,29964,1500.0,Manual,Gas,Good,3.8,8,571,113,0
5003,Honda,Civic,2021,80658,11979.31,Automatic,Gas,Good,,10,339,81,0
5004,Nissan,Altima,2005,87645,1500.0,Automatic,Hybrid,Good,4.5,15,551,20,1
5005,Chevrolet,Malibu,2017,76122,6923.13,Automatic,Gas,Good,,4,373,56,1
5006,Mercedes,C-Class,2013,17882,7224.11,Automatic,Gas,Excellent,3.8,28,207,74,1
5007,Hyundai,Elantra,2019,35591,10694.34,Automatic,Gas,Excellent,4.2,10,0,24,1
5008,Ford,F-150,2007,58817,1500.0,Automatic,Diesel,Good,3.9,24,359,108,0
5009,Hyundai,Elantra,2018,80204,6405.41,Automatic,Diesel,Good,3.7,3,441,12,0
5010,Hyundai,Elantra,2015,94881,2936.57,Automatic,Gas,Fair,3.6,15,599,91,1
5011,Mercedes,C-Class,2016,65287,10829.35,Automatic,Gas,Good,4.7,3,405,15,0
5012,Nissan,Altima,2017,73018,7645.42,Manual,Diesel,Excellent,4.2,12,550,73,1
5013,Ford,F-150,2017,63001,8829.04,Automatic,Gas,Excellent,4.4,30,331,82,1
5014,Toyota,Camry,2005,90343,1500.0,Automatic,Diesel,Excellent,4.3,7,349,48,0
5015,BMW,X5,2014,72237,4766.53,Automatic,Gas,Good,4.5,25,558,61,0
5016,Mercedes,C-Class,2007,62282,1500.0,Automatic,Hybrid,Good,4.0,22,30,71,0
5017,Chevrolet,Malibu,2008,50969,1500.0,Automatic,Gas,Good,3.9,32,401,28,1
5018,Toyota,Camry,2020,62866,11255.14,Automatic,Gas,Good,3.7,15,340,110,1
5019,BMW,X5,2012,80077,1500.0,Automatic,Gas,Fair,3.4,28,604,100,1
5020,Chevrolet,Malibu,2020,70297,4322.93,Manual,Gas,Poor,3.5,7,320,3,0
5021,Hyundai,Elantra,2021,75244,11494.87,Automatic,Diesel,Good,4.0,12,477,108,1
5022,Honda,Civic,2023,134005,9272.0,Automatic,Gas,Fair,3.2,5,538,16,0
5023,Chevrolet,Malibu,2019,70199,10427.16,Automatic,Diesel,Good,3.4,4,176,36,1
5024,Ford,F-150,2020,40562,11469.58,Automatic,Gas,Fair,4.8,4,379,4,0
5025,Ford,F-150,2019,101738,11309.94,Automatic,Gas,Fair,4.3,32,335,99,0
5026,Honda,Civic,2006,26377,1500.0,Automatic,Gas,Poor,3.9,7,541,9,0
5027,Toyota,Camry,2015,31293,7256.03,Automatic,Gas,Good,5.0,6,501,110,1
5028,BMW,X5,2005,73240,1500.0,Automatic,Gas,Fair,3.2,4,365,12,0
5029,Chevrolet,Malibu,2019,81620,9357.13,Automatic,Gas,Good,4.8,34,242,74,1
5030,Ford,F-150,2023,28366,18837.43,Automatic,Gas,Excellent,4.1,23,555,110,1
5031,Toyota,Camry,2008,47586,1500.0,Manual,Gas,Good,4.7,28,389,44,1
5032,Honda,Civic,2015,41620,4581.1,Automatic,Diesel,Fair,4.3,11,157,108,0
5033,Nissan,Altima,2009,44711,1500.0,Automatic,Gas,Excellent,3.1,26,170,66,1
5034,Mercedes,C-Class,2007,105467,1500.0,Automatic,Gas,Good,4.3,11,465,19,0
5035,Nissan,Altima,2017,91482,6414.25,Automatic,Gas,Good,4.4,11,208,13,0
5036,Nissan,Altima,2014,59191,2487.83,Automatic,Hybrid,Good,2.9,26,678,106,0
5037,Ford,F-150,2015,43149,3457.69,Automatic,Gas,Fair,5.0,27,259,55,0
5038,Hyundai,Elantra,2022,26641,8952.92,Automatic,Gas,Fair,4.4,6,399,117,1
5039,Hyundai,Elantra,2006,140380,1500.0,Automatic,Gas,Good,4.6,10,423,97,0
5040,Honda,Civic,2011,85414,1500.0,Manual,Gas,Excellent,3.5,32,290,65,1
5041,Chevrolet,Malibu,2013,39183,1760.87,Automatic,Gas,Good,4.6,20,64,92,1
5042,Hyundai,Elantra,2014,92204,1500.0,Automatic,Hybrid,Good,4.9,11,428,104,1
5043,Nissan,Altima,2022,57403,11760.78,Automatic,Gas,Good,4.4,31,287,70,0
5044,Hyundai,Elantra,2011,50399,1500.0,Manual,Gas,Excellent,4.2,27,417,116,1
5045,Nissan,Altima,2011,77740,1500.0,Automatic,Gas,Good,3.7,29,381,3,0
5046,BMW,X5,2007,38372,1500.0,Automatic,Diesel,Good,4.1,5,439,109,1
5047,Ford,F-150,2016,48715,6102.35,Automatic,Gas,Good,3.9,8,634,25,0
5048,Ford,F-150,2011,64400,1500.0,Automatic,Gas,Good,4.5,30,318,108,1
5049,Chevrolet,Malibu,2021,44370,13416.27,Automatic,Gas,Good,3.7,25,329,52,0
5050,Hyundai,Elantra,2005,89451,1500.0,Automatic,Gas,Excellent,4.5,21,150,16,1
5051,Hyundai,Elantra,2009,183769,1500.0,Automatic,Gas,Poor,3.7,34,370,43,0
5052,Mercedes,C-Class,2020,38079,20551.96,Automatic,Gas,Good,4.0,7,461,56,0
5053,Toyota,Camry,2019,22046,11973.9,Automatic,Gas,Excellent,4.6,19,327,68,1
5054,BMW,X5,2006,18014,1500.0,Automatic,Gas,Good,3.8,29,462,8,0
5055,Ford,F-150,2013,54705,4004.9,Automatic,Gas,Fair,4.6,21,373,103,0
5056,BMW,X5,2011,40219,1500.0,Automatic,Gas,Fair,4.5,30,204,80,1
5057,Ford,F-150,2008,67827,1500.0,Automatic,Diesel,Good,4.0,26,446,44,0
5058,BMW,X5,2022,64832,31257.18,Automatic,Gas,Excellent,4.9,5,369,38,1
5059,Honda,Civic,2008,22881,1500.0,Manual,Gas,Good,,10,418,23,1
5060,Nissan,Altima,2017,20152,2529.9,Automatic,Gas,Fair,4.9,11,314,6,1
5061,Ford,F-150,2005,71507,1500.0,Manual,Gas,Good,5.0,24,301,43,0
5062,BMW,X5,2007,64942,1500.0,Manual,Hybrid,Fair,4.1,25,423,44,0
5063,Hyundai,Elantra,2020,46374,9173.77,Automatic,Hybrid,Excellent,4.6,24,365,80,1
5064,Toyota,Camry,2008,22152,1500.0,Manual,Gas,Excellent,3.8,10,658,118,0
5065,Honda,Civic,2020,79446,6666.19,Automatic,Gas,Fair,3.6,16,519,80,1
5066,Honda,Civic,2023,128430,12458.92,Automatic,Gas,Good,4.1,25,481,23,0
5067,Toyota,Camry,2005,70741,1500.0,Automatic,Diesel,Excellent,3.4,34,373,16,0
5068,BMW,X5,2009,36008,1500.0,Automatic,Gas,Good,3.6,12,96,100,0
5069,Hyundai,Elantra,2023,61496,10638.75,Automatic,Gas,Fair,4.6,19,278,76,0
5070,Chevrolet,Malibu,2015,26379,1500.0,Automatic,Gas,Excellent,3.9,5,302,101,1
5071,Toyota,Camry,2017,112958,6693.8,Automatic,Hybrid,,4.6,5,358,9,1
5072,BMW,X5,2009,62887,1500.0,Automatic,Gas,Excellent,4.4,33,394,82,1
5073,Toyota,Camry,2008,20725,1500.0,Automatic,Gas,Fair,5.0,5,498,9,1
5074,Toyota,Camry,2008,49990,1500.0,Automatic,Gas,Fair,4.5,6,440,112,0
5075,Ford,F-150,2008,79061,1500.0,Automatic,Gas,Good,4.9,31,573,85,1
5076,BMW,X5,2008,49029,1500.0,Manual,Gas,Good,4.4,19,353,58,1
5077,Chevrolet,Malibu,2022,50739,13968.81,Automatic,Hybrid,Good,4.4,16,438,65,1
5078,Nissan,Altima,2022,28720,16022.55,Automatic,Diesel,Excellent,,29,451,59,1
5079,Ford,F-150,2020,84113,10210.42,Manual,Gas,Fair,4.6,33,436,23,0
5080,Toyota,Camry,2013,40575,1500.0,Automatic,Diesel,Excellent,4.3,4,592,69,1
5081,Nissan,Altima,2022,16417,13437.93,Automatic,Gas,Good,4.3,14,520,19,1
5082,Mercedes,C-Class,2006,47917,1500.0,Automatic,Gas,Good,4.5,7,202,35,0
5083,Nissan,Altima,2008,107870,1500.0,Automatic,Hybrid,Excellent,3.8,29,382,97,0
5084,Toyota,Camry,2016,47469,5757.48,Manual,Gas,Good,3.8,24,397,55,1
5085,Toyota,Camry,2011,169870,1500.0,Automatic,Gas,Good,5.0,27,722,110,1
5086,Hyundai,Elantra,2019,77449,7709.14,Automatic,Hybrid,Good,5.0,4,350,82,0
5087,BMW,X5,2011,73368,1500.0,Automatic,Gas,Excellent,3.6,32,252,40,0
5088,BMW,X5,2021,55434,24911.89,Automatic,Gas,,3.8,14,465,14,1
5089,Ford,F-150,2020,57470,14093.18,Automatic,Hybrid,Good,4.9,11,474,84,0
5090,Chevrolet,Malibu,2023,51120,12447.57,Manual,Gas,Poor,4.5,25,388,116,0
5091,Ford,F-150,2013,49943,5196.57,Manual,Gas,Excellent,4.6,11,366,13,0
5092,Honda,Civic,2018,82332,2764.18,Automatic,Gas,Poor,4.7,22,542,53,0
5093,Toyota,Camry,2021,34149,10184.35,Automatic,Gas,Good,4.1,25,271,80,1
5094,Nissan,Altima,2009,31396,1500.0,Automatic,Gas,Fair,4.4,3,348,105,0
5095,Mercedes,C-Class,2006,30518,1500.0,Automatic,Gas,Excellent,4.4,26,321,95,1
5096,Toyota,Camry,2020,204309,5964.21,Automatic,Gas,Good,3.7,9,564,39,0
5097,Toyota,Camry,2018,82306,11772.87,Automatic,Gas,Excellent,4.4,25,442,99,1
5098,Ford,F-150,2018,71875,14427.57,Manual,Gas,Good,4.9,20,240,84,1
5099,Mercedes,C-Class,2005,31745,1500.0,Automatic,Gas,Poor,4.0,12,255,65,0
5100,Mercedes,C-Class,2007,87029,1500.0,Automatic,Diesel,Excellent,4.3,34,681,56,1
5101,Mercedes,C-Class,2011,55829,1500.0,Automatic,Gas,Good,4.3,17,562,40,0
5102,Ford,F-150,2019,68084,11305.22,Automatic,Diesel,Excellent,4.0,11,526,46,0
5103,Toyota,Camry,2023,33323,17140.46,Automatic,Gas,Good,4.6,13,401,77,0
5104,Ford,F-150,2006,65917,1500.0,Automatic,Gas,Excellent,3.8,26,626,7,1
5105,BMW,X5,2023,46429,33379.25,Automatic,Gas,Excellent,5.0,3,234,45,0
5106,BMW,X5,2013,37821,5860.84,Automatic,Gas,Good,4.6,13,512,22,0
5107,Ford,F-150,2023,93010,13686.72,Automatic,Gas,Fair,3.6,3,333,7,0
5108,Mercedes,C-Class,2009,23798,1500.0,Automatic,Gas,Excellent,5.0,32,362,84,1
5109,Hyundai,Elantra,2022,84024,12306.78,Automatic,Hybrid,Excellent,4.3,7,508,52,1
5110,Toyota,Camry,2020,90281,10874.05,Automatic,Gas,Excellent,3.8,20,378,101,0
5111,Ford,F-150,2008,35320,1500.0,Automatic,Hybrid,Poor,4.9,3,334,100,0
5112,Ford,F-150,2016,36599,6098.41,Manual,Gas,Good,4.5,12,325,68,1
5113,Ford,F-150,2011,52374,1500.0,Automatic,Gas,Good,3.1,30,102,70,0
5114,Hyundai,Elantra,2018,70913,7447.48,Automatic,Gas,Good,3.9,15,514,110,1
5115,Hyundai,Elantra,2016,54627,6555.01,Manual,Gas,Excellent,4.4,29,249,67,1
5116,Honda,Civic,2007,77663,1500.0,Automatic,Diesel,Good,2.9,10,678,3,0
5117,BMW,X5,2009,172437,1500.0,Automatic,Gas,Excellent,4.3,30,356,58,0
5118,Nissan,Altima,2021,44150,11610.48,Automatic,Gas,Good,4.3,15,596,67,0
5119,Mercedes,C-Class,2014,21394,7745.96,Automatic,Gas,Good,3.5,22,128,100,1
5120,Chevrolet,Malibu,2014,98277,1876.07,Manual,Gas,Good,4.4,4,509,54,1
5121,Hyundai,Elantra,2015,164388,3341.68,Automatic,Diesel,Excellent,4.2,32,548,9,0
5122,Nissan,Altima,2021,75785,13080.12,Automatic,Gas,Excellent,3.5,23,595,54,0
5123,Hyundai,Elantra,2009,31174,1500.0,Automatic,Gas,Fair,4.8,14,170,80,0
5124,Mercedes,C-Class,2017,55584,12735.79,Automatic,Gas,Good,4.7,29,294,51,0
5125,Chevrolet,Malibu,2014,30603,4742.71,Automatic,Hybrid,Excellent,4.0,31,486,16,1
5126,Honda,Civic,2013,88054,1500.0,Automatic,Gas,Excellent,4.1,15,422,12,0
5127,Ford,F-150,2021,26614,13690.58,Automatic,Gas,Fair,4.6,30,444,102,1
5128,Honda,Civic,2005,50007,1500.0,Automatic,Gas,Fair,4.1,24,345,20,1
5129,Hyundai,Elantra,2008,32774,1500.0,Manual,Hybrid,Poor,,10,632,53,1
5130,Honda,Civic,2008,64608,1500.0,Automatic,Gas,Excellent,4.5,17,791,31,0
5131,Nissan,Altima,2022,48059,12676.72,Automatic,Gas,Good,3.7,33,415,94,1
5132,Toyota,Camry,2013,66573,1998.48,Automatic,Gas,Excellent,4.0,9,468,21,1
5133,Hyundai,Elantra,2022,60682,10814.94,Manual,Gas,Good,5.0,9,408,3,0
5134,Hyundai,Elantra,2018,33123,9163.79,Automatic,Gas,Excellent,4.1,19,592,21,1
5135,Nissan,Altima,2019,87214,11090.92,Automatic,Gas,Excellent,4.2,21,524,92,1
5136,BMW,X5,2010,58147,1500.0,Automatic,Gas,Excellent,4.5,5,240,28,1
5137,Chevrolet,Malibu,2014,33086,2748.28,Automatic,Gas,Good,4.5,9,308,5,1
5138,Ford,F-150,2019,229706,5709.66,Automatic,Gas,Good,3.6,14,248,71,0
5139,Nissan,Altima,2008,79686,1500.0,Automatic,Gas,Good,4.2,16,804,69,1
5140,Chevrolet,Malibu,2022,54613,14649.82,Automatic,Hybrid,Fair,,4,495,73,0
5141,Mercedes,C-Class,2022,139961,22403.59,Automatic,Diesel,Good,4.4,28,310,47,0
5142,Chevrolet,Malibu,2021,180789,10657.58,Automatic,Gas,Good,4.4,9,298,85,0
5143,Mercedes,C-Class,2016,54873,8260.95,Manual,Gas,Poor,5.0,18,520,20,0
5144,Nissan,Altima,2011,73750,1500.0,Manual,Diesel,,3.5,11,535,38,0
5145,Hyundai,Elantra,2020,33097,12045.84,Automatic,Gas,Excellent,4.8,34,519,104,1
5146,Hyundai,Elantra,2015,54813,3940.34,Automatic,Gas,Poor,4.9,3,336,116,0
5147,BMW,X5,2018,53133,17761.98,Automatic,Hybrid,Excellent,4.5,14,445,37,1
5148,Nissan,Altima,2007,66896,1500.0,Manual,Gas,Good,3.8,32,416,58,1
5149,Mercedes,C-Class,2023,73105,23751.48,Automatic,Gas,Good,5.0,4,259,17,1
5150,Chevrolet,Malibu,2022,83775,13897.83,Manual,Gas,Good,2.9,29,261,42,0
5151,Chevrolet,Malibu,2014,69049,2547.94,Automatic,Gas,Good,3.8,24,461,92,1
5152,Mercedes,C-Class,2010,28956,1500.0,Automatic,Gas,Excellent,4.9,20,429,95,1
5153,Honda,Civic,2017,34095,6557.99,Automatic,Hybrid,Good,4.0,16,483,97,0
5154,BMW,X5,2014,43137,3452.82,Automatic,Gas,Fair,5.0,14,518,32,0
5155,Toyota,Camry,2022,50546,17605.25,Manual,Gas,Excellent,3.3,20,624,62,0
5156,Hyundai,Elantra,2020,112472,6322.33,Automatic,Diesel,Good,3.5,7,283,96,0
5157,Ford,F-150,2010,29799,1500.0,Automatic,Gas,Excellent,3.9,9,494,112,1
5158,Chevrolet,Malibu,2017,48317,6030.9,Automatic,Gas,Fair,4.5,6,512,87,0
5159,Ford,F-150,2008,106064,1500.0,Automatic,Gas,Good,4.1,15,353,21,0
5160,Toyota,Camry,2018,50014,4384.17,Automatic,Diesel,Fair,3.9,18,418,89,0
5161,Nissan,Altima,2005,78924,1500.0,Automatic,Gas,Excellent,5.0,24,357,33,1
5162,Ford,F-150,2009,55065,1500.0,Manual,Gas,Excellent,5.0,30,716,67,1
5163,Toyota,Camry,2012,69847,3968.15,Automatic,Gas,Excellent,4.0,18,415,6,0
5164,Hyundai,Elantra,2016,52204,5755.46,Automatic,Gas,Excellent,3.2,21,467,113,1
5165,Mercedes,C-Class,2006,89343,1500.0,Automatic,Gas,Good,2.9,6,360,92,0
5166,Honda,Civic,2016,23693,2112.71,Automatic,Gas,Poor,,22,328,118,1
5167,Hyundai,Elantra,2009,48146,1500.0,Automatic,Gas,Good,4.6,33,204,66,1
5168,Chevrolet,Malibu,2009,71535,1500.0,Automatic,Gas,Poor,4.2,22,564,32,0
5169,Toyota,Camry,2017,82472,5300.97,Automatic,Gas,Excellent,4.2,30,515,64,0
5170,Ford,F-150,2013,146645,2725.83,Automatic,Gas,Fair,3.7,3,354,26,0
5171,Chevrolet,Malibu,2014,47352,3142.21,Automatic,Gas,Excellent,4.6,15,264,62,1
5172,Honda,Civic,2005,145464,1500.0,Automatic,Hybrid,Fair,5.0,22,426,5,0
5173,Mercedes,C-Class,2007,40319,1500.0,Manual,Diesel,Excellent,2.9,22,325,11,1
5174,Nissan,Altima,2022,132878,8390.27,Automatic,Hybrid,Fair,4.2,24,366,74,0
5175,Chevrolet,Malibu,2016,97780,4584.75,Automatic,Gas,Excellent,3.6,11,210,79,0
5176,Nissan,Altima,2007,34610,1500.0,Automatic,Gas,Good,3.3,12,432,82,1
5177,Toyota,Camry,2013,71985,2502.41,Automatic,Gas,Good,,34,435,49,0
5178,Honda,Civic,2006,58061,1500.0,Automatic,Gas,Good,4.4,8,564,78,1
5179,Ford,F-150,2007,87146,1500.0,Automatic,Gas,Good,4.4,24,377,92,0
5180,Honda,Civic,2018,52367,6060.64,Automatic,Gas,Poor,5.0,9,349,94,0
5181,Honda,Civic,2008,49794,1500.0,Automatic,Gas,Good,4.2,25,166,62,1
5182,BMW,X5,2023,136142,24837.88,Automatic,Gas,Good,3.1,18,565,60,0
5183,Honda,Civic,2017,56430,6670.97,Automatic,Gas,Excellent,4.1,19,533,77,0
5184,Honda,Civic,2011,98307,1500.0,Automatic,Gas,Good,3.4,26,404,84,0
5185,Hyundai,Elantra,2016,52301,5362.08,Automatic,Gas,Good,3.5,3,200,2,0
5186,Chevrolet,Malibu,2007,162754,1500.0,Automatic,Gas,Fair,4.5,33,217,89,0
5187,Ford,F-150,2013,39854,4720.06,Automatic,Hybrid,Good,4.3,11,317,108,0
5188,Hyundai,Elantra,2006,41419,1500.0,Automatic,Gas,Good,4.6,32,544,59,1
5189,Hyundai,Elantra,2013,149448,1500.0,Automatic,Gas,Excellent,4.0,16,443,107,1
5190,Chevrolet,Malibu,2016,45845,4207.66,Automatic,Diesel,Excellent,4.7,17,175,115,1
5191,Chevrolet,Malibu,2016,156473,4055.05,Automatic,Gas,Good,4.0,6,460,76,0
5192,Toyota,Camry,2019,102242,7237.71,Automatic,Gas,Good,4.9,27,274,25,1
5193,Chevrolet,Malibu,2006,54568,1500.0,Manual,Gas,Excellent,4.4,10,321,68,1
5194,BMW,X5,2022,20171,31455.79,Automatic,Gas,Excellent,4.1,27,545,42,0
5195,BMW,X5,2017,59184,10546.22,Manual,Gas,Fair,4.3,17,514,76,0
5196,Hyundai,Elantra,2018,63638,6674.78,Automatic,Gas,Excellent,4.2,32,563,71,0
5197,Nissan,Altima,2009,120611,1500.0,Automatic,Gas,Fair,5.0,24,396,55,1
5198,Toyota,Camry,2014,155292,1500.0,Manual,Diesel,Excellent,4.3,27,532,38,1
5199,Nissan,Altima,2016,39696,7185.85,Automatic,Gas,Excellent,4.2,6,312,104,1
5200,Nissan,Altima,2014,96829,4681.5,Automatic,Gas,Good,4.1,21,361,96,0
5201,Hyundai,Elantra,2015,94773,1500.0,Automatic,Gas,Good,4.7,5,351,43,0
5202,Mercedes,C-Class,2006,114010,1500.0,Automatic,Gas,Good,4.6,10,403,70,1
5203,Hyundai,Elantra,2009,80758,1500.0,Automatic,Diesel,Good,4.0,4,207,53,0
5204,Ford,F-150,2011,18666,1500.0,Manual,Gas,Excellent,3.5,30,366,91,1
5205,Ford,F-150,2010,54543,1500.0,Manual,Diesel,Good,3.7,24,617,99,0
5206,Chevrolet,Malibu,2007,29928,1500.0,Automatic,Gas,Good,4.1,27,236,21,1
5207,Chevrolet,Malibu,2017,53020,7266.69,Automatic,Diesel,Good,5.0,33,200,20,0
5208,Mercedes,C-Class,2007,107796,1500.0,Automatic,Gas,Fair,4.0,27,212,19,0
5209,Chevrolet,Malibu,2010,71904,1500.0,Manual,Gas,Good,3.8,10,799,33,0
5210,Ford,F-150,2015,119235,4859.83,Automatic,Gas,Good,3.1,10,469,63,0
5211,Nissan,Altima,2021,73500,9154.26,Automatic,Gas,Fair,5.0,19,359,68,1
5212,Hyundai,Elantra,2014,27474,1728.7,Automatic,Gas,Fair,4.5,18,410,60,1
5213,Honda,Civic,2016,13193,6669.1,Automatic,Hybrid,Good,4.7,18,434,19,1
5214,BMW,X5,2021,65465,25488.88,Automatic,Gas,Excellent,4.8,18,303,116,0
5215,Honda,Civic,2008,52661,1500.0,Manual,Gas,Fair,4.1,29,322,113,1
5216,Honda,Civic,2006,33317,1500.0,Automatic,Gas,Excellent,4.3,9,376,28,1
5217,Ford,F-150,2015,21582,8395.92,Manual,Gas,Excellent,5.0,32,291,22,1
5218,Honda,Civic,2011,38528,1500.0,Automatic,Hybrid,Good,4.3,17,340,51,0
5219,Hyundai,Elantra,2006,53279,1500.0,Automatic,Gas,Good,4.6,19,452,88,1
5220,Mercedes,C-Class,2022,89279,16318.31,Automatic,Gas,Fair,4.7,27,250,110,0
5221,Toyota,Camry,2008,67048,1500.0,Automatic,Gas,Good,4.6,5,791,63,1
5222,Chevrolet,Malibu,2012,157131,1500.0,Manual,Gas,Poor,4.1,3,512,62,0
5223,Toyota,Camry,2018,32165,8949.16,Automatic,Gas,Excellent,,10,209,94,1
5224,Nissan,Altima,2016,101583,4854.54,Automatic,Gas,Excellent,4.7,9,28,29,1
5225,Hyundai,Elantra,2022,61597,10583.45,Automatic,Gas,Good,4.7,20,296,74,0
5226,Hyundai,Elantra,2015,90835,1500.0,Automatic,Gas,Poor,4.9,32,502,117,0
5227,BMW,X5,2012,46078,1500.0,Manual,Gas,,4.5,25,473,32,1
5228,Hyundai,Elantra,2006,113892,1500.0,Automatic,Gas,Excellent,4.6,7,383,73,1
5229,Chevrolet,Malibu,2019,71477,12288.76,Automatic,Gas,Excellent,3.9,17,309,25,1
5230,Hyundai,Elantra,2013,39828,4370.34,Automatic,Gas,Excellent,3.9,9,264,16,0
5231,Honda,Civic,2023,59443,13840.32,Automatic,Gas,Good,4.7,12,339,15,0
5232,BMW,X5,2012,51858,3359.65,Automatic,Gas,Excellent,3.9,18,248,59,1
5233,Chevrolet,Malibu,2023,80298,11959.36,Automatic,Gas,Fair,4.2,30,340,48,0
5234,Mercedes,C-Class,2009,29499,1500.0,Automatic,Gas,Good,5.0,25,599,18,1
5235,Mercedes,C-Class,2015,58828,9035.26,Automatic,Hybrid,Good,4.9,4,284,117,0
5236,Mercedes,C-Class,2019,75900,18539.8,Manual,Gas,Excellent,4.4,20,491,23,1
5237,Mercedes,C-Class,2012,61072,1500.0,Automatic,Gas,Excellent,4.0,17,514,55,0
5238,Honda,Civic,2023,134344,11214.5,Automatic,Gas,Good,4.1,25,238,42,0
5239,Hyundai,Elantra,2012,95264,1500.0,Manual,Gas,Fair,4.7,21,273,3,0
5240,Toyota,Camry,2023,59606,14036.51,Automatic,Hybrid,Good,4.2,22,560,71,1
5241,Chevrolet,Malibu,2022,68187,12908.19,Manual,Hybrid,Fair,3.9,33,261,103,0
5242,Honda,Civic,2014,71496,2968.22,Manual,Gas,Fair,4.9,16,391,52,0
5243,Mercedes,C-Class,2011,76265,1500.0,Automatic,Gas,Excellent,4.3,25,705,11,1
5244,Nissan,Altima,2013,20022,2885.51,Automatic,Gas,Excellent,3.9,32,546,55,1
5245,Hyundai,Elantra,2005,49965,1500.0,Automatic,Gas,Good,4.5,4,412,88,0
5246,Toyota,Camry,2023,24571,18640.79,Automatic,Gas,Good,4.8,31,526,99,0
5247,Nissan,Altima,2009,128922,1500.0,Automatic,Diesel,Excellent,3.6,20,391,114,0
5248,BMW,X5,2023,57727,30041.37,Automatic,Gas,Good,4.1,11,552,25,0
5249,Nissan,Altima,2005,53316,1500.0,Automatic,Hybrid,Good,4.1,29,93,92,0
5250,BMW,X5,2019,102547,11313.96,Automatic,Hybrid,Fair,4.5,3,379,76,0
5251,BMW,X5,2020,77141,22002.72,Automatic,Hybrid,Excellent,4.6,18,87,87,1
5252,Mercedes,C-Class,2011,30418,1500.0,Manual,Gas,Excellent,3.9,14,424,81,1
5253,BMW,X5,2016,57380,10733.98,Automatic,Gas,Good,3.3,14,364,41,0
5254,Ford,F-150,2012,48966,4899.6,Automatic,Gas,Good,4.8,21,604,37,1
5255,Chevrolet,Malibu,2009,21021,1500.0,Manual,Gas,Good,3.5,12,506,82,1
5256,Chevrolet,Malibu,2014,39570,3728.58,Automatic,Gas,Fair,4.4,22,321,55,1
5257,Mercedes,C-Class,2009,53630,1500.0,Automatic,Gas,Fair,,7,339,9,0
5258,Ford,F-150,2021,55883,12780.56,Automatic,Gas,Good,4.3,33,457,109,0
5259,Nissan,Altima,2009,24603,1500.0,Automatic,Gas,Excellent,5.0,5,314,99,1
5260,Honda,Civic,2019,119491,6324.23,Automatic,Gas,Good,5.0,11,395,36,1
5261,Nissan,Altima,2017,56316,6895.57,Automatic,Gas,Good,3.2,23,597,57,1
5262,Hyundai,Elantra,2005,61238,1500.0,Automatic,Gas,Fair,4.8,25,275,63,1
5263,Honda,Civic,2015,76144,1500.0,Automatic,Gas,Poor,4.1,17,332,82,0
5264,BMW,X5,2005,37315,1500.0,Manual,Gas,Good,4.8,16,353,20,1
5265,Toyota,Camry,2015,78732,4515.51,Automatic,Hybrid,Good,4.8,13,873,85,0
5266,Honda,Civic,2022,48038,16238.08,Manual,Gas,Excellent,5.0,15,491,47,1
5267,Toyota,Camry,2022,34963,14285.9,Automatic,Gas,Excellent,4.4,9,569,20,1
5268,Chevrolet,Malibu,2020,84462,10290.12,Automatic,Gas,Excellent,3.7,29,515,119,1
5269,Toyota,Camry,2017,146532,8533.02,Manual,Gas,Excellent,4.8,27,525,6,1
5270,Chevrolet,Malibu,2011,92493,1500.0,Automatic,Gas,Good,4.3,4,471,73,1
5271,Ford,F-150,2005,104170,1500.0,Automatic,Hybrid,Good,4.1,5,454,107,0
5272,Ford,F-150,2020,43810,15720.93,Automatic,Hybrid,Good,3.9,22,182,93,0
5273,Mercedes,C-Class,2005,22958,1500.0,Automatic,Gas,Good,4.8,10,453,29,1
5274,Mercedes,C-Class,2021,146397,17788.62,Automatic,Gas,Good,5.0,3,383,77,0
5275,BMW,X5,2010,205398,1500.0,Automatic,Gas,Good,3.5,27,481,100,0
5276,Honda,Civic,2006,151098,1500.0,Automatic,Gas,Excellent,4.6,23,389,91,1
5277,BMW,X5,2021,48948,14922.48,Automatic,Gas,Poor,4.0,6,514,111,0
5278,Chevrolet,Malibu,2010,29948,1500.0,Automatic,Gas,Excellent,3.3,15,540,49,1
5279,BMW,X5,2018,31589,12921.39,Automatic,Gas,Fair,,26,0,108,0
5280,Toyota,Camry,2022,21802,13574.94,Manual,Gas,Good,,16,334,6,0
5281,Chevrolet,Malibu,2010,56138,1500.0,Automatic,Gas,Good,3.3,11,121,39,1
5282,Mercedes,C-Class,2014,156906,3836.49,Automatic,Gas,Excellent,3.7,5,435,32,1
5283,Ford,F-150,2022,54995,18752.53,Automatic,Gas,Excellent,3.6,16,354,49,1
5284,Mercedes,C-Class,2013,71782,2107.28,Automatic,Gas,,3.8,6,603,43,0
5285,Honda,Civic,2012,136674,1500.0,Automatic,Gas,Good,3.4,19,431,108,1
5286,Chevrolet,Malibu,2014,46983,3307.42,Automatic,Gas,Excellent,4.0,17,327,28,1
5287,Chevrolet,Malibu,2021,203072,8746.23,Automatic,Gas,Good,3.8,14,540,45,0
5288,Toyota,Camry,2010,197848,1500.0,Automatic,Gas,Excellent,4.4,16,352,65,0
5289,Honda,Civic,2018,55344,7718.92,Automatic,Gas,Good,4.6,21,325,50,1
5290,Ford,F-150,2010,42339,1500.0,Automatic,Gas,Fair,4.4,12,459,54,1
5291,Nissan,Altima,2011,90975,1500.0,Automatic,Gas,Fair,4.1,7,641,51,0
5292,Chevrolet,Malibu,2016,48605,5353.58,Automatic,Gas,Good,4.0,33,528,43,0
5293,Chevrolet,Malibu,2007,29913,1500.0,Automatic,Gas,Excellent,,31,485,64,1
5294,Toyota,Camry,2018,129151,7542.83,Automatic,Gas,Excellent,3.7,26,812,95,1
5295,BMW,X5,2023,124227,14958.83,Manual,Gas,Poor,4.6,34,290,30,0
5296,Hyundai,Elantra,2020,65729,10324.32,Manual,Gas,Excellent,3.1,32,286,118,1
5297,Ford,F-150,2011,28065,1880.84,Manual,Hybrid,Fair,4.2,19,421,82,0
5298,Mercedes,C-Class,2012,28632,1958.35,Automatic,Gas,Good,4.0,19,627,93,1
5299,Honda,Civic,2022,63852,6825.13,Automatic,Gas,Poor,4.6,5,258,42,0
5300,Chevrolet,Malibu,2017,44359,11108.29,Automatic,Gas,Good,3.3,18,663,38,1
5301,Chevrolet,Malibu,2013,48793,1500.0,Automatic,Gas,Good,4.2,27,184,87,1
5302,Mercedes,C-Class,2014,110544,5441.01,Automatic,Gas,Good,4.4,11,381,86,0
5303,Ford,F-150,2013,92958,2956.25,Automatic,Diesel,Poor,3.1,19,426,66,0
5304,Hyundai,Elantra,2019,136883,4758.41,Automatic,Gas,Poor,,22,267,69,0
5305,BMW,X5,2006,33045,1500.0,Automatic,Gas,Good,4.1,14,306,106,1
5306,Chevrolet,Malibu,2017,48731,7052.52,Manual,Gas,Fair,4.5,26,519,15,1
5307,Hyundai,Elantra,2006,94408,1500.0,Automatic,Gas,Good,4.3,4,616,61,0
5308,Ford,F-150,2023,78342,12512.91,Automatic,Diesel,Fair,4.5,34,82,96,0
5309,Mercedes,C-Class,2006,150155,1500.0,Automatic,Gas,Fair,3.6,22,427,110,0
5310,Toyota,Camry,2007,77058,1500.0,Manual,Gas,Good,3.2,18,383,6,0
5311,BMW,X5,2010,181473,1500.0,Automatic,Diesel,Good,4.3,25,416,78,0
5312,Honda,Civic,2007,82785,1500.0,Manual,Gas,Good,3.5,25,352,24,1
5313,Chevrolet,Malibu,2014,113244,1622.57,Automatic,Gas,Good,3.7,23,206,85,0
5314,Ford,F-150,2010,49310,3457.74,Automatic,Diesel,Fair,4.8,25,631,14,0
5315,Toyota,Camry,2020,60389,10150.26,Automatic,Gas,Good,4.3,8,573,12,1
5316,Honda,Civic,2021,103421,13013.56,Automatic,Gas,Excellent,3.9,4,384,55,1
5317,Nissan,Altima,2023,157595,11792.21,Manual,Gas,Good,3.8,11,326,68,0
5318,Ford,F-150,2007,92738,1500.0,Manual,Gas,Excellent,4.6,7,308,44,1
5319,Ford,F-150,2022,56959,15088.4,Automatic,Gas,Good,4.3,20,12,85,1
5320,Honda,Civic,2011,136817,2484.72,Automatic,Gas,,3.5,24,453,81,0
5321,Toyota,Camry,2013,16071,2511.48,Automatic,Hybrid,Good,3.0,28,517,93,1
5322,Nissan,Altima,2016,25505,4969.88,Manual,Hybrid,Fair,5.0,23,420,51,1
5323,Hyundai,Elantra,2009,90127,1500.0,Automatic,Diesel,Excellent,3.5,20,387,80,0
5324,Hyundai,Elantra,2007,60383,1500.0,Automatic,Gas,Fair,4.5,31,420,82,1
5325,Mercedes,C-Class,2015,86103,7722.39,Automatic,Hybrid,Good,5.0,12,272,38,1
5326,Toyota,Camry,2008,62233,1500.0,Automatic,Gas,Excellent,4.3,12,325,41,1
5327,BMW,X5,2009,84336,1500.0,Automatic,Gas,Good,3.8,25,375,115,0
5328,Chevrolet,Malibu,2005,36730,1500.0,Automatic,Gas,Poor,3.3,12,504,44,0
5329,Honda,Civic,2022,84313,12201.24,Automatic,Gas,Excellent,3.3,31,606,75,0
5330,Mercedes,C-Class,2016,108732,9140.64,Automatic,Gas,Good,4.4,20,365,96,1
5331,Nissan,Altima,2017,124533,1676.15,Automatic,Diesel,Fair,5.0,18,243,92,0
5332,Honda,Civic,2013,200412,3008.68,Automatic,Gas,Excellent,4.0,25,405,16,0
5333,Honda,Civic,2006,69317,1500.0,Automatic,Gas,Good,3.9,32,701,98,1
5334,Toyota,Camry,2009,70569,1500.0,Automatic,Gas,Good,4.6,8,256,50,1
5335,Chevrolet,Malibu,2017,24006,8487.95,Automatic,Hybrid,Good,3.8,14,532,94,1
5336,BMW,X5,2020,43527,22169.47,Manual,Gas,Good,4.4,30,600,38,0
5337,Hyundai,Elantra,2020,53324,11146.42,Automatic,Gas,Excellent,4.2,6,345,86,1
5338,Ford,F-150,2007,112441,1500.0,Manual,Gas,Fair,4.0,22,294,5,0
5339,Ford,F-150,2008,41497,1500.0,Manual,Gas,Excellent,4.2,18,486,9,0
5340,Honda,Civic,2015,96548,4871.57,Automatic,Hybrid,Good,5.0,30,452,77,0
5341,Hyundai,Elantra,2018,59815,8021.54,Automatic,Gas,Good,4.6,24,504,39,0
5342,Hyundai,Elantra,2007,53836,1500.0,Automatic,Gas,Good,4.9,27,711,87,1
5343,Chevrolet,Malibu,2020,69517,12199.24,Automatic,Gas,Good,3.6,28,425,27,0
5344,Nissan,Altima,2019,47349,5805.88,Automatic,Diesel,Fair,4.9,24,221,32,0
5345,Nissan,Altima,2014,46285,1500.0,Automatic,Gas,Fair,4.6,24,409,64,0
5346,Mercedes,C-Class,2013,21528,2911.26,Automatic,Gas,Fair,3.3,13,436,95,1
5347,Toyota,Camry,2015,51597,7309.47,Automatic,Gas,Good,4.5,3,590,33,0
5348,Chevrolet,Malibu,2020,44892,10402.41,Automatic,Gas,Fair,3.9,7,370,106,0
5349,Chevrolet,Malibu,2014,43932,3877.83,Manual,Hybrid,Fair,3.3,33,338,90,1
5350,Toyota,Camry,2021,76889,10065.11,Automatic,Hybrid,Good,,19,194,18,0
5351,Hyundai,Elantra,2023,88892,13153.74,Manual,Hybrid,Excellent,4.5,13,482,76,0
5352,Nissan,Altima,2006,68824,1500.0,Automatic,Hybrid,Excellent,4.3,16,902,67,1
5353,Nissan,Altima,2006,108798,1500.0,Automatic,Diesel,Good,4.1,11,366,5,0
5354,Hyundai,Elantra,2010,84570,1500.0,Manual,Gas,Fair,4.0,12,467,78,0
5355,Nissan,Altima,2023,50159,13940.98,Manual,Diesel,Good,5.0,6,317,59,1
5356,Honda,Civic,2012,45355,1500.0,Automatic,Gas,Good,3.5,4,207,111,0
5357,Chevrolet,Malibu,2007,72235,1500.0,Automatic,Gas,Excellent,4.7,27,465,76,1
5358,Ford,F-150,2018,84479,12002.13,Automatic,Gas,Excellent,4.2,8,404,4,0
5359,Toyota,Camry,2020,138511,10692.14,Automatic,Hybrid,Good,3.7,32,42,16,1
5360,Nissan,Altima,2005,122357,1500.0,Automatic,Gas,Poor,4.2,29,641,75,0
5361,Mercedes,C-Class,2007,43265,1500.0,Manual,Diesel,Good,3.4,31,462,100,1
5362,Nissan,Altima,2022,56319,8930.88,Automatic,Gas,Fair,3.8,28,411,102,1
5363,Nissan,Altima,2013,89555,1500.0,Automatic,Gas,Excellent,4.2,5,336,48,1
5364,BMW,X5,2010,113640,1500.0,Automatic,Gas,Good,3.3,15,460,66,0
5365,Honda,Civic,2005,105175,1500.0,Manual,Gas,Good,4.5,14,467,77,0
5366,Toyota,Camry,2014,57622,2403.18,Manual,Gas,Fair,3.6,20,460,8,1
5367,BMW,X5,2010,28214,1500.0,Automatic,Gas,Excellent,3.3,8,560,44,1
5368,BMW,X5,2016,32880,14319.28,Automatic,Diesel,Excellent,3.6,12,594,21,1
5369,Mercedes,C-Class,2008,70514,1500.0,Automatic,Gas,Excellent,5.0,8,700,26,0
5370,Chevrolet,Malibu,2017,73521,6111.31,Automatic,Gas,Fair,3.0,32,274,102,0
5371,Mercedes,C-Class,2021,30970,25039.92,Automatic,Gas,Excellent,4.5,30,313,35,1
5372,Chevrolet,Malibu,2012,61496,1500.0,Manual,Gas,Excellent,3.7,30,454,15,1
5373,Chevrolet,Malibu,2007,87442,1500.0,Manual,Gas,Good,4.0,27,283,40,0
5374,Toyota,Camry,2016,30009,6051.31,Automatic,Gas,Good,4.6,7,307,30,0
5375,Nissan,Altima,2011,116191,1500.0,Automatic,Gas,Fair,4.5,29,471,66,0
5376,Toyota,Camry,2016,47737,4901.74,Automatic,Gas,Fair,3.8,17,535,80,1
5377,Honda,Civic,2006,127333,1500.0,Automatic,Gas,Good,3.4,17,591,13,1
5378,Chevrolet,Malibu,2018,43474,8568.05,Automatic,Diesel,Fair,4.6,14,371,1,0
5379,BMW,X5,2009,32338,1500.0,Automatic,Gas,Good,4.5,11,469,43,1
5380,Nissan,Altima,2013,45484,2340.12,Automatic,Gas,Excellent,4.0,15,436,28,1
5381,Ford,F-150,2015,56551,4764.06,Automatic,Gas,Fair,4.5,18,402,1,1
5382,Honda,Civic,2009,47425,1500.0,Automatic,Gas,Good,3.9,23,277,40,0
5383,Toyota,Camry,2007,52596,1500.0,Automatic,Gas,Good,3.7,4,258,34,1
5384,Mercedes,C-Class,2021,73158,18267.35,Automatic,Gas,Good,4.2,19,500,13,1
5385,Honda,Civic,2006,54029,1500.0,Automatic,Gas,Good,4.5,11,275,61,1
5386,Honda,Civic,2005,57545,1500.0,Automatic,Gas,Excellent,4.4,28,133,117,1
5387,Nissan,Altima,2011,21471,1500.0,Automatic,Hybrid,Good,4.5,25,395,66,1
5388,Honda,Civic,2018,75736,3844.43,Automatic,Diesel,Fair,3.7,21,618,4,0
5389,Honda,Civic,2009,56753,1500.0,Automatic,Diesel,Good,5.0,33,0,89,1
5390,Ford,F-150,2023,157341,14701.22,Manual,Gas,Excellent,4.0,30,356,98,0
5391,Hyundai,Elantra,2015,34073,2027.52,Automatic,Gas,Poor,4.1,8,501,13,0
5392,Mercedes,C-Class,2006,20232,1500.0,Automatic,Gas,Excellent,3.4,28,126,36,1
5393,Mercedes,C-Class,2012,86754,1513.74,Automatic,Gas,Good,4.1,6,368,96,0
5394,Mercedes,C-Class,2013,73711,1666.34,Automatic,Gas,Excellent,4.5,32,229,61,0
5395,Chevrolet,Malibu,2007,32693,1500.0,Manual,Gas,Excellent,4.7,27,248,58,1
5396,BMW,X5,2006,23912,1500.0,Manual,Gas,Good,5.0,17,339,85,1
5397,Hyundai,Elantra,2011,150608,1500.0,Manual,Diesel,Good,4.5,20,231,90,0
5398,Mercedes,C-Class,2009,139869,1500.0,Automatic,Gas,Fair,4.4,32,219,15,0
5399,Honda,Civic,2009,13460,1500.0,Automatic,Gas,Poor,3.9,29,391,93,1
5400,Honda,Civic,2017,45481,2277.57,Automatic,Gas,Fair,3.8,14,734,90,0
5401,Mercedes,C-Class,2010,162513,1500.0,Automatic,Gas,Good,4.8,33,513,85,0
5402,Nissan,Altima,2022,44997,10955.89,Automatic,Gas,Good,4.8,14,551,12,0
5403,Mercedes,C-Class,2006,44606,1500.0,Manual,Gas,Fair,3.6,22,519,76,1
5404,Honda,Civic,2010,50531,1500.0,Manual,Gas,Good,,19,295,69,1
5405,Chevrolet,Malibu,2013,30560,1500.0,Automatic,Gas,Fair,4.6,9,446,61,0
5406,Toyota,Camry,2007,21528,1500.0,Automatic,Gas,Good,3.5,32,564,42,1
5407,Toyota,Camry,2005,112592,1500.0,Automatic,Gas,Good,4.5,22,524,90,0
5408,Hyundai,Elantra,2005,19815,1500.0,Automatic,Gas,Good,3.6,7,429,32,1
5409,Hyundai,Elantra,2023,69450,11472.49,Automatic,Gas,Good,2.7,33,478,2,1
5410,Mercedes,C-Class,2009,101920,1500.0,Manual,Gas,Good,4.1,14,769,8,1
5411,Ford,F-150,2017,25065,9135.3,Automatic,Diesel,Good,4.4,19,525,91,1
5412,Mercedes,C-Class,2023,34387,26840.45,Automatic,Gas,Good,4.1,4,352,101,1
5413,Nissan,Altima,2016,123983,3173.29,Automatic,Gas,Fair,5.0,30,388,54,0
5414,Mercedes,C-Class,2020,82432,10988.64,Automatic,Hybrid,Poor,4.4,6,241,8,0
5415,Hyundai,Elantra,2023,41341,16722.37,Manual,Diesel,Excellent,4.3,4,752,88,0
5416,Toyota,Camry,2007,123173,1500.0,Automatic,Hybrid,Excellent,4.5,16,640,13,0
5417,Honda,Civic,2016,123490,4867.56,Manual,Gas,Good,3.9,16,412,29,0
5418,Mercedes,C-Class,2009,70363,1500.0,Automatic,Gas,Good,4.8,34,727,13,1
5419,Honda,Civic,2006,34888,1500.0,Automatic,Gas,Excellent,4.4,15,494,58,1
5420,Honda,Civic,2011,46720,1500.0,Automatic,Gas,Good,4.4,19,335,63,0
5421,Ford,F-150,2017,71099,5383.62,Automatic,Hybrid,Fair,3.8,28,535,87,1
5422,Honda,Civic,2019,53468,6723.82,Automatic,Gas,Fair,3.3,19,459,47,0
5423,Toyota,Camry,2007,105174,1500.0,Automatic,Diesel,Good,3.9,24,525,79,0
5424,Chevrolet,Malibu,2009,23911,1500.0,Automatic,Gas,Good,4.4,20,194,88,0
5425,Chevrolet,Malibu,2012,24426,1500.0,Automatic,Gas,Good,3.9,5,278,107,0
5426,BMW,X5,2005,66737,1500.0,Manual,Hybrid,,4.4,23,623,87,1
5427,Nissan,Altima,2012,44581,1967.04,Manual,Gas,Good,4.1,18,653,74,0
5428,Mercedes,C-Class,2022,41100,28800.04,Automatic,Hybrid,Excellent,4.5,21,612,38,0
5429,Nissan,Altima,2020,20726,13045.46,Manual,Gas,Good,3.6,8,732,69,0
5430,Toyota,Camry,2022,60580,14274.57,Automatic,Gas,Good,4.3,25,486,69,1
5431,Honda,Civic,2016,58008,5327.12,Automatic,Gas,Good,3.8,28,476,95,1
5432,Chevrolet,Malibu,2017,88617,6754.64,Automatic,Hybrid,Good,3.3,8,263,40,1
5433,Nissan,Altima,2017,62401,7527.25,Manual,Gas,Good,4.1,20,312,1,1
5434,Toyota,Camry,2014,55294,3153.91,Automatic,Gas,Excellent,5.0,11,101,2,0
5435,Chevrolet,Malibu,2011,121321,1500.0,Automatic,Gas,Excellent,3.3,20,351,113,0
5436,Honda,Civic,2018,27242,9116.84,Automatic,Gas,Good,4.3,8,91,29,0
5437,Nissan,Altima,2020,82605,6284.26,Automatic,Gas,Excellent,4.7,11,562,7,1
5438,Chevrolet,Malibu,2019,21967,9749.93,Automatic,Gas,Excellent,5.0,27,458,93,0
5439,Mercedes,C-Class,2016,36206,12329.07,Automatic,Gas,Good,3.9,20,96,57,0
5440,Hyundai,Elantra,2013,28923,2025.8,Automatic,Gas,Fair,3.8,27,371,55,0
5441,Mercedes,C-Class,2012,95718,1500.0,Manual,Diesel,Good,3.5,18,695,73,0
5442,BMW,X5,2022,57569,21949.22,Automatic,Gas,Good,4.9,26,381,36,0
5443,BMW,X5,2022,59391,22905.07,Manual,Diesel,Fair,3.7,32,250,7,0
5444,Chevrolet,Malibu,2017,30821,7249.06,Automatic,Gas,Fair,4.0,25,132,92,0
5445,Hyundai,Elantra,2022,50020,13408.35,Automatic,Hybrid,Good,3.1,15,136,10,0
5446,Toyota,Camry,2019,37870,6535.31,Automatic,Gas,Fair,4.7,13,480,80,1
5447,Mercedes,C-Class,2008,75363,1500.0,Automatic,Gas,Good,4.9,10,334,74,0
5448,Toyota,Camry,2021,33035,10395.62,Manual,Diesel,Poor,4.7,28,347,39,0
5449,Hyundai,Elantra,2009,132969,1500.0,Automatic,Gas,,3.2,26,335,58,0
5450,Toyota,Camry,2020,21908,9489.37,Manual,Gas,Fair,4.6,19,378,90,1
5451,Hyundai,Elantra,2013,36904,1500.0,Automatic,Hybrid,Fair,3.2,11,215,98,0
5452,Chevrolet,Malibu,2014,163786,1500.0,Automatic,Gas,Good,4.2,8,447,98,0
5453,Toyota,Camry,2022,46116,12676.08,Automatic,Hybrid,Fair,4.3,3,186,40,0
5454,Mercedes,C-Class,2021,27202,23122.29,Automatic,Gas,Excellent,4.4,3,286,14,1
5455,Honda,Civic,2022,68284,14547.71,Automatic,Gas,Excellent,4.5,15,551,82,1
5456,BMW,X5,2011,45015,1500.0,Automatic,Gas,Good,4.2,9,456,1,1
5457,Honda,Civic,2008,36260,1500.0,Automatic,Gas,Fair,3.0,12,502,17,0
5458,Toyota,Camry,2009,31022,1500.0,Automatic,Gas,Good,4.5,20,722,49,0
5459,Honda,Civic,2020,315219,6461.74,Automatic,Gas,Good,4.3,8,391,86,0
5460,Mercedes,C-Class,2007,51486,1500.0,Manual,Gas,Good,3.7,15,403,101,1
5461,Mercedes,C-Class,2022,18857,29307.64,Automatic,Gas,Excellent,3.3,7,360,16,0
5462,Toyota,Camry,2018,146711,6633.79,Automatic,Gas,Good,5.0,23,333,7,1
5463,Chevrolet,Malibu,2019,86391,8932.81,Automatic,Diesel,Good,4.9,28,248,15,0
5464,Honda,Civic,2021,37802,7775.81,Automatic,Gas,Poor,4.6,17,412,115,0
5465,Chevrolet,Malibu,2005,34205,1500.0,Automatic,Gas,Excellent,3.8,14,453,21,1
5466,Chevrolet,Malibu,2021,89687,11684.84,Automatic,Hybrid,Good,2.7,24,461,66,1
5467,Hyundai,Elantra,2015,51629,5085.51,Automatic,Gas,Excellent,4.7,32,409,59,1
5468,Ford,F-150,2021,18852,18661.86,Automatic,Hybrid,Excellent,4.4,13,538,48,1
5469,Toyota,Camry,2018,174965,6680.88,Automatic,Gas,Good,4.0,34,404,89,1
5470,BMW,X5,2023,46147,31489.29,Automatic,Gas,Good,4.9,10,338,73,0
5471,Mercedes,C-Class,2011,146875,1500.0,Automatic,Gas,Excellent,4.7,7,260,84,0
5472,Mercedes,C-Class,2017,128934,11255.94,Automatic,Gas,Excellent,4.3,10,167,50,0
5473,Toyota,Camry,2022,32839,10851.54,Automatic,Diesel,Fair,4.2,7,619,10,0
5474,Hyundai,Elantra,2018,111292,4677.81,Automatic,Gas,Poor,4.2,12,295,52,0
5475,Nissan,Altima,2005,40503,1500.0,Automatic,Gas,Good,4.6,17,261,85,1
5476,Nissan,Altima,2011,19535,1500.0,Automatic,Gas,Good,3.7,8,337,68,0
5477,Nissan,Altima,2012,46408,1500.0,Automatic,Gas,Excellent,,26,358,30,0
5478,Hyundai,Elantra,2022,76007,8139.1,Manual,Gas,Fair,3.6,20,645,34,0
5479,BMW,X5,2013,45358,3943.37,Automatic,Gas,Good,5.0,25,350,94,1
5480,Mercedes,C-Class,2005,49800,1500.0,Automatic,Hybrid,Fair,4.5,5,795,78,1
5481,Toyota,Camry,2021,118912,8990.53,Automatic,Diesel,Excellent,3.8,11,409,86,1
5482,Hyundai,Elantra,2023,63824,13952.37,Automatic,Gas,Good,4.2,12,708,65,0
5483,Mercedes,C-Class,2010,36099,1500.0,Automatic,Gas,Good,3.7,9,534,60,0
5484,Chevrolet,Malibu,2007,91237,1500.0,Automatic,Gas,Excellent,5.0,33,454,8,0
5485,Honda,Civic,2009,67413,1500.0,Manual,Gas,Excellent,5.0,21,636,75,1
5486,Honda,Civic,2006,13187,1500.0,Automatic,Gas,Good,4.6,33,568,65,1
5487,Hyundai,Elantra,2008,77420,1500.0,Automatic,Gas,Good,5.0,26,495,69,0
5488,Mercedes,C-Class,2014,75742,7280.61,Automatic,Gas,Excellent,4.3,28,747,57,1
5489,Ford,F-150,2014,60601,3242.02,Manual,Hybrid,Good,4.7,4,325,45,1
5490,BMW,X5,2015,102234,8018.25,Automatic,Diesel,Excellent,4.9,28,250,49,0
5491,Nissan,Altima,2020,39997,10720.51,Automatic,Gas,Excellent,4.2,30,298,74,1
5492,BMW,X5,2021,73269,23220.11,Automatic,Gas,,4.2,10,662,119,0
5493,BMW,X5,2020,23384,21684.77,Automatic,Gas,Good,4.8,9,617,62,0
5494,Hyundai,Elantra,2011,76439,1500.0,Automatic,Gas,Good,4.6,30,321,39,1
5495,Chevrolet,Malibu,2020,193268,10929.65,Manual,Gas,Good,3.7,7,46,77,0
5496,BMW,X5,2007,32961,1500.0,Automatic,Gas,Good,2.9,6,369,21,1
5497,Honda,Civic,2020,37953,8939.03,Automatic,Diesel,Good,4.1,13,248,100,0
5498,Chevrolet,Malibu,2012,39104,1705.71,Automatic,Hybrid,Poor,2.9,28,325,53,0
5499,Toyota,Camry,2016,64731,5217.1,Automatic,Gas,Good,3.6,30,241,45,0
5500,BMW,X5,2007,31640,1500.0,Automatic,Gas,Good,3.7,32,158,97,0
